rel_path,bytes,sha256,s3_uri,layer,stage,month,deleted_at
unified/data/talabat_unified_202608.jsonl.ORIGINAL.bak,620110021,40c817faefa87c6f2d7e09b536249ff305d040364fa755c22e584fffa4c98cae,s3://rii-data-dump/talabat/gold/2026-08/unified/previous_versions/unified/data/talabat_unified_202608.jsonl.ORIGINAL.bak,gold,unified/previous_versions,2026-08,2026-09-23T18:09:46
unified/data/talabat_unified_202608.jsonl.pre_contactfix.bak,620039525,3b23db8ee73b51ff66d003d5bfed33cdad05633299f28265242dc115d4a6dd1e,s3://rii-data-dump/talabat/gold/2026-08/unified/previous_versions/unified/data/talabat_unified_202608.jsonl.pre_contactfix.bak,gold,unified/previous_versions,2026-08,2026-09-23T18:09:47
unified/data/talabat_unified_202608.jsonl,619561270,bcf41dd89b771fa202065ecc5a0015942b93b616d5fab30f61372d1ea2edb0ba,s3://rii-data-dump/talabat/gold/2026-08/unified/unified/data/talabat_unified_202608.jsonl,gold,unified,2026-08,2026-09-23T18:09:49
unified/data/talabat_unified_202608.jsonl.pre_areafix.bak,619560792,b736f88be814445a6b1a34c7766ed676a548bb7f7887f6c3fbc6acf4c5662b93,s3://rii-data-dump/talabat/gold/2026-08/unified/previous_versions/unified/data/talabat_unified_202608.jsonl.pre_areafix.bak,gold,unified/previous_versions,2026-08,2026-09-23T18:09:50
menu/data/snapshots/snapshot_20260619_111807.json,589762044,69583c6b5e02e097a14c679d1ed00c1da831423050932e236b5b1f72e0093495,s3://rii-data-dump/talabat/bronze/bronze/2026-06/03_menus_raw/menu/data/snapshots/snapshot_20260619_111807.json,bronze,03_menus_raw,2026-06,2026-09-23T18:09:51
menu/data/reports/delta_20260619_111807.json,589460408,b25eb206db13133816dad65949e01de8e4842a938fa7ab1addf1a06282af073f,s3://rii-data-dump/talabat/silver/2026-06/09_delta/menu/data/reports/delta_20260619_111807.json,silver,09_delta,2026-06,2026-09-23T18:09:53
menu_refresh/data/July_menu_update.json,556821886,aad5ef9d3b74b87df26c3745d998b4b7f29207e88a68c7022ae78b5ae505fad4,s3://rii-data-dump/talabat/gold/2026-07/exports/menu_refresh/data/July_menu_update.json,gold,exports,2026-07,2026-09-23T18:09:55
menu_refresh/data/export_july_flat.jsonl,489034132,2db7d068705953047edc56e8a72e3c1daf5ad53cedf44fce5a62efdb98775014,s3://rii-data-dump/talabat/silver/2026-07/09_delta/menu_refresh/data/export_july_flat.jsonl,silver,09_delta,2026-07,2026-09-23T18:09:56
menu_refresh/data/refresh_202609/scrape/menu_items.jsonl,474083693,22191cf2ccf186989331651f88f690881c72a07272e84ee7ca11191157c262ef,s3://rii-data-dump/talabat/bronze/bronze/2026-09/03_menus_raw/menu_refresh/data/refresh_202609/scrape/menu_items.jsonl,bronze,03_menus_raw,2026-09,2026-09-23T18:09:57
export/talabat_export.json.ORIGINAL.bak,388842905,3c2eb347de5ff7c8b4c04a2247c79296345def6af03f3fac99b7a40b7b766f86,s3://rii-data-dump/talabat/gold/2026-07/exports/export/talabat_export.json.ORIGINAL.bak,gold,exports,2026-07,2026-09-23T18:09:58
export/talabat_export.json.pre_contactfix.bak,388771835,c6857c020b27b94fe8f0fdfd899cbcc63392ef2664265d3bb36402413a2a5728,s3://rii-data-dump/talabat/gold/2026-07/exports/export/talabat_export.json.pre_contactfix.bak,gold,exports,2026-07,2026-09-23T18:09:59
menu_refresh/data/refresh_202609/baseline_202609.json,388675145,d4e731ac6606d913a14996c681c5ce6f84ef468206b8e01521eefafc603f90e5,s3://rii-data-dump/talabat/silver/2026-09/09_delta/menu_refresh/data/refresh_202609/baseline_202609.json,silver,09_delta,2026-09,2026-09-23T18:10:00
export/talabat_export.json,388293946,5b49d54913165b343e70e80c50ac662d0729f2e19bc0307f63fe1a16d7380996,s3://rii-data-dump/talabat/gold/2026-07/exports/export/talabat_export.json,gold,exports,2026-07,2026-09-23T18:10:00
export/talabat_export.json.pre_areafix.bak,388293398,9bba564f6cda01de1b50116420a12ed4382041272b88c28946ec1eed5def2246,s3://rii-data-dump/talabat/gold/2026-07/exports/export/talabat_export.json.pre_areafix.bak,gold,exports,2026-07,2026-09-23T18:10:01
menu_refresh/data/scrape/menu_items.jsonl,333999644,8b9686e4ff8ff85ef6d48d9b1e3f5799842388feef880fcfa51d9c39e2213ac7,s3://rii-data-dump/talabat/silver/2026-08/09_delta/menu_refresh/data/scrape/menu_items.jsonl,silver,09_delta,2026-08,2026-09-23T18:10:02
menu/data/snapshots/snapshot_20260618_142446.json,328832673,ddb9ca8ff8a1cc461bd093aad4439c51a72bc21edabca3bb8745bad9c8e65d5e,s3://rii-data-dump/talabat/bronze/bronze/2026-06/03_menus_raw/menu/data/snapshots/snapshot_20260618_142446.json,bronze,03_menus_raw,2026-06,2026-09-23T18:10:03
menu/data/reports/delta_20260618_142446.json,328811215,2c9e4ee88c5b30459894ca8c0f233cda05cb3bcf21321ee0b0e78099b6f4a086,s3://rii-data-dump/talabat/silver/2026-06/09_delta/menu/data/reports/delta_20260618_142446.json,silver,09_delta,2026-06,2026-09-23T18:10:03
August_menu/data/menu_items_FINAL_reviewed.jsonl,325138091,6c931d2e14a9ee84caaf4ff5a283933c42a0f200a6133d5d0fb6f1850f569100,s3://rii-data-dump/talabat/silver/2026-08/03_std_terms/August_menu/data/menu_items_FINAL_reviewed.jsonl,silver,03_std_terms,2026-08,2026-09-23T18:10:04
August_menu/data/menu_items_with_std_terms.jsonl,278424902,9e8ad5d499e34f8249d8ae769df8f7f69ca62a9ab153c7c19bd29fc52ab78574,s3://rii-data-dump/talabat/silver/2026-08/03_std_terms/August_menu/data/menu_items_with_std_terms.jsonl,silver,03_std_terms,2026-08,2026-09-23T18:10:04
August_menu/data/August_export.json.ORIGINAL.bak,257818822,b8a0921a2b533e64dd7cfefab1de1df0d67f984863d038b007c9459752a7a110,s3://rii-data-dump/talabat/gold/2026-08/exports/previous_versions/August_menu/data/August_export.json.ORIGINAL.bak,gold,exports/previous_versions,2026-08,2026-09-23T18:10:05
August_menu/data/August_export.json.pre_contactfix.bak,257818099,4253ab0f84857586c5a647387b0248ef140c39754a2d064e9a1500097ef895de,s3://rii-data-dump/talabat/gold/2026-08/exports/previous_versions/August_menu/data/August_export.json.pre_contactfix.bak,gold,exports/previous_versions,2026-08,2026-09-23T18:10:05
August_menu/data/August_export.json.pre_areafix.bak,257817803,bce313faa940c30238df4368a3f1e9bd241acfa2645768926d925ca38c09a9e2,s3://rii-data-dump/talabat/gold/2026-08/exports/previous_versions/August_menu/data/August_export.json.pre_areafix.bak,gold,exports/previous_versions,2026-08,2026-09-23T18:10:06
August_menu/data/August_export.json,257817733,9d4a2b2c0f7b4b6219fb3fd3d9366233d256700b1134301b806f0da878cdc25c,s3://rii-data-dump/talabat/gold/2026-08/exports/August_menu/data/August_export.json,gold,exports,2026-08,2026-09-23T18:10:07
menu_refresh/data/baseline_june.json,250340196,4f231a3967f3a9add2f715a0baaeb31407d104ab0889dfe960054671c6198c57,s3://rii-data-dump/talabat/silver/2026-06/09_delta/menu_refresh/data/baseline_june.json,silver,09_delta,2026-06,2026-09-23T18:10:07
images/data/images_confirmed.jsonl,223858298,9bcc67ce9ae48df30f6c146311add033b4b38b61218b375eee905f1fb78a78b7,s3://rii-data-dump/talabat/bronze/bronze/2026-07/05_images_raw/images/data/images_confirmed.jsonl,bronze,05_images_raw,2026-07,2026-09-23T18:10:08
menu/data/exports/talabat_enriched_20260618_195219.csv,162683336,103550f78e4cc455b2a7eb4033e2fd098b2e025e12bafd2dbf81381f87ca0758,s3://rii-data-dump/talabat/gold/2026-06/exports/menu/data/exports/talabat_enriched_20260618_195219.csv,gold,exports,2026-06,2026-09-23T18:10:08
menu/data/exports/talabat_full_20260618_180801.csv,161012114,a56482e8924c20441b6bf9fcce66193f7e6f833d0ca8cbf89f423ebf3dac2811,s3://rii-data-dump/talabat/gold/2026-06/exports/menu/data/exports/talabat_full_20260618_180801.csv,gold,exports,2026-06,2026-09-23T18:10:08
August_menu/data/menu_items_clean.jsonl,155485537,6126e5362da11e38414df48be401d7ee3a04d4495a634f406341f47ae066ad96,s3://rii-data-dump/talabat/silver/2026-08/02_sanitize/August_menu/data/menu_items_clean.jsonl,silver,02_sanitize,2026-08,2026-09-23T18:10:09
August_menu/data/menu_items_final.jsonl,155158015,ee749c60887de1de0b7fc69201780039d97c7a99a896501572a5fecb69d7f029,s3://rii-data-dump/talabat/silver/2026-08/02_sanitize/August_menu/data/menu_items_final.jsonl,silver,02_sanitize,2026-08,2026-09-23T18:10:09
menu_refresh/data/menu_deltas.jsonl,155115328,1f7896581bd7ade591f27df6d476b66b899f38cb46a0521d172467f51df551d8,s3://rii-data-dump/talabat/silver/2026-08/09_delta/menu_refresh/data/menu_deltas.jsonl,silver,09_delta,2026-08,2026-09-23T18:10:09
August_menu/data/menu_items_shipped.jsonl,153240123,2bd30dae4b78d91ec5a26af215b4b462b872e03c0780ef30aefec25ff5e708ce,s3://rii-data-dump/talabat/silver/2026-08/02_sanitize/August_menu/data/menu_items_shipped.jsonl,silver,02_sanitize,2026-08,2026-09-23T18:10:10
menu/data/exports/talabat_full_20260618_174111.csv,150241650,f143cc20d16a08801ed59bdf0204a789bdc456e58949d00893aa5a814cef8c18,s3://rii-data-dump/talabat/gold/2026-06/exports/menu/data/exports/talabat_full_20260618_174111.csv,gold,exports,2026-06,2026-09-23T18:10:10
August_menu/data/menu_items.jsonl,142876922,55b767660f535dc273c28ceed75e61d16daaa975d76465cc16a07c43cd61e4ba,s3://rii-data-dump/talabat/bronze/bronze/2026-08/03_menus_raw/August_menu/data/menu_items.jsonl,bronze,03_menus_raw,2026-08,2026-09-23T18:10:10
menu/data/baseline/baseline.json,137210630,da2176cd877326a43c50472c9c6c16fd37789db8dc1e755e76b16b2125ac660a,s3://rii-data-dump/talabat/silver/2026-06/09_delta/menu/data/baseline/baseline.json,silver,09_delta,2026-06,2026-09-23T18:10:11
export/mnc_brands_preview.json,119121325,da57998724f958a720ea567e9538d6fb41f8fed29c6a33b980c03957556ae233,s3://rii-data-dump/talabat/gold/2026-07/exports/export/mnc_brands_preview.json,gold,exports,2026-07,2026-09-23T18:10:11
menu_refresh/data/refresh_202609/menu_deltas_202609.jsonl,117396332,1088fcaed7a2d4c2223db6e2aff571cb439a14187e0e551aaf2e74d09206df43,s3://rii-data-dump/talabat/silver/2026-09/09_delta/menu_refresh/data/refresh_202609/menu_deltas_202609.jsonl,silver,09_delta,2026-09,2026-09-23T18:10:11
menu/classification/output_menu_classified_fixed.json,99261389,3470f4e989ff2b39e03d6945fab124febaaf84eeef62562af5b375e43d0b4c6a,s3://rii-data-dump/talabat/silver/2026-06/03_std_terms/menu/classification/output_menu_classified_fixed.json,silver,03_std_terms,2026-06,2026-09-23T18:10:11
menu/classification/output_menu_classified.json,97994693,7cd77861179ab0cd029cfd111b970645ee7e94ca96ce4f25ca3efbb2ae74b31e,s3://rii-data-dump/talabat/silver/2026-06/03_std_terms/menu/classification/output_menu_classified.json,silver,03_std_terms,2026-06,2026-09-23T18:10:11
menu_refresh/data/std_term_mapping_consistent.json,86170127,8fef3748d473ec04a3b8e528dc9bfe697d73cbec248949c8c85599d36226d6e1,s3://rii-data-dump/talabat/silver/2026-08/03_std_terms/menu_refresh/data/std_term_mapping_consistent.json,silver,03_std_terms,2026-08,2026-09-23T18:10:12
menu_refresh/data/std_term_mapping_reviewed.json,86057109,90f3dd513496c6f2f5aebd84e56d9846538203cf9be4a4e67aafaa0d5745d6a9,s3://rii-data-dump/talabat/silver/2026-08/03_std_terms/menu_refresh/data/std_term_mapping_reviewed.json,silver,03_std_terms,2026-08,2026-09-23T18:10:12
menu_refresh/data/std_term_mapping_august.json,85056985,71483c6f9e872d1e600b5bb143df23f24e08e1a85e7afbcfb93d8b836c69f7be,s3://rii-data-dump/talabat/silver/2026-08/03_std_terms/menu_refresh/data/std_term_mapping_august.json,silver,03_std_terms,2026-08,2026-09-23T18:10:12
menu/talabat_menu_analysis.xlsx,79589311,3f1d4b93ec52915f260478456859dffcc3661e9aebf27d84d95c559d1d996028,s3://rii-data-dump/talabat/silver/2026-06/03_std_terms/review/menu/talabat_menu_analysis.xlsx,silver,03_std_terms/review,2026-06,2026-09-23T18:10:12
september/data/prior_item_labels.json,76571279,85352219373b5f1f3ef3826559c7aa4aa05497ec4fc2915f80df0aa1bcdd48eb,s3://rii-data-dump/talabat/silver/2026-09/05_classification/september/data/prior_item_labels.json,silver,05_classification,2026-09,2026-09-23T18:10:12
menu_refresh/data/refresh_202609/stdterm/prior_item_labels.json,76571279,85352219373b5f1f3ef3826559c7aa4aa05497ec4fc2915f80df0aa1bcdd48eb,s3://rii-data-dump/talabat/silver/2026-09/03_std_terms/menu_refresh/data/refresh_202609/stdterm/prior_item_labels.json,silver,03_std_terms,2026-09,2026-09-23T18:10:13
August_menu/data/std_term_mapping.json,63259199,32b38bf5a3ec92fb20376f9dfd7344dc63f696144048ab5a00ad3450e33bdc51,s3://rii-data-dump/talabat/silver/2026-08/03_std_terms/August_menu/data/std_term_mapping.json,silver,03_std_terms,2026-08,2026-09-23T18:10:13
menu_refresh/data/refresh_202609/newitems/menu_items_clean.jsonl,62007688,cbc71e3a0ee134c69e29a08c12988f03e4334e69fe53ba5a8b6f3b1feb56c7aa,s3://rii-data-dump/talabat/silver/2026-09/02_sanitize/menu_refresh/data/refresh_202609/newitems/menu_items_clean.jsonl,silver,02_sanitize,2026-09,2026-09-23T18:10:13
menu_refresh/data/refresh_202609/newitems/menu_items_final.jsonl,61851655,0b44c120317a548e959e686c3383317233719e86b700e5e31e8eb3acff852dd3,s3://rii-data-dump/talabat/silver/2026-09/02_sanitize/menu_refresh/data/refresh_202609/newitems/menu_items_final.jsonl,silver,02_sanitize,2026-09,2026-09-23T18:10:13
menu_refresh/data/refresh_202609/newitems/menu_items.jsonl,58826931,44388d5aec382d5881a97acd18b2a5e4ec63da42b80dfc3b9648b01c0322fa53,s3://rii-data-dump/talabat/bronze/bronze/2026-09/03_menus_raw/menu_refresh/data/refresh_202609/newitems/menu_items.jsonl,bronze,03_menus_raw,2026-09,2026-09-23T18:10:13
menu_refresh/data/refresh_202609/stdterm/menu_items_final.jsonl,54130916,4608c5192ecac1cbd0f553cfbc2d96b591a1d601002290cc70702a4bd2cc640b,s3://rii-data-dump/talabat/silver/2026-09/02_sanitize/menu_refresh/data/refresh_202609/stdterm/menu_items_final.jsonl,silver,02_sanitize,2026-09,2026-09-23T18:10:13
menu/data/exports/talabat_enriched_20260618_195219.xlsx,52253969,64377ded2fac4af4307cff8e3db3d226bc3e8b19e75799dce24dc61b385c79e3,s3://rii-data-dump/talabat/gold/2026-06/exports/menu/data/exports/talabat_enriched_20260618_195219.xlsx,gold,exports,2026-06,2026-09-23T18:10:13
August_menu/AUGUST_menu_items_FINALIZED_with_ingredients_v2.ndjson,50651979,33e41629f66d66a23c54c665abaa90d2c589a8bf961c21bcf53209c8a76eca1d,s3://rii-data-dump/talabat/silver/2026-08/04_ingredients/August_menu/AUGUST_menu_items_FINALIZED_with_ingredients_v2.ndjson,silver,04_ingredients,2026-08,2026-09-23T18:10:14
Data_menus.xlsx,48735829,b2bf6dcc7026f51932584406d3fa9a260eff4a00f97de0d462abb9c8f68dcf58,s3://rii-data-dump/talabat/silver/_cross_month/00_working_files/Data_menus.xlsx,silver,00_working_files,_cross_month,2026-09-23T18:10:14
menu_refresh/data/refresh_202609/stdterm/menu_items_with_std_terms.jsonl,43885826,994aced85350d2a0373e3dc2b3bcc59845b462abea59f93d0f3724f2bd83b6b5,s3://rii-data-dump/talabat/silver/2026-09/03_std_terms/menu_refresh/data/refresh_202609/stdterm/menu_items_with_std_terms.jsonl,silver,03_std_terms,2026-09,2026-09-23T18:10:14
menu/data/exports/talabat_full_20260618_182042.xlsx,38248600,6a13ccb22257a6eacb2a34a36244c93a5f8f2b8b89b7fd0ee00d85120f176766,s3://rii-data-dump/talabat/gold/2026-06/exports/menu/data/exports/talabat_full_20260618_182042.xlsx,gold,exports,2026-06,2026-09-23T18:10:14
september/data/menus/menu_items_final.jsonl,37913454,988ccebd3b8dbbd15f17a6a3f6316147ac2922ec21c0773c145cc6385cd70220,s3://rii-data-dump/talabat/silver/2026-09/02_sanitize/september/data/menus/menu_items_final.jsonl,silver,02_sanitize,2026-09,2026-09-23T18:10:14
september/data/menus/menu_items_final.jsonl.pre_casingfix.bak,37908306,59c54712ee3bfa53b10508af29d2ec5a0627d54b8dcda743518980a8e266abc1,s3://rii-data-dump/talabat/silver/2026-09/02_sanitize/september/data/menus/menu_items_final.jsonl.pre_casingfix.bak,silver,02_sanitize,2026-09,2026-09-23T18:10:14
september/data/menus/menu_items_with_std_terms.jsonl,37465067,c63c05d421d708c0040852cba67d0bb41d4cc0b61d5feb08720cf6bd7d4e6ba4,s3://rii-data-dump/talabat/silver/2026-09/02_sanitize/september/data/menus/menu_items_with_std_terms.jsonl,silver,02_sanitize,2026-09,2026-09-23T18:10:14
september/data/menus/menu_items_conformed.jsonl,37169372,436d9ec671ebd69af35de3e3e576afcba347e881be7e48eeba1144d3cdfecd3b,s3://rii-data-dump/talabat/silver/2026-09/02_sanitize/september/data/menus/menu_items_conformed.jsonl,silver,02_sanitize,2026-09,2026-09-23T18:10:14
ingredients/Restaurant_Menu_With_Ingredients_Final_v1.xlsx,34786463,065fea79403ec7b6cdcf7c2ce4fe9c9642ad4ef9aeac167a638f7516158bb9f3,s3://rii-data-dump/talabat/silver/_cross_month/04_ingredients/ingredients/Restaurant_Menu_With_Ingredients_Final_v1.xlsx,silver,04_ingredients,_cross_month,2026-09-23T18:10:14
menu_refresh/data/new_mappings_review.ndjson,33004870,a67168a76cca4ce34a3a6b9563cc7ceeae23fb1c5f84133e7dad6202e0e677e8,s3://rii-data-dump/talabat/silver/2026-08/09_delta/menu_refresh/data/new_mappings_review.ndjson,silver,09_delta,2026-08,2026-09-23T18:10:14
september/data/September_export.json.pre_area.bak,32269820,1f81a60ff3f66fa8be77d74a42bb6d8b63b91861c697659261107bf37d6f7433,s3://rii-data-dump/talabat/gold/2026-09/exports/previous_versions/september/data/September_export.json.pre_area.bak,gold,exports/previous_versions,2026-09,2026-09-23T18:10:15
menu/std_term_mapping_unique.csv,31139619,313e3714e258c2ffbcb8c51d5a58fc301e1da73a3da2ed6254a2a78813ca32e5,s3://rii-data-dump/talabat/silver/2026-06/03_std_terms/review/menu/std_term_mapping_unique.csv,silver,03_std_terms/review,2026-06,2026-09-23T18:10:15
Google_Place/apify/brands/all_local_brands/output/raw/dataset_FINAL_merged_all_10groups.json,30284262,46eff9ea1d8dcbb706d9451fc727aa3e472411d4c7edcb82c8dfe19e30951667,s3://rii-data-dump/talabat/bronze/bronze/_cross_month/04_enrichment_raw/Google_Place/apify/brands/all_local_brands/output/raw/dataset_FINAL_merged_all_10groups.json,bronze,04_enrichment_raw,_cross_month,2026-09-23T18:10:15
menu/Restaurant_Menu_Reclassified_v1.xlsx,28910595,e366cb230f9a260970a528f6c39b9a12f6ff37ba74882cc0bd26d8702a08ae75,s3://rii-data-dump/talabat/silver/2026-06/03_std_terms/review/menu/Restaurant_Menu_Reclassified_v1.xlsx,silver,03_std_terms/review,2026-06,2026-09-23T18:10:15
menu/Restaurant_Menu_With_Ingredients (2).xlsx,28841580,6a00f3c17391a14090fd68272af30b71110c8d8e936977ee354afd0362bb1912,s3://rii-data-dump/talabat/silver/2026-06/03_std_terms/review/menu/Restaurant_Menu_With_Ingredients (2).xlsx,silver,03_std_terms/review,2026-06,2026-09-23T18:10:15
menu/data/exports/talabat_full_20260618_180801.xlsx,28403169,592875854d2fbbdc3a793bf196295602b1d1f2348b1564e35c79d9d67b1d5b77,s3://rii-data-dump/talabat/gold/2026-06/exports/menu/data/exports/talabat_full_20260618_180801.xlsx,gold,exports,2026-06,2026-09-23T18:10:15
August_menu/data/std_term_needs_review.json,26252926,139abff31c29fef21c5d46bb9dde8241d3e86972e7747df487a219062b6670c1,s3://rii-data-dump/talabat/silver/2026-08/03_std_terms/August_menu/data/std_term_needs_review.json,silver,03_std_terms,2026-08,2026-09-23T18:10:15
menu/classification/output_menu_classified_fixed.xlsx,25430431,0219d3ff1f5581248cdaea5b627c78468faa20ca3217176fb489703b99b389e2,s3://rii-data-dump/talabat/silver/2026-06/03_std_terms/menu/classification/output_menu_classified_fixed.xlsx,silver,03_std_terms,2026-06,2026-09-23T18:10:15
Google_Place/apify/brands/uae_main_batch_14/output/raw/dataset_20260704_132408_merged_all.json,24131756,1d0fcc5112053860bdb95525dfdcbb25ef690f8fc5f5521898e546e79139d796,s3://rii-data-dump/talabat/bronze/bronze/2026-07/04_enrichment_raw/Google_Place/apify/brands/uae_main_batch_14/output/raw/dataset_20260704_132408_merged_all.json,bronze,04_enrichment_raw,2026-07,2026-09-23T18:10:15
Google_Place/apify/brands/uae_main_batch_11/output/raw/dataset_20260704_110722_merged_all.json,24010462,abb3f84b6d798d3346a378f3afbebccd3cc3bb053634a02c8f4b58685d074fbf,s3://rii-data-dump/talabat/bronze/bronze/2026-07/04_enrichment_raw/Google_Place/apify/brands/uae_main_batch_11/output/raw/dataset_20260704_110722_merged_all.json,bronze,04_enrichment_raw,2026-07,2026-09-23T18:10:15
Google_Place/apify/brands/uae_main_batch_13/output/raw/dataset_20260704_125602_merged_all.json,23918971,fe1a6d90c12c80c6b06081d7925bf70015cbaee38c11da082f5aadbc604796a5,s3://rii-data-dump/talabat/bronze/bronze/2026-07/04_enrichment_raw/Google_Place/apify/brands/uae_main_batch_13/output/raw/dataset_20260704_125602_merged_all.json,bronze,04_enrichment_raw,2026-07,2026-09-23T18:10:15
menu/classification/Complete_Menu.xlsx,23893576,0f758c179735f8b30c645f57f491fa89a015102f3248a0b8ad8989a91d181f8c,s3://rii-data-dump/talabat/silver/2026-06/03_std_terms/menu/classification/Complete_Menu.xlsx,silver,03_std_terms,2026-06,2026-09-23T18:10:15
Google_Place/apify/brands/uae_main_batch_08/output/raw/dataset_20260703_160602_merged_all.json,23615993,db77947f0ee9d9edb755463135dc3a5bb3ab9d6168486ad255b2e9e88d2d8779,s3://rii-data-dump/talabat/bronze/bronze/2026-07/04_enrichment_raw/Google_Place/apify/brands/uae_main_batch_08/output/raw/dataset_20260703_160602_merged_all.json,bronze,04_enrichment_raw,2026-07,2026-09-23T18:10:15
Google_Place/apify/brands/uae_main_batch_06/output/raw/dataset_20260703_143958_merged_all.json,23365252,3722a0f7a0c04754f644c359eb9866a6a9ed528af772eaf4dc52527070898c16,s3://rii-data-dump/talabat/bronze/bronze/2026-07/04_enrichment_raw/Google_Place/apify/brands/uae_main_batch_06/output/raw/dataset_20260703_143958_merged_all.json,bronze,04_enrichment_raw,2026-07,2026-09-23T18:10:16
menu/classification/output_menu_classified.xlsx,23010072,c79233507ae68e8eef5d13fc7b6c739c1b1dcdd2a409b34cfa43ca1c0ca29675,s3://rii-data-dump/talabat/silver/2026-06/03_std_terms/menu/classification/output_menu_classified.xlsx,silver,03_std_terms,2026-06,2026-09-23T18:10:16
Google_Place/apify/brands/uae_main_batch_10/output/raw/dataset_20260703_203355_merged_all.json,22921891,746b69f5aea96b22518bf699855e6eeb5d454ca1d8b7a406a8b34f368debac80,s3://rii-data-dump/talabat/bronze/bronze/2026-07/04_enrichment_raw/Google_Place/apify/brands/uae_main_batch_10/output/raw/dataset_20260703_203355_merged_all.json,bronze,04_enrichment_raw,2026-07,2026-09-23T18:10:16
Google_Place/apify/brands/uae_main_batch_09/output/raw/dataset_20260703_163755_merged_all.json,22886212,18206ea6ac297f767e78406d9df41df2d93728061a61d8798471ac8638fb1cdd,s3://rii-data-dump/talabat/bronze/bronze/2026-07/04_enrichment_raw/Google_Place/apify/brands/uae_main_batch_09/output/raw/dataset_20260703_163755_merged_all.json,bronze,04_enrichment_raw,2026-07,2026-09-23T18:10:16
Google_Place/apify/brands/uae_main_batch_07/output/raw/dataset_20260703_152920_merged_all.json,22815622,733d94730830757fa9672428010f5d0f4fa9f0f6aac02e8216d9c11b83d0bf44,s3://rii-data-dump/talabat/bronze/bronze/2026-07/04_enrichment_raw/Google_Place/apify/brands/uae_main_batch_07/output/raw/dataset_20260703_152920_merged_all.json,bronze,04_enrichment_raw,2026-07,2026-09-23T18:10:16
Google_Place/apify/brands/uae_main_batch_04/output/raw/dataset_20260703_133122_merged_all.json,22800725,9190ac3ddd72a45d86b389b435567c67189f64b7e0ffdfb3e1453615b981aed7,s3://rii-data-dump/talabat/bronze/bronze/2026-07/04_enrichment_raw/Google_Place/apify/brands/uae_main_batch_04/output/raw/dataset_20260703_133122_merged_all.json,bronze,04_enrichment_raw,2026-07,2026-09-23T18:10:16
Google_Place/apify/brands/uae_main_batch_12/output/raw/dataset_20260704_113234_merged_all.json,22665415,90e2b781ba4c884ce9c39878c7a04037567eb7791202cdad06905e1ca53fe150,s3://rii-data-dump/talabat/bronze/bronze/2026-07/04_enrichment_raw/Google_Place/apify/brands/uae_main_batch_12/output/raw/dataset_20260704_113234_merged_all.json,bronze,04_enrichment_raw,2026-07,2026-09-23T18:10:16
Google_Place/apify/brands/uae_main_batch_05/output/raw/dataset_20260703_141846_merged_all.json,22561675,f48a86f08982fbb37307ae9351ace614a314c0d8170c74ba9af04356cbd0512c,s3://rii-data-dump/talabat/bronze/bronze/2026-07/04_enrichment_raw/Google_Place/apify/brands/uae_main_batch_05/output/raw/dataset_20260703_141846_merged_all.json,bronze,04_enrichment_raw,2026-07,2026-09-23T18:10:16
Google_Place/apify/brands/uae_main_batch_01/output/raw/dataset_20260702_213812_merged_all.json,22343398,71db97ed1e3de5dc613244295397f6e5200998a196669acf95bfa42c0318849c,s3://rii-data-dump/talabat/bronze/bronze/2026-07/04_enrichment_raw/Google_Place/apify/brands/uae_main_batch_01/output/raw/dataset_20260702_213812_merged_all.json,bronze,04_enrichment_raw,2026-07,2026-09-23T18:10:16
september/data/menus/menu_items_clean.jsonl,20704262,942befa33de3b3197ca7dff84f38210d6d1ab6405b75eb309d3098ed6bad46f5,s3://rii-data-dump/talabat/silver/2026-09/02_sanitize/september/data/menus/menu_items_clean.jsonl,silver,02_sanitize,2026-09,2026-09-23T18:10:16
september/data/menus/menu_items_shipped.jsonl,20560572,e92807379d93a9495136ae4604b5a5e9bf9316b28c3a97eb714639a5f7a5dde0,s3://rii-data-dump/talabat/silver/2026-09/02_sanitize/september/data/menus/menu_items_shipped.jsonl,silver,02_sanitize,2026-09,2026-09-23T18:10:16
menu_refresh/data/refresh_202609/stdterm/menu_items_shipped.jsonl,20090020,9b22b61193e17cc7487aaf2fc41d943b4435c39f02d40497554adf1bab4245e3,s3://rii-data-dump/talabat/silver/2026-09/02_sanitize/menu_refresh/data/refresh_202609/stdterm/menu_items_shipped.jsonl,silver,02_sanitize,2026-09,2026-09-23T18:10:16
september/data/menus/menu_items.jsonl,19339823,161cde9f5a62a6c38ff7591dd82a01ff2a8e98fb77dcd98ec79987b9a691cc52,s3://rii-data-dump/talabat/bronze/bronze/2026-09/03_menus_raw/september/data/menus/menu_items.jsonl,bronze,03_menus_raw,2026-09,2026-09-23T18:10:17
menu/Dubai_knwl.csv,19326328,51ac8e71272914b008ea2df70240f5866c86708e6f7b4fc6e3c73b259d43c365,s3://rii-data-dump/talabat/silver/2026-06/03_std_terms/review/menu/Dubai_knwl.csv,silver,03_std_terms/review,2026-06,2026-09-23T18:10:17
menu_refresh/data/refresh_202609/stdterm/new_mappings_review.ndjson,18664745,595a0e3c2a499e33bd5b0820d6024f8735e949f73fa1b5132da612b2477b3dc6,s3://rii-data-dump/talabat/silver/2026-09/03_std_terms/menu_refresh/data/refresh_202609/stdterm/new_mappings_review.ndjson,silver,03_std_terms,2026-09,2026-09-23T18:10:17
menu_refresh/data/refresh_202609/stdterm/std_term_mapping.json,17781577,1f7d8b413e7353b0f32312d45b0eb5460e09d98e09c0adb37aaf05637b5c5712,s3://rii-data-dump/talabat/silver/2026-09/03_std_terms/menu_refresh/data/refresh_202609/stdterm/std_term_mapping.json,silver,03_std_terms,2026-09,2026-09-23T18:10:17
menu_refresh/data/new_mappings_review.csv,16191590,fd466431d1a07824a9ccafc8da76329031a6f1974c5bbc8452ba4edd7745d3d3,s3://rii-data-dump/talabat/silver/2026-08/03_std_terms/review/menu_refresh/data/new_mappings_review.csv,silver,03_std_terms/review,2026-08,2026-09-23T18:10:17
address_audit/data/cache/unified_202608.light.jsonl,13450901,47fbdc26fb4113a6c03ed13e1e3744d7cb5472af66520bc8278adabc76e86d9a,s3://rii-data-dump/talabat/silver/2026-08/07_addresses/address_audit/data/cache/unified_202608.light.jsonl,silver,07_addresses,2026-08,2026-09-23T18:10:17
Google_Place/map/output/Master_Talabat_Google_Mapping.json,13143394,9b48fdc012a0231a25595354d470d00fe795dfc7f7fa31c4adef595bb632dfbc,s3://rii-data-dump/talabat/bronze/bronze/_cross_month/04_enrichment_raw/Google_Place/map/output/Master_Talabat_Google_Mapping.json,bronze,04_enrichment_raw,_cross_month,2026-09-23T18:10:17
september/data/menus/std_term_mapping.json,13067611,6ba6a22505402726029d4e7562795a115d877857da24d2f9d3f9172b6975c791,s3://rii-data-dump/talabat/silver/2026-09/02_sanitize/september/data/menus/std_term_mapping.json,silver,02_sanitize,2026-09,2026-09-23T18:10:17
map_version2/output/Final_Master_Mapping.json,10889723,b7b7b0c5187438deee33a8f00c5febeeb0d0560c01b1c4749c1c80a6194e350b,s3://rii-data-dump/talabat/silver/_cross_month/05_classification/map_version2/output/Final_Master_Mapping.json,silver,05_classification,_cross_month,2026-09-23T18:10:17
Google_Place/map_v2/output/Final_Master_Mapping.json,10889723,b7b7b0c5187438deee33a8f00c5febeeb0d0560c01b1c4749c1c80a6194e350b,s3://rii-data-dump/talabat/bronze/bronze/_cross_month/04_enrichment_raw/Google_Place/map_v2/output/Final_Master_Mapping.json,bronze,04_enrichment_raw,_cross_month,2026-09-23T18:10:17
menu_refresh/data/refresh_202609/stdterm/new_mappings_review.csv,10574630,47b3b65275719c90e9dc6e1bca047531ef681e7f3228e5f3309dff65d9567e50,s3://rii-data-dump/talabat/silver/2026-09/03_std_terms/menu_refresh/data/refresh_202609/stdterm/new_mappings_review.csv,silver,03_std_terms,2026-09,2026-09-23T18:10:17
area_classification/ri-db.restaurants_full.cleaned.json,9765101,ed7ac1258dea4097f0936572f752b29a3adaa432d586490329529da6b1b1f13a,s3://rii-data-dump/talabat/silver/2026-09/06_areas/area_classification/ri-db.restaurants_full.cleaned.json,silver,06_areas,2026-09,2026-09-23T18:10:17
menu_refresh/data/refresh_202609/stdterm/review_verdicts_applied.csv,9530953,33f48ad2c66dcc01e4da8e8e4b40a2a54f3ae5cb33e7f4efb3fc5091d076e67a,s3://rii-data-dump/talabat/silver/2026-09/03_std_terms/menu_refresh/data/refresh_202609/stdterm/review_verdicts_applied.csv,silver,03_std_terms,2026-09,2026-09-23T18:10:17
address_audit/data/cache/july_export.light.jsonl,9512194,9c770957594300f2d46aa007ccdf61f630394380c084e19ffec2ed6d63d80548,s3://rii-data-dump/talabat/silver/2026-07/07_addresses/address_audit/data/cache/july_export.light.jsonl,silver,07_addresses,2026-07,2026-09-23T18:10:17
images/data/september_logos_202609.zip,9407745,321fd0fc3d7e2936cc1e5a476db640676b5d36ed1a918fdd5624ca9adac46186,s3://rii-data-dump/talabat/gold/2026-09/logos/images/data/september_logos_202609.zip,gold,logos,2026-09,2026-09-23T18:10:17
August_menu/data/std_term_review.csv,9324501,9e5755700ee65a46519d8ba2dcef486cbb0c74ce04243053997e1940c78c8df6,s3://rii-data-dump/talabat/silver/2026-08/03_std_terms/August_menu/data/std_term_review.csv,silver,03_std_terms,2026-08,2026-09-23T18:10:17
Google_Place/map_v2/output/New_Discovered_Listings.json,9162820,93ff1dbcda4c6013b767132837ce8bb1915cba8e55cd631193c61e7cc5c1a4b5,s3://rii-data-dump/talabat/bronze/bronze/_cross_month/04_enrichment_raw/Google_Place/map_v2/output/New_Discovered_Listings.json,bronze,04_enrichment_raw,_cross_month,2026-09-23T18:10:17
Google_Place/map/output/New_Discovered_Listings.json,9162820,93ff1dbcda4c6013b767132837ce8bb1915cba8e55cd631193c61e7cc5c1a4b5,s3://rii-data-dump/talabat/bronze/bronze/_cross_month/04_enrichment_raw/Google_Place/map/output/New_Discovered_Listings.json,bronze,04_enrichment_raw,_cross_month,2026-09-23T18:10:18
Google_Place/bonus_directory/output/Bonus_Directory_Entities.json,9162820,93ff1dbcda4c6013b767132837ce8bb1915cba8e55cd631193c61e7cc5c1a4b5,s3://rii-data-dump/talabat/bronze/bronze/_cross_month/04_enrichment_raw/Google_Place/bonus_directory/output/Bonus_Directory_Entities.json,bronze,04_enrichment_raw,_cross_month,2026-09-23T18:10:18
Google_Place/apify/brands/uae_main_batch_03/output/raw/dataset_20260703_121328_merged_all.json,9141755,bbe535a80cfcafe3aec82f13bb35af99984f8a206a3d6cb7285e6fdd1a542ac7,s3://rii-data-dump/talabat/bronze/bronze/2026-07/04_enrichment_raw/Google_Place/apify/brands/uae_main_batch_03/output/raw/dataset_20260703_121328_merged_all.json,bronze,04_enrichment_raw,2026-07,2026-09-23T18:10:18
Restaurant Identifier/data/restaurants_confirmed.jsonl,9049576,d7ca50910ad414561b1e1a355940dc503d7ebf9586abf61dbf071e6d63064d7c,s3://rii-data-dump/talabat/bronze/bronze/_cross_month/02_listings/Restaurant Identifier/data/restaurants_confirmed.jsonl,bronze,02_listings,_cross_month,2026-09-23T18:10:18
Google_Place/apify/brands/uae_validation_default/output/raw/dataset_20260702_131504_group_2_fIF3pjLy.json,9045324,83eb19627e4649eef9b785dfe9f3babb9a676180e4b77d2c7cfe452dcb035d86,s3://rii-data-dump/talabat/bronze/bronze/2026-07/04_enrichment_raw/Google_Place/apify/brands/uae_validation_default/output/raw/dataset_20260702_131504_group_2_fIF3pjLy.json,bronze,04_enrichment_raw,2026-07,2026-09-23T18:10:18
Restaurant Identifier/data/restaurants_confirmed_run2.jsonl,9012717,7baa72a0044b755f2dc36de6f4563eb5605b4a6b17c2c0ff2c86ea72ad7680e0,s3://rii-data-dump/talabat/bronze/bronze/_cross_month/02_listings/Restaurant Identifier/data/restaurants_confirmed_run2.jsonl,bronze,02_listings,_cross_month,2026-09-23T18:10:18
menu/data/snapshots/snapshot_20260616_165858.json,8961850,03a365c0388bf0601a3b64f15e6c638d1dc48d9f8454fd0cf87a369ca4f39670,s3://rii-data-dump/talabat/bronze/bronze/2026-06/03_menus_raw/menu/data/snapshots/snapshot_20260616_165858.json,bronze,03_menus_raw,2026-06,2026-09-23T18:10:18
menu/data/reports/delta_20260616_165858.json,8961850,03a365c0388bf0601a3b64f15e6c638d1dc48d9f8454fd0cf87a369ca4f39670,s3://rii-data-dump/talabat/silver/2026-06/09_delta/menu/data/reports/delta_20260616_165858.json,silver,09_delta,2026-06,2026-09-23T18:10:18
Google_Place/apify/brands/uae_validation_default/output/raw/dataset_20260702_131504_group_5_X0pFwHiF.json,8879631,f009ffc7b7134b8973bb88ae467607d75a124ba792b2d0e39eaa07b063cae609,s3://rii-data-dump/talabat/bronze/bronze/2026-07/04_enrichment_raw/Google_Place/apify/brands/uae_validation_default/output/raw/dataset_20260702_131504_group_5_X0pFwHiF.json,bronze,04_enrichment_raw,2026-07,2026-09-23T18:10:18
menu_refresh/UPDATING_EXISTING_MENU_STDTERMS_ING_FINALIZED.xlsx,8845146,b49db6e42ecd43b90d82be54f799bc790571b05f6eba68d580b5c1eed70e3081,s3://rii-data-dump/talabat/silver/2026-08/03_std_terms/review/menu_refresh/UPDATING_EXISTING_MENU_STDTERMS_ING_FINALIZED.xlsx,silver,03_std_terms/review,2026-08,2026-09-23T18:10:18
menu/classification/checkpoint.json,8815802,6621fc105e291e0fa4e28e670ee60ea2e3486309a465afbcf43996c8f88ce72d,s3://rii-data-dump/talabat/ops/2026-06/checkpoints/menu/classification/checkpoint.json,ops,checkpoints,2026-06,2026-09-23T18:10:18
area_classification/ri-db.restaurants_full.json,8742871,6548755268e667bf4427ffc7a5c24d4262373f7bc155e3e4b7cd86cd818874c5,s3://rii-data-dump/talabat/silver/2026-09/06_areas/area_classification/ri-db.restaurants_full.json,silver,06_areas,2026-09,2026-09-23T18:10:18
Google_Place/apify/brands/uae_validation_default/output/raw/dataset_20260702_131504_group_4_tFdF60FV.json,8529926,8f39fc8b028beb636546a6b77895094ac869749d632bf5b470687f17b00a61f3,s3://rii-data-dump/talabat/bronze/bronze/2026-07/04_enrichment_raw/Google_Place/apify/brands/uae_validation_default/output/raw/dataset_20260702_131504_group_4_tFdF60FV.json,bronze,04_enrichment_raw,2026-07,2026-09-23T18:10:18
Google_Place/apify/brands/uae_validation_default/output/raw/dataset_20260702_131504_group_1_m3DwDH6t.json,8380623,68fee7f291a40bcee44b903e8e78a00ba7a4489d76fc3d1fcd791ee31689aa87,s3://rii-data-dump/talabat/bronze/bronze/2026-07/04_enrichment_raw/Google_Place/apify/brands/uae_validation_default/output/raw/dataset_20260702_131504_group_1_m3DwDH6t.json,bronze,04_enrichment_raw,2026-07,2026-09-23T18:10:18
map_version2/output/Final_Matched_Branches.json,8276501,4e42617fdae430ec7bd5157d12c68097e3f97cf47ebe2a842404756673a0624c,s3://rii-data-dump/talabat/silver/_cross_month/05_classification/map_version2/output/Final_Matched_Branches.json,silver,05_classification,_cross_month,2026-09-23T18:10:18
Google_Place/map_v2/output/Final_Matched_Branches.json,8276501,4e42617fdae430ec7bd5157d12c68097e3f97cf47ebe2a842404756673a0624c,s3://rii-data-dump/talabat/bronze/bronze/_cross_month/04_enrichment_raw/Google_Place/map_v2/output/Final_Matched_Branches.json,bronze,04_enrichment_raw,_cross_month,2026-09-23T18:10:18
Google_Place/apify/brands/uae_validation_default/output/raw/dataset_20260702_131504_group_6_5ragcysZ.json,8267216,20067ed7a7aecc2241b60af640ac3b35ba2b2e46e0ae7bd8fc6c59f8a367046b,s3://rii-data-dump/talabat/bronze/bronze/2026-07/04_enrichment_raw/Google_Place/apify/brands/uae_validation_default/output/raw/dataset_20260702_131504_group_6_5ragcysZ.json,bronze,04_enrichment_raw,2026-07,2026-09-23T18:10:18
Google_Place/apify/brands/uae_validation_default/output/raw/dataset_20260702_131504_group_3_6ZHbenwA.json,8062462,e9553c6dc0960d77132b55292563604731d26cd345f4e9df8f3b47963b88127d,s3://rii-data-dump/talabat/bronze/bronze/2026-07/04_enrichment_raw/Google_Place/apify/brands/uae_validation_default/output/raw/dataset_20260702_131504_group_3_6ZHbenwA.json,bronze,04_enrichment_raw,2026-07,2026-09-23T18:10:18
Google_Place/apify/output/full_summary/All_OtherEntities_So_Far.csv,7527833,04ff6c58935deb7a9c7299fbae45c3ae6cbaf7794f6307713a47b40b3f8b88ee,s3://rii-data-dump/talabat/bronze/bronze/_cross_month/04_enrichment_raw/Google_Place/apify/output/full_summary/All_OtherEntities_So_Far.csv,bronze,04_enrichment_raw,_cross_month,2026-09-23T18:10:18
August_menu/data/sanitize_mapping.csv,7298218,a7c94300c6bc5ccf67c741ff77a4dec8e8c890ec7496a0b5b42613d37d9bc215,s3://rii-data-dump/talabat/silver/2026-08/02_sanitize/August_menu/data/sanitize_mapping.csv,silver,02_sanitize,2026-08,2026-09-23T18:10:18
Google_Place/map/output/Confirmed_Matched_Branches.json,7253269,b7890213f0660a4df6d3cb05603ce3225c074471b007f9cf205069555e5d0221,s3://rii-data-dump/talabat/bronze/bronze/_cross_month/04_enrichment_raw/Google_Place/map/output/Confirmed_Matched_Branches.json,bronze,04_enrichment_raw,_cross_month,2026-09-23T18:10:18
data/urls/talabat_restaurant_urls_run2.jsonl,6970857,3df082d6c8d8c4ef1252afa9ef156e68355a1421d2492e003510946ea44a8ad8,s3://rii-data-dump/talabat/bronze/bronze/_cross_month/02_listings/data/urls/talabat_restaurant_urls_run2.jsonl,bronze,02_listings,_cross_month,2026-09-23T18:10:18
data/urls/talabat_restaurant_urls.jsonl,6658207,19998e40433fb4a0bfad3845918219df6ec16cdca908e06a8299a473d9c0736f,s3://rii-data-dump/talabat/bronze/bronze/_cross_month/02_listings/data/urls/talabat_restaurant_urls.jsonl,bronze,02_listings,_cross_month,2026-09-23T18:10:18
export/IT_Team_Location/output/ri-db.restaurants_id.final.json,6507288,cb8d5d6aca73b45d9dca1a181ed55be30310d4faf3752be58b4b118199adc2e7,s3://rii-data-dump/talabat/gold/2026-07/exports/export/IT_Team_Location/output/ri-db.restaurants_id.final.json,gold,exports,2026-07,2026-09-23T18:10:18
Google_Place/apify/brands/uae_validation_default/output/uae_validation_default_processed.json,6266726,eda70008f18156db1cb4ffe9fc1405f032af348b0a830dee0213819b30c44a0c,s3://rii-data-dump/talabat/bronze/bronze/_cross_month/04_enrichment_raw/Google_Place/apify/brands/uae_validation_default/output/uae_validation_default_processed.json,bronze,04_enrichment_raw,_cross_month,2026-09-23T18:10:18
address_audit/data/address_smear_rows.csv,6094127,73d66c5407502f3a37ad7277b89a292f32c7dfde95203757e520bffb5cfdd7a1,s3://rii-data-dump/talabat/silver/2026-09/07_addresses/address_audit/data/address_smear_rows.csv,silver,07_addresses,2026-09,2026-09-23T18:10:19
Google_Place/apify/brands/uae_validation_chains/output/raw/dataset_20260702_131504_known_chains_pNkDtUoY.json,6048644,059f6ee865f446fa759a1887442f4f7aa0e78295aa0cea424ee3570fef5f4fa1,s3://rii-data-dump/talabat/bronze/bronze/2026-07/04_enrichment_raw/Google_Place/apify/brands/uae_validation_chains/output/raw/dataset_20260702_131504_known_chains_pNkDtUoY.json,bronze,04_enrichment_raw,2026-07,2026-09-23T18:10:19
unified/data/label_conflict_fixes.json,6040587,e042cb632bc60f736de8e931978ae46dfabca54ea5e7d524d60fd4298f0cbc5c,s3://rii-data-dump/talabat/silver/_cross_month/03_std_terms/unified/data/label_conflict_fixes.json,silver,03_std_terms,_cross_month,2026-09-23T18:10:19
Google_Place/apify/brands/uae_retest_ravi_chandra/output/raw/dataset_20260702_163527_merged_all.json,6011938,8669f4a3f3f2530bb433603f4478f10b0fc855d3e9f7c7c0ffdcbc12043700bd,s3://rii-data-dump/talabat/bronze/bronze/2026-07/04_enrichment_raw/Google_Place/apify/brands/uae_retest_ravi_chandra/output/raw/dataset_20260702_163527_merged_all.json,bronze,04_enrichment_raw,2026-07,2026-09-23T18:10:19
Google_Place/apify/brands/uae_retest_elakiya_chandrasekhar/output/raw/dataset_20260702_163827_merged_all.json,5985489,3f0eb28a057b534df3426a634f7b5046f7c8674b9249727ee593bd314f95b02c,s3://rii-data-dump/talabat/bronze/bronze/2026-07/04_enrichment_raw/Google_Place/apify/brands/uae_retest_elakiya_chandrasekhar/output/raw/dataset_20260702_163827_merged_all.json,bronze,04_enrichment_raw,2026-07,2026-09-23T18:10:19
Google_Place/map_v2/output/New_Discovered_Listings.csv,5965056,368e6a6d8e1c0c1ee00666a43ebb2f5ec3d3475a5811b08c91b29c9e29180c2c,s3://rii-data-dump/talabat/bronze/bronze/_cross_month/04_enrichment_raw/Google_Place/map_v2/output/New_Discovered_Listings.csv,bronze,04_enrichment_raw,_cross_month,2026-09-23T18:10:19
Google_Place/map/output/New_Discovered_Listings.csv,5965056,368e6a6d8e1c0c1ee00666a43ebb2f5ec3d3475a5811b08c91b29c9e29180c2c,s3://rii-data-dump/talabat/bronze/bronze/_cross_month/04_enrichment_raw/Google_Place/map/output/New_Discovered_Listings.csv,bronze,04_enrichment_raw,_cross_month,2026-09-23T18:10:19
Google_Place/bonus_directory/output/Bonus_Directory_Entities.csv,5965056,368e6a6d8e1c0c1ee00666a43ebb2f5ec3d3475a5811b08c91b29c9e29180c2c,s3://rii-data-dump/talabat/bronze/bronze/_cross_month/04_enrichment_raw/Google_Place/bonus_directory/output/Bonus_Directory_Entities.csv,bronze,04_enrichment_raw,_cross_month,2026-09-23T18:10:19
Google_Place/apify/brands/uae_retest_venkatesh_bestha/output/raw/dataset_20260702_164302_merged_all.json,5760436,31162ebd2012ed3ffd9858a8ebe728f783ec4e3704a4166a111dcf4932db0925,s3://rii-data-dump/talabat/bronze/bronze/2026-07/04_enrichment_raw/Google_Place/apify/brands/uae_retest_venkatesh_bestha/output/raw/dataset_20260702_164302_merged_all.json,bronze,04_enrichment_raw,2026-07,2026-09-23T18:10:19
Google_Place/apify/brands/uae_retest_thejas_k_sabu/output/raw/dataset_20260702_164030_merged_all.json,5519568,79ece4d4e07621bb01f383461407139d3bae3783667181c75cca8abe0560a4c8,s3://rii-data-dump/talabat/bronze/bronze/2026-07/04_enrichment_raw/Google_Place/apify/brands/uae_retest_thejas_k_sabu/output/raw/dataset_20260702_164030_merged_all.json,bronze,04_enrichment_raw,2026-07,2026-09-23T18:10:19
map_version2/output/Final_Master_Mapping.csv,5457662,23b35e465ee4f46ff00eda1ec89124747a9ae33336a0130a1ea3be1108f42bb5,s3://rii-data-dump/talabat/silver/_cross_month/05_classification/map_version2/output/Final_Master_Mapping.csv,silver,05_classification,_cross_month,2026-09-23T18:10:19
Google_Place/map_v2/output/Final_Master_Mapping.csv,5457662,23b35e465ee4f46ff00eda1ec89124747a9ae33336a0130a1ea3be1108f42bb5,s3://rii-data-dump/talabat/bronze/bronze/_cross_month/04_enrichment_raw/Google_Place/map_v2/output/Final_Master_Mapping.csv,bronze,04_enrichment_raw,_cross_month,2026-09-23T18:10:19
menu_refresh/data/refresh_202609/smoke/menu_items.jsonl,5448606,0877bb9899f294ebcf05937fbc8d82d2809ef462a2057b69fd5535c139b74084,s3://rii-data-dump/talabat/silver/2026-09/09_delta/menu_refresh/data/refresh_202609/smoke/menu_items.jsonl,silver,09_delta,2026-09,2026-09-23T18:10:19
Google_Place/map/output/NotFound_Branches.json,5365782,719b1381fd9a1265b986882bec9539360860e70cae7c19673d1d197a09808a31,s3://rii-data-dump/talabat/bronze/bronze/_cross_month/04_enrichment_raw/Google_Place/map/output/NotFound_Branches.json,bronze,04_enrichment_raw,_cross_month,2026-09-23T18:10:19
Google_Place/map/output/Master_Talabat_Google_Mapping.csv,5357887,7897ee1e33bbfff172a94f522bf85be33e01ae9928e334fa4341e917ac352f06,s3://rii-data-dump/talabat/bronze/bronze/_cross_month/04_enrichment_raw/Google_Place/map/output/Master_Talabat_Google_Mapping.csv,bronze,04_enrichment_raw,_cross_month,2026-09-23T18:10:19
menu_refresh/data/refresh_202609/scrape/restaurant_status.jsonl,5272606,9c77b02141c1cccb4bf1a9aec373aa4908143f38d799565406a30cc1da87fbe2,s3://rii-data-dump/talabat/bronze/bronze/2026-09/03_menus_raw/menu_refresh/data/refresh_202609/scrape/restaurant_status.jsonl,bronze,03_menus_raw,2026-09,2026-09-23T18:10:19
Google_Place/tav/output/final/TavRecovery_ByBranch.json,5240235,179bfd44ab06411c9bbc056af82d418174d594fb6b23f8512b1ab37338b84552,s3://rii-data-dump/talabat/bronze/bronze/_cross_month/04_enrichment_raw/Google_Place/tav/output/final/TavRecovery_ByBranch.json,bronze,04_enrichment_raw,_cross_month,2026-09-23T18:10:20
Google_Place/apify/brands/crispy_chicken/output/raw/dataset_20260907_120021_merged_all.json,5178050,a5046aa5e8244ce540912f3ad937dd128c9d5e3a728fe876c823cff098ce228d,s3://rii-data-dump/talabat/bronze/bronze/2026-09/04_enrichment_raw/Google_Place/apify/brands/crispy_chicken/output/raw/dataset_20260907_120021_merged_all.json,bronze,04_enrichment_raw,2026-09,2026-09-23T18:10:20
Restaurant Identifier/data/restaurants_confirmed_run2.csv,5146674,a0e16897a289349a6759aec8b5663ecb2705b434b24ac26248d91419750186ef,s3://rii-data-dump/talabat/bronze/bronze/_cross_month/02_listings/Restaurant Identifier/data/restaurants_confirmed_run2.csv,bronze,02_listings,_cross_month,2026-09-23T18:10:20
menu/data/snapshots/snapshot_20260616_141319.json,4948634,ee6eda7d2542196cdd28a87be714759317c408354b0ad3cef4e28b3f6e0805e5,s3://rii-data-dump/talabat/bronze/bronze/2026-06/03_menus_raw/menu/data/snapshots/snapshot_20260616_141319.json,bronze,03_menus_raw,2026-06,2026-09-23T18:10:20
menu/data/reports/delta_20260616_141319.json,4948634,ee6eda7d2542196cdd28a87be714759317c408354b0ad3cef4e28b3f6e0805e5,s3://rii-data-dump/talabat/silver/2026-06/09_delta/menu/data/reports/delta_20260616_141319.json,silver,09_delta,2026-06,2026-09-23T18:10:20
september/data/menus/std_term_needs_review.csv,4916663,092d567388071bd34fe10fcbabc63442fb62ca936235c54c5f8c01496c129c75,s3://rii-data-dump/talabat/silver/2026-09/02_sanitize/september/data/menus/std_term_needs_review.csv,silver,02_sanitize,2026-09,2026-09-23T18:10:20
Google_Place/apify/brands/uae_main_batch_01/output/raw/dataset_20260702_212837_group_5_vtwLcVHa.json,4912484,0c2c57403ef92450028ff637495bc1ac72f01d27481f88ff00e5e25a7c30605f,s3://rii-data-dump/talabat/bronze/bronze/2026-07/04_enrichment_raw/Google_Place/apify/brands/uae_main_batch_01/output/raw/dataset_20260702_212837_group_5_vtwLcVHa.json,bronze,04_enrichment_raw,2026-07,2026-09-23T18:10:20
Google_Place/apify/brands/uae_main_batch_03/output/raw/dataset_20260703_115318_group_5_c6pDQgWg.json,4790924,a563ac5c2476a54c6d713786f2f5fadbf0342013a89969a9dc0416585f742b22,s3://rii-data-dump/talabat/bronze/bronze/2026-07/04_enrichment_raw/Google_Place/apify/brands/uae_main_batch_03/output/raw/dataset_20260703_115318_group_5_c6pDQgWg.json,bronze,04_enrichment_raw,2026-07,2026-09-23T18:10:20
export/restaurant_locations.json,4779108,b0d3bf8ea49836c3151c2ea5896cfc603019ec7a4e041f5dcd55bbc9bdee343a,s3://rii-data-dump/talabat/gold/2026-07/exports/export/restaurant_locations.json,gold,exports,2026-07,2026-09-23T18:10:20
Google_Place/apify/brands/uae_main_batch_03/output/raw/dataset_RECOVERED_group_4_rTsTQyFu.json,4756909,835a691185112a86c8bd97275da25da0b112f23ef8296282e62f00428cb098c0,s3://rii-data-dump/talabat/bronze/bronze/_cross_month/04_enrichment_raw/Google_Place/apify/brands/uae_main_batch_03/output/raw/dataset_RECOVERED_group_4_rTsTQyFu.json,bronze,04_enrichment_raw,_cross_month,2026-09-23T18:10:20
Google_Place/apify/brands/uae_main_batch_03/output/raw/dataset_RECOVERED_group_2_bXb0OzjC.json,4730734,6dfe3856b91fc2af1ae99e33b0a1bfc2b554260b2b4c70316d1c0c206df83b30,s3://rii-data-dump/talabat/bronze/bronze/_cross_month/04_enrichment_raw/Google_Place/apify/brands/uae_main_batch_03/output/raw/dataset_RECOVERED_group_2_bXb0OzjC.json,bronze,04_enrichment_raw,_cross_month,2026-09-23T18:10:20
Google_Place/tav/output/production/revalidated_phase1_20260705_205944.json,4613350,e350624f8fbd3378912c22094c45d87a54210f287cbc0ac0f582d01cbbeb0e77,s3://rii-data-dump/talabat/bronze/bronze/2026-07/04_enrichment_raw/Google_Place/tav/output/production/revalidated_phase1_20260705_205944.json,bronze,04_enrichment_raw,2026-07,2026-09-23T18:10:20
Google_Place/tav/output/production/revalidated_phase1_CORRECTED.json,4598674,52992ac1938cf358b185b46ae10beaf798c4ff4f789239836c5c309cc65b90a9,s3://rii-data-dump/talabat/bronze/bronze/_cross_month/04_enrichment_raw/Google_Place/tav/output/production/revalidated_phase1_CORRECTED.json,bronze,04_enrichment_raw,_cross_month,2026-09-23T18:10:20
Google_Place/apify/brands/uae_main_batch_01/output/raw/dataset_20260702_213439_group_1_igZb7xOK.json,4591132,69a4bbe8f424728e465c22e8b61a4531ebffc6d8c96b0c75a25fa5da0cc6ea20,s3://rii-data-dump/talabat/bronze/bronze/2026-07/04_enrichment_raw/Google_Place/apify/brands/uae_main_batch_01/output/raw/dataset_20260702_213439_group_1_igZb7xOK.json,bronze,04_enrichment_raw,2026-07,2026-09-23T18:10:20
listing_comparison/output/talabat_genuinely_new_brands.jsonl,4524180,af0cd7f45f316a6dc5bd758742e55ac830bc182f959fe272902d201cb98ac537,s3://rii-data-dump/talabat/silver/_cross_month/01_listing_compare/listing_comparison/output/talabat_genuinely_new_brands.jsonl,silver,01_listing_compare,_cross_month,2026-09-23T18:10:20
listing_comparison/output/talabat_restaurants_shipped.jsonl,4512902,c5611bd57159da1fbda7087f35b0aacb2fc9fef85c288b3b226dae2d09cefc38,s3://rii-data-dump/talabat/silver/_cross_month/01_listing_compare/listing_comparison/output/talabat_restaurants_shipped.jsonl,silver,01_listing_compare,_cross_month,2026-09-23T18:10:20
listing_comparison/output/talabat_genuinely_new_brands_FINAL.jsonl,4511882,b81bb4e6b9b16533fdd8c4d4b379d2bb00a6f4e7a7e3e3f501f3f7df76143df5,s3://rii-data-dump/talabat/silver/_cross_month/01_listing_compare/listing_comparison/output/talabat_genuinely_new_brands_FINAL.jsonl,silver,01_listing_compare,_cross_month,2026-09-23T18:10:20
map_version2/output/Final_Matched_Branches.csv,4440757,e0e11ca12ec53dde11458cd5760cb296ee73736f6f8011068ef6c1c1cebd369c,s3://rii-data-dump/talabat/silver/_cross_month/05_classification/map_version2/output/Final_Matched_Branches.csv,silver,05_classification,_cross_month,2026-09-23T18:10:20
Google_Place/map_v2/output/Final_Matched_Branches.csv,4440757,e0e11ca12ec53dde11458cd5760cb296ee73736f6f8011068ef6c1c1cebd369c,s3://rii-data-dump/talabat/bronze/bronze/_cross_month/04_enrichment_raw/Google_Place/map_v2/output/Final_Matched_Branches.csv,bronze,04_enrichment_raw,_cross_month,2026-09-23T18:10:20
Google_Place/apify/brands/uae_main_batch_02/output/raw/dataset_20260703_105704_merged_all.json,4390099,8eedb61c72bcc0155bc569d1870c44e0f7ec826a86229c694f0b5c28ebc5d60c,s3://rii-data-dump/talabat/bronze/bronze/2026-07/04_enrichment_raw/Google_Place/apify/brands/uae_main_batch_02/output/raw/dataset_20260703_105704_merged_all.json,bronze,04_enrichment_raw,2026-07,2026-09-23T18:10:20
Google_Place/apify/brands/uae_main_batch_01/output/raw/dataset_20260702_213108_group_4_94yNM2ow.json,4362801,e75046cf2ce7741cb95482877b95cb3635212684b49fdfe49136e986f6d8c295,s3://rii-data-dump/talabat/bronze/bronze/2026-07/04_enrichment_raw/Google_Place/apify/brands/uae_main_batch_01/output/raw/dataset_20260702_213108_group_4_94yNM2ow.json,bronze,04_enrichment_raw,2026-07,2026-09-23T18:10:20
Google_Place/apify/brands/uae_main_batch_03/output/raw/dataset_20260703_121328_group_1_pQUzEeUz.json,4350834,77141ac6f69093fa7a804be837457dcc0cb5ca3c9cf3d44addf2628d79978db9,s3://rii-data-dump/talabat/bronze/bronze/2026-07/04_enrichment_raw/Google_Place/apify/brands/uae_main_batch_03/output/raw/dataset_20260703_121328_group_1_pQUzEeUz.json,bronze,04_enrichment_raw,2026-07,2026-09-23T18:10:20
Google_Place/apify/brands/uae_main_batch_03/output/raw/dataset_RECOVERED_group_3_4XIpp2Qd.json,4350358,819768377cb5e27d1a0481cc2c26f74ab5c4a1b9d3df20ea9fef0b18b61eb870,s3://rii-data-dump/talabat/bronze/bronze/_cross_month/04_enrichment_raw/Google_Place/apify/brands/uae_main_batch_03/output/raw/dataset_RECOVERED_group_3_4XIpp2Qd.json,bronze,04_enrichment_raw,_cross_month,2026-09-23T18:10:20
menu_refresh/data/refresh_202609/stdterm/std_term_needs_review.json,4347165,caed254777ebb6b4e7d03f6ad01555cda8ce526dafe90c16b9edd783324c2c1c,s3://rii-data-dump/talabat/silver/2026-09/03_std_terms/menu_refresh/data/refresh_202609/stdterm/std_term_needs_review.json,silver,03_std_terms,2026-09,2026-09-23T18:10:20
Google_Place/apify/brands/uae_main_batch_01/output/raw/dataset_20260702_213409_group_2_WaoaH7vX.json,4288529,98b6a19103d3dac440dcda09911e0b350a3384f45b572e9ce442157cabdee856,s3://rii-data-dump/talabat/bronze/bronze/2026-07/04_enrichment_raw/Google_Place/apify/brands/uae_main_batch_01/output/raw/dataset_20260702_213409_group_2_WaoaH7vX.json,bronze,04_enrichment_raw,2026-07,2026-09-23T18:10:20
menu/data/snapshots/snapshot_20260616_141830.json,4239208,dd6e7857464e7a927fc91e199d61c1c8cd4e0cf9d8b94d9aa9eb8b95bba53dd7,s3://rii-data-dump/talabat/bronze/bronze/2026-06/03_menus_raw/menu/data/snapshots/snapshot_20260616_141830.json,bronze,03_menus_raw,2026-06,2026-09-23T18:10:20
menu/data/reports/delta_20260616_141830.json,4239208,dd6e7857464e7a927fc91e199d61c1c8cd4e0cf9d8b94d9aa9eb8b95bba53dd7,s3://rii-data-dump/talabat/silver/2026-06/09_delta/menu/data/reports/delta_20260616_141830.json,silver,09_delta,2026-06,2026-09-23T18:10:20
Google_Place/apify/brands/uae_main_batch_01/output/raw/dataset_20260702_213811_group_3_9YsI6Gz1.json,4188464,02d672f78f4bdb610f710cedcd20babbd0bbc78edb95e76929b96e252da049e8,s3://rii-data-dump/talabat/bronze/bronze/2026-07/04_enrichment_raw/Google_Place/apify/brands/uae_main_batch_01/output/raw/dataset_20260702_213811_group_3_9YsI6Gz1.json,bronze,04_enrichment_raw,2026-07,2026-09-23T18:10:20
Google_Place/tav/output/production/revalidated_phase1_CORRECTED.jsonl,4177482,127678169b109a33082bf51455ed0fcba69b52ad7aa45748b3da200f95fe1eb5,s3://rii-data-dump/talabat/bronze/bronze/_cross_month/04_enrichment_raw/Google_Place/tav/output/production/revalidated_phase1_CORRECTED.jsonl,bronze,04_enrichment_raw,_cross_month,2026-09-23T18:10:21
Google_Place/apify/brands/local/output/raw/dataset_20260604_181509_merged_all.json,4138493,17a94849977edc8766969ecfbcd5afd1fec3062c3c102009b5bf0c8f73572a1f,s3://rii-data-dump/talabat/bronze/bronze/2026-06/04_enrichment_raw/Google_Place/apify/brands/local/output/raw/dataset_20260604_181509_merged_all.json,bronze,04_enrichment_raw,2026-06,2026-09-23T18:10:21
apify/Apify_talabat/brands/local/output/raw/dataset_20260604_181509_merged_all.json,4138493,17a94849977edc8766969ecfbcd5afd1fec3062c3c102009b5bf0c8f73572a1f,s3://rii-data-dump/talabat/bronze/bronze/2026-06/04_enrichment_raw/apify/Apify_talabat/brands/local/output/raw/dataset_20260604_181509_merged_all.json,bronze,04_enrichment_raw,2026-06,2026-09-23T18:10:21
Google_Place/apify/brands/chicking/output/raw/dataset_20260907_120624_merged_all.json,4094485,5a4b09d813957e4320db1302756c56526fb12ff9a1de5fba9c0edd837d220c36,s3://rii-data-dump/talabat/bronze/bronze/2026-09/04_enrichment_raw/Google_Place/apify/brands/chicking/output/raw/dataset_20260907_120624_merged_all.json,bronze,04_enrichment_raw,2026-09,2026-09-23T18:10:21
data/urls/talabat_restaurant_urls.csv,4079531,750e5bf92b22d46f51101347641821c57cb88602b4782f0adf5ff3e5865734b7,s3://rii-data-dump/talabat/bronze/bronze/_cross_month/02_listings/data/urls/talabat_restaurant_urls.csv,bronze,02_listings,_cross_month,2026-09-23T18:10:21
september/data/menus/std_term_needs_review.json,4021252,dcd4cd5941b3cefb9473d7edc4c3f8cf5a4d194e7c81018742f8d32e36d31ae4,s3://rii-data-dump/talabat/silver/2026-09/02_sanitize/september/data/menus/std_term_needs_review.json,silver,02_sanitize,2026-09,2026-09-23T18:10:21
Google_Place/apify/output/raw/dataset_20260526_153245_k0TO2OA8.json,3944361,57e2058e962c4abacc7d52eb25b4ae88c9bd7f122909046123e05931e703282c,s3://rii-data-dump/talabat/bronze/bronze/2026-05/04_enrichment_raw/Google_Place/apify/output/raw/dataset_20260526_153245_k0TO2OA8.json,bronze,04_enrichment_raw,2026-05,2026-09-23T18:10:21
apify/Apify_talabat/output/raw/dataset_20260526_153245_k0TO2OA8.json,3944361,57e2058e962c4abacc7d52eb25b4ae88c9bd7f122909046123e05931e703282c,s3://rii-data-dump/talabat/bronze/bronze/2026-05/04_enrichment_raw/apify/Apify_talabat/output/raw/dataset_20260526_153245_k0TO2OA8.json,bronze,04_enrichment_raw,2026-05,2026-09-23T18:10:21
address_audit/data/cache/august_export.light.jsonl,3878082,1ee96e04f1c29886b9435d189185931d38f7552c1ea7bb8cd1be6f714732109d,s3://rii-data-dump/talabat/silver/2026-08/07_addresses/address_audit/data/cache/august_export.light.jsonl,silver,07_addresses,2026-08,2026-09-23T18:10:21
Google_Place/apify/brands/all_local_brands/output/raw/dataset_20260708_204803_group_8_te6eK310.json,3864896,5e2ee6845cb5f2deec1be6383e86b5f9e55926abbab22a9cc3d2f74516e6ef44,s3://rii-data-dump/talabat/bronze/bronze/2026-07/04_enrichment_raw/Google_Place/apify/brands/all_local_brands/output/raw/dataset_20260708_204803_group_8_te6eK310.json,bronze,04_enrichment_raw,2026-07,2026-09-23T18:10:21
Google_Place/apify/brands/all_local_brands/output/raw/dataset_20260708_204804_merged_all.json,3864896,5e2ee6845cb5f2deec1be6383e86b5f9e55926abbab22a9cc3d2f74516e6ef44,s3://rii-data-dump/talabat/bronze/bronze/2026-07/04_enrichment_raw/Google_Place/apify/brands/all_local_brands/output/raw/dataset_20260708_204804_merged_all.json,bronze,04_enrichment_raw,2026-07,2026-09-23T18:10:21
menu/master_mapping.parquet,3845668,a5e778852b6846704c90393ecf23c56b30309141a3b039f601f6b5366b4f6b7e,s3://rii-data-dump/talabat/silver/2026-06/03_std_terms/menu/master_mapping.parquet,silver,03_std_terms,2026-06,2026-09-23T18:10:21
menu_refresh/data/scrape/restaurant_status.jsonl,3818171,60b6e6b11c1622a86ac2fbcc195c5f6d555fdb2a67c181c6efa3ced47ca9dccb,s3://rii-data-dump/talabat/silver/2026-08/09_delta/menu_refresh/data/scrape/restaurant_status.jsonl,silver,09_delta,2026-08,2026-09-23T18:10:21
Google_Place/map/output/Confirmed_Matched_Branches.csv,3777328,070e3a100d36a57b85f5b36aa17f82aac78d3362a33cc5d50820047ca9ac64e8,s3://rii-data-dump/talabat/bronze/bronze/_cross_month/04_enrichment_raw/Google_Place/map/output/Confirmed_Matched_Branches.csv,bronze,04_enrichment_raw,_cross_month,2026-09-23T18:10:21
Google_Place/apify/brands/all_local_brands/output/raw/dataset_20260708_204836_group_9_uGdgOgth.json,3738606,43a103652c75037cc79a763fa3bbbac897cbebcb720e214fa1f57d6991afa55a,s3://rii-data-dump/talabat/bronze/bronze/2026-07/04_enrichment_raw/Google_Place/apify/brands/all_local_brands/output/raw/dataset_20260708_204836_group_9_uGdgOgth.json,bronze,04_enrichment_raw,2026-07,2026-09-23T18:10:21
Google_Place/apify/brands/all_local_brands/output/raw/dataset_20260708_204836_merged_all.json,3738606,43a103652c75037cc79a763fa3bbbac897cbebcb720e214fa1f57d6991afa55a,s3://rii-data-dump/talabat/bronze/bronze/2026-07/04_enrichment_raw/Google_Place/apify/brands/all_local_brands/output/raw/dataset_20260708_204836_merged_all.json,bronze,04_enrichment_raw,2026-07,2026-09-23T18:10:21
August_classification/data/restaurants_WITHOUT_address.json,3662244,0138979257cc8061dcb5fe87685bf3c44277c940d8216a5b36f92220beb2b7a9,s3://rii-data-dump/talabat/silver/2026-08/05_classification/August_classification/data/restaurants_WITHOUT_address.json,silver,05_classification,2026-08,2026-09-23T18:10:21
Google_Place/tav/output/final/TavRecovery_ByName.json,3646323,b4ee1cbd05759cea6513db164f7ca6f501905a1f56562713b28c389377917cc8,s3://rii-data-dump/talabat/bronze/bronze/_cross_month/04_enrichment_raw/Google_Place/tav/output/final/TavRecovery_ByName.json,bronze,04_enrichment_raw,_cross_month,2026-09-23T18:10:21
unified/data/label_conflict_knn_cache.json,3570697,38a190730c8323d90aa54c50772294db20393c9e2ace25008858f90cde74c7d1,s3://rii-data-dump/talabat/silver/_cross_month/03_std_terms/unified/data/label_conflict_knn_cache.json,silver,03_std_terms,_cross_month,2026-09-23T18:10:21
Google_Place/apify/output/prepared/search_terms.json,3562730,1a2d40de68017c9ed2e90abb9c8ba6ed76e033495cfc347a900bf96e45cec4bb,s3://rii-data-dump/talabat/bronze/bronze/_cross_month/04_enrichment_raw/Google_Place/apify/output/prepared/search_terms.json,bronze,04_enrichment_raw,_cross_month,2026-09-23T18:10:21
menu_refresh/data/refresh_202609/scrape_targets_202609.jsonl,3512926,103300e4a9a2e96a91b08516d5a71d0c6afb104fbca48364197804666f941c10,s3://rii-data-dump/talabat/silver/2026-09/09_delta/menu_refresh/data/refresh_202609/scrape_targets_202609.jsonl,silver,09_delta,2026-09,2026-09-23T18:10:21
Google_Place/apify/Complete_list_apify.csv,3479283,a990bea8dafdcb9d571960e378c8e08c91b6b6648978f186e2a81407d51a2ccf,s3://rii-data-dump/talabat/bronze/bronze/_cross_month/04_enrichment_raw/Google_Place/apify/Complete_list_apify.csv,bronze,04_enrichment_raw,_cross_month,2026-09-23T18:10:21
Google_Place/apify/brands/uae_validation_default/output/uae_validation_default_processed.csv,3449758,2b80c5b715cabac4ef2c053997888fed3aace39dd926618f190cababdacf0917,s3://rii-data-dump/talabat/bronze/bronze/_cross_month/04_enrichment_raw/Google_Place/apify/brands/uae_validation_default/output/uae_validation_default_processed.csv,bronze,04_enrichment_raw,_cross_month,2026-09-23T18:10:21
tavily/cache/supabase_classify_autosave.json,3388408,d3258071040be300eab51fb73604f727f4aca8904a984b2fd46526ff7ae945e4,s3://rii-data-dump/talabat/bronze/bronze/_cross_month/04_enrichment_raw/tavily/cache/supabase_classify_autosave.json,bronze,04_enrichment_raw,_cross_month,2026-09-23T18:10:21
August_classification/data/restaurants_classified.jsonl,3275534,11928e7dcd5d3c080c84e885d1a12ad6d1e126452a4242aec5a6d32414000f76,s3://rii-data-dump/talabat/silver/2026-08/05_classification/August_classification/data/restaurants_classified.jsonl,silver,05_classification,2026-08,2026-09-23T18:10:22
listing_comparison/output/run2_identity_classification.csv,3165563,3adcafe8a1538ff1c1253a944fb2203cdd6bdf2d4bbdf7b80611734503198dfa,s3://rii-data-dump/talabat/silver/_cross_month/01_listing_compare/listing_comparison/output/run2_identity_classification.csv,silver,01_listing_compare,_cross_month,2026-09-23T18:10:22
Google_Place/apify/brands/all_local_brands/output/raw/dataset_20260708_205304_group_6_FfHIsa5J.json,3124758,49ffd650c2054962bd7c752e41c7cb5aa42df0d79d77641b381456ff0c4d46c6,s3://rii-data-dump/talabat/bronze/bronze/2026-07/04_enrichment_raw/Google_Place/apify/brands/all_local_brands/output/raw/dataset_20260708_205304_group_6_FfHIsa5J.json,bronze,04_enrichment_raw,2026-07,2026-09-23T18:10:22
Google_Place/apify/brands/all_local_brands/output/raw/dataset_20260708_205304_merged_all.json,3124758,49ffd650c2054962bd7c752e41c7cb5aa42df0d79d77641b381456ff0c4d46c6,s3://rii-data-dump/talabat/bronze/bronze/2026-07/04_enrichment_raw/Google_Place/apify/brands/all_local_brands/output/raw/dataset_20260708_205304_merged_all.json,bronze,04_enrichment_raw,2026-07,2026-09-23T18:10:22
Google_Place/scripts/talabat_sitemap_urls.csv,3114063,1f9f76cc51a1beb0b28e556a0617c3785bd8bb7a5bec5b9677060a92b16d565c,s3://rii-data-dump/talabat/bronze/bronze/_cross_month/04_enrichment_raw/Google_Place/scripts/talabat_sitemap_urls.csv,bronze,04_enrichment_raw,_cross_month,2026-09-23T18:10:22
Google_Place/apify/brands/all_local_brands/output/raw/dataset_20260708_204631_group_7_1KGYk9VH.json,3113606,c2afbe1acaca6e1a20b1b59857a64f537532c8936b67d8ba90d788629d9a29f2,s3://rii-data-dump/talabat/bronze/bronze/2026-07/04_enrichment_raw/Google_Place/apify/brands/all_local_brands/output/raw/dataset_20260708_204631_group_7_1KGYk9VH.json,bronze,04_enrichment_raw,2026-07,2026-09-23T18:10:22
Google_Place/apify/brands/all_local_brands/output/raw/dataset_20260708_204631_merged_all.json,3113606,c2afbe1acaca6e1a20b1b59857a64f537532c8936b67d8ba90d788629d9a29f2,s3://rii-data-dump/talabat/bronze/bronze/2026-07/04_enrichment_raw/Google_Place/apify/brands/all_local_brands/output/raw/dataset_20260708_204631_merged_all.json,bronze,04_enrichment_raw,2026-07,2026-09-23T18:10:22
Google_Place/apify/brands/all_local_brands/output/raw/dataset_20260708_205302_group_5_EpIUTHGq.json,3092092,2a4d20f12a37e8fd0c1989dc48e10194509263349e1f3e65c95c27c0eba826db,s3://rii-data-dump/talabat/bronze/bronze/2026-07/04_enrichment_raw/Google_Place/apify/brands/all_local_brands/output/raw/dataset_20260708_205302_group_5_EpIUTHGq.json,bronze,04_enrichment_raw,2026-07,2026-09-23T18:10:22
Google_Place/apify/brands/all_local_brands/output/raw/dataset_20260708_205302_merged_all.json,3092092,2a4d20f12a37e8fd0c1989dc48e10194509263349e1f3e65c95c27c0eba826db,s3://rii-data-dump/talabat/bronze/bronze/2026-07/04_enrichment_raw/Google_Place/apify/brands/all_local_brands/output/raw/dataset_20260708_205302_merged_all.json,bronze,04_enrichment_raw,2026-07,2026-09-23T18:10:22
menu_refresh/data/refresh_202609/stdterm/finalised.xlsx,3081332,d8619668fd015e51c7e20c8e0620e1a1dbe1a3eb4adad190ea3a1f5a5169273c,s3://rii-data-dump/talabat/silver/2026-09/03_std_terms/menu_refresh/data/refresh_202609/stdterm/finalised.xlsx,silver,03_std_terms,2026-09,2026-09-23T18:10:22
menu_refresh/data/refresh_202609/scrape/failed.jsonl.bak,3068961,89f7c8e39690c5cc217d17deda4937eacf323d6591183424add35b8f7a1cc5c3,s3://rii-data-dump/talabat/bronze/bronze/2026-09/03_menus_raw/menu_refresh/data/refresh_202609/scrape/failed.jsonl.bak,bronze,03_menus_raw,2026-09,2026-09-23T18:10:22
August_classification/data/google_maps_details.jsonl,3055862,c143e04cae37346ad8de740f022b6c506a0d47e966d10d5788c7ab0bcad7a8d4,s3://rii-data-dump/talabat/bronze/bronze/2026-08/04_enrichment_raw/August_classification/data/google_maps_details.jsonl,bronze,04_enrichment_raw,2026-08,2026-09-23T18:10:22
Google_Place/apify/brands/all_local_brands/output/raw/dataset_20260708_205130_group_3_R1De1Nzg.json,3050076,6bfe5cb779a076787b50a4e83bdb144991987f8e01cb24d779401fa129adcba5,s3://rii-data-dump/talabat/bronze/bronze/2026-07/04_enrichment_raw/Google_Place/apify/brands/all_local_brands/output/raw/dataset_20260708_205130_group_3_R1De1Nzg.json,bronze,04_enrichment_raw,2026-07,2026-09-23T18:10:22
Google_Place/apify/brands/all_local_brands/output/raw/dataset_20260708_205130_merged_all.json,3050076,6bfe5cb779a076787b50a4e83bdb144991987f8e01cb24d779401fa129adcba5,s3://rii-data-dump/talabat/bronze/bronze/2026-07/04_enrichment_raw/Google_Place/apify/brands/all_local_brands/output/raw/dataset_20260708_205130_merged_all.json,bronze,04_enrichment_raw,2026-07,2026-09-23T18:10:22
Restaurant Identifier/data/restaurant_urls_for_scraping.jsonl,2957855,6517cddc44aaf790bb4ed7f94416e192963b5e9baad01a9dd66a6ad10b775ae8,s3://rii-data-dump/talabat/bronze/bronze/_cross_month/02_listings/Restaurant Identifier/data/restaurant_urls_for_scraping.jsonl,bronze,02_listings,_cross_month,2026-09-23T18:10:22
Google_Place/apify/brands/all_local_brands/output/raw/dataset_20260708_205159_group_2_IotJm9Zp.json,2908701,d7ff16e80526a77f8c6c5bd33d3646bd342c67724e106c80473cc1cfa285d23f,s3://rii-data-dump/talabat/bronze/bronze/2026-07/04_enrichment_raw/Google_Place/apify/brands/all_local_brands/output/raw/dataset_20260708_205159_group_2_IotJm9Zp.json,bronze,04_enrichment_raw,2026-07,2026-09-23T18:10:22
Google_Place/apify/brands/all_local_brands/output/raw/dataset_20260708_205159_merged_all.json,2908701,d7ff16e80526a77f8c6c5bd33d3646bd342c67724e106c80473cc1cfa285d23f,s3://rii-data-dump/talabat/bronze/bronze/2026-07/04_enrichment_raw/Google_Place/apify/brands/all_local_brands/output/raw/dataset_20260708_205159_merged_all.json,bronze,04_enrichment_raw,2026-07,2026-09-23T18:10:22
unified/review/unified_202609_area_check.xlsx,2801583,06ea3b8c606338f25a12248d3420da7eabf6c9c8a838e8038bcd0f0b98b6523d,s3://rii-data-dump/talabat/silver/2026-09/08_validation/unified/review/unified_202609_area_check.xlsx,silver,08_validation,2026-09,2026-09-23T18:10:22
listing_comparison/output/genuinely_new_UNIQUE.jsonl,2759266,29f6a54630ccfa36eaf7b77772cc26991e552bb94a0886b74f13c1d4eef8f2f1,s3://rii-data-dump/talabat/silver/_cross_month/01_listing_compare/listing_comparison/output/genuinely_new_UNIQUE.jsonl,silver,01_listing_compare,_cross_month,2026-09-23T18:10:22
export/locations.json,2756591,c25b8ad25d86c57631f46224d5270baf2ac54ead3b5803dfdcdd12f3fb72c6fc,s3://rii-data-dump/talabat/gold/2026-07/exports/export/locations.json,gold,exports,2026-07,2026-09-23T18:10:22
Google_Place/apify/brands/crispy_chicken/output/raw/dataset_20260907_120020_group_a_qatjDxQP.json,2708717,c66844210174ceecd52da5b6165d6f9f0f473d8ab33087d0e52b2fe200183ca0,s3://rii-data-dump/talabat/bronze/bronze/2026-09/04_enrichment_raw/Google_Place/apify/brands/crispy_chicken/output/raw/dataset_20260907_120020_group_a_qatjDxQP.json,bronze,04_enrichment_raw,2026-09,2026-09-23T18:10:22
Google_Place/tav/output/final/TavRecovery_ByBranch.csv,2677979,11922bd3eca41b04a045ac77fa94db1ae697cd88caba6cea86b47ed4442047e5,s3://rii-data-dump/talabat/bronze/bronze/_cross_month/04_enrichment_raw/Google_Place/tav/output/final/TavRecovery_ByBranch.csv,bronze,04_enrichment_raw,_cross_month,2026-09-23T18:10:22
Google_Place/apify/brands/all_local_brands/output/raw/dataset_20260708_205604_group_4_ZtQlKhYo.json,2664604,888a0f54f25accef8a2442d7dba138eac7d14ae5457a632c0d6eac0d7ed65a77,s3://rii-data-dump/talabat/bronze/bronze/2026-07/04_enrichment_raw/Google_Place/apify/brands/all_local_brands/output/raw/dataset_20260708_205604_group_4_ZtQlKhYo.json,bronze,04_enrichment_raw,2026-07,2026-09-23T18:10:22
Google_Place/apify/brands/all_local_brands/output/raw/dataset_20260708_205604_merged_all.json,2664604,888a0f54f25accef8a2442d7dba138eac7d14ae5457a632c0d6eac0d7ed65a77,s3://rii-data-dump/talabat/bronze/bronze/2026-07/04_enrichment_raw/Google_Place/apify/brands/all_local_brands/output/raw/dataset_20260708_205604_merged_all.json,bronze,04_enrichment_raw,2026-07,2026-09-23T18:10:22
menu_refresh/data/scrape_targets.jsonl,2625543,8c7c34b2db5ce17ed500f89728816bd826a7a08cd7e02b25eda7f9fe13a8c3ab,s3://rii-data-dump/talabat/silver/2026-08/09_delta/menu_refresh/data/scrape_targets.jsonl,silver,09_delta,2026-08,2026-09-23T18:10:22
map_version2/mcdonalds/output/raw/dataset_20260706_165549_merged_all.json,2584025,c98e7e42c9dbfe5d429b23b52a674253af22e976627e88464ba2fb00ef5f44fb,s3://rii-data-dump/talabat/silver/2026-07/05_classification/map_version2/mcdonalds/output/raw/dataset_20260706_165549_merged_all.json,silver,05_classification,2026-07,2026-09-23T18:10:22
Google_Place/apify/brands/mcdonalds/output/raw/dataset_20260706_165549_merged_all.json,2584025,c98e7e42c9dbfe5d429b23b52a674253af22e976627e88464ba2fb00ef5f44fb,s3://rii-data-dump/talabat/bronze/bronze/2026-07/04_enrichment_raw/Google_Place/apify/brands/mcdonalds/output/raw/dataset_20260706_165549_merged_all.json,bronze,04_enrichment_raw,2026-07,2026-09-23T18:10:23
Google_Place/apify/brands/all_local_brands/output/raw/dataset_20260708_204806_group_10_ISRwwfIS.json,2580766,d185e9ca8df0f612cfe8274e6c42c0c345075740a4f7aebe7d28c3f3836702b5,s3://rii-data-dump/talabat/bronze/bronze/2026-07/04_enrichment_raw/Google_Place/apify/brands/all_local_brands/output/raw/dataset_20260708_204806_group_10_ISRwwfIS.json,bronze,04_enrichment_raw,2026-07,2026-09-23T18:10:23
Google_Place/apify/brands/all_local_brands/output/raw/dataset_20260708_204807_merged_all.json,2580766,d185e9ca8df0f612cfe8274e6c42c0c345075740a4f7aebe7d28c3f3836702b5,s3://rii-data-dump/talabat/bronze/bronze/2026-07/04_enrichment_raw/Google_Place/apify/brands/all_local_brands/output/raw/dataset_20260708_204807_merged_all.json,bronze,04_enrichment_raw,2026-07,2026-09-23T18:10:23
september/data/menus/review_verdicts_applied.csv,2567139,2b57869483b66d47d308a18380e63c6824148253c027f80ce068ae86b6f0b9c7,s3://rii-data-dump/talabat/silver/2026-09/02_sanitize/september/data/menus/review_verdicts_applied.csv,silver,02_sanitize,2026-09,2026-09-23T18:10:23
Google_Place/apify/brands/chicking/output/raw/dataset_20260907_120020_group_b_ACjp7bql.json,2473028,33c08923aaec2168503f59e5ae5a64006d7073cf602c3a9af03413e026a78bc2,s3://rii-data-dump/talabat/bronze/bronze/2026-09/04_enrichment_raw/Google_Place/apify/brands/chicking/output/raw/dataset_20260907_120020_group_b_ACjp7bql.json,bronze,04_enrichment_raw,2026-09,2026-09-23T18:10:23
Google_Place/apify/brands/crispy_chicken/output/raw/dataset_20260907_115950_group_b_l4d99uyc.json,2469336,61ca107dd6cfa47eeb0117b0470eeaf4c4c93bacafd2cedad169cb558576c2da,s3://rii-data-dump/talabat/bronze/bronze/2026-09/04_enrichment_raw/Google_Place/apify/brands/crispy_chicken/output/raw/dataset_20260907_115950_group_b_l4d99uyc.json,bronze,04_enrichment_raw,2026-09,2026-09-23T18:10:23
september/std_terms_with_ing_done.xlsx,2454175,7cf704fa3b7696a14facf376f5590c1196bc3188c64c83b67d15b7fff2dce903,s3://rii-data-dump/talabat/silver/2026-09/03_std_terms/september/std_terms_with_ing_done.xlsx,silver,03_std_terms,2026-09,2026-09-23T18:10:23
Google_Place/apify/brands/uae_main_batch_04/output/raw/dataset_20260703_132136_group_6_VrjwHkvg.json,2448414,a861ba74e3425aa5aae5c1cfcaf06fb3321cdbf08d01378c1fb7da1aafe5ad54,s3://rii-data-dump/talabat/bronze/bronze/2026-07/04_enrichment_raw/Google_Place/apify/brands/uae_main_batch_04/output/raw/dataset_20260703_132136_group_6_VrjwHkvg.json,bronze,04_enrichment_raw,2026-07,2026-09-23T18:10:23
Restaurant Identifier/data/restaurants_confirmed_sep.jsonl,2428875,3cc0e739c5ac841616f19426d6837c69c2d98214cac0aeb7bea3ab7d426999c4,s3://rii-data-dump/talabat/bronze/bronze/2026-09/02_listings/Restaurant Identifier/data/restaurants_confirmed_sep.jsonl,bronze,02_listings,2026-09,2026-09-23T18:10:23
tavily/data/classified/classified_20260622_201829.csv,2420542,40523f1278a2c434b3a12bfa8892112e230a19e692ff41f63387ca46a9308d32,s3://rii-data-dump/talabat/bronze/bronze/2026-06/04_enrichment_raw/tavily/data/classified/classified_20260622_201829.csv,bronze,04_enrichment_raw,2026-06,2026-09-23T18:10:23
tavily/data/classified/classified_final_20260622_213926.csv,2409716,efdd654f15ec153f9e95a7a1d1c8946b900919d41f79b92f4c0e994da2c61ac1,s3://rii-data-dump/talabat/bronze/bronze/2026-06/04_enrichment_raw/tavily/data/classified/classified_final_20260622_213926.csv,bronze,04_enrichment_raw,2026-06,2026-09-23T18:10:23
map_version2/pickl/output/raw/dataset_20260706_143605_merged_all.json,2409129,be2cca206a67c7be5ad09c3c37217f22b073dca6486a1ac69f9375951a579866,s3://rii-data-dump/talabat/silver/2026-07/05_classification/map_version2/pickl/output/raw/dataset_20260706_143605_merged_all.json,silver,05_classification,2026-07,2026-09-23T18:10:23
Google_Place/apify/brands/pickl/output/raw/dataset_20260706_143605_merged_all.json,2409129,be2cca206a67c7be5ad09c3c37217f22b073dca6486a1ac69f9375951a579866,s3://rii-data-dump/talabat/bronze/bronze/2026-07/04_enrichment_raw/Google_Place/apify/brands/pickl/output/raw/dataset_20260706_143605_merged_all.json,bronze,04_enrichment_raw,2026-07,2026-09-23T18:10:23
Google_Place/apify/brands/uae_main_batch_04/output/raw/dataset_20260703_132105_group_7_PQiNmRsq.json,2399484,1a3b366a1fa4ca1aff9dcbbb9a8265aba98752fdb7affbd3a0e6c7cf22afdf64,s3://rii-data-dump/talabat/bronze/bronze/2026-07/04_enrichment_raw/Google_Place/apify/brands/uae_main_batch_04/output/raw/dataset_20260703_132105_group_7_PQiNmRsq.json,bronze,04_enrichment_raw,2026-07,2026-09-23T18:10:23
Google_Place/apify/brands/uae_main_batch_04/output/raw/dataset_20260703_132519_group_10_PPPP7sxu.json,2324226,be861ae65ad6c185432cdbefa0144793417739d26d59289f234e66d54327f201,s3://rii-data-dump/talabat/bronze/bronze/2026-07/04_enrichment_raw/Google_Place/apify/brands/uae_main_batch_04/output/raw/dataset_20260703_132519_group_10_PPPP7sxu.json,bronze,04_enrichment_raw,2026-07,2026-09-23T18:10:23
Google_Place/apify/brands/uae_main_batch_04/output/raw/dataset_20260703_133020_group_3_ei8X2EcH.json,2296696,d84f88a14d0a26c7cf13a3ad78c5a56dc327c557446d189d332c8587e95326ac,s3://rii-data-dump/talabat/bronze/bronze/2026-07/04_enrichment_raw/Google_Place/apify/brands/uae_main_batch_04/output/raw/dataset_20260703_133020_group_3_ei8X2EcH.json,bronze,04_enrichment_raw,2026-07,2026-09-23T18:10:23
Google_Place/apify/brands/uae_main_batch_04/output/raw/dataset_20260703_132412_group_2_50oVBHlI.json,2282036,7a1f46f719d41da4032c1bf4398ebb833eeeee2b7772f33bc7d72210e0197844,s3://rii-data-dump/talabat/bronze/bronze/2026-07/04_enrichment_raw/Google_Place/apify/brands/uae_main_batch_04/output/raw/dataset_20260703_132412_group_2_50oVBHlI.json,bronze,04_enrichment_raw,2026-07,2026-09-23T18:10:23
Google_Place/apify/brands/uae_main_batch_04/output/raw/dataset_20260703_133122_group_1_Y02WnufC.json,2281403,4b238da6c62073c833c4cd91d9260c15324ec6b4a64dd962d65f7d292ebb8ad6,s3://rii-data-dump/talabat/bronze/bronze/2026-07/04_enrichment_raw/Google_Place/apify/brands/uae_main_batch_04/output/raw/dataset_20260703_133122_group_1_Y02WnufC.json,bronze,04_enrichment_raw,2026-07,2026-09-23T18:10:23
Google_Place/apify/output/raw/dataset_20260526_145522_uArBfePz.json,2251297,eb70b8d88008a86f6ccb68ad650f5d93f35a87a530c3505f090a30e0f86bff3c,s3://rii-data-dump/talabat/bronze/bronze/2026-05/04_enrichment_raw/Google_Place/apify/output/raw/dataset_20260526_145522_uArBfePz.json,bronze,04_enrichment_raw,2026-05,2026-09-23T18:10:23
apify/Apify_talabat/output/raw/dataset_20260526_145522_uArBfePz.json,2251297,eb70b8d88008a86f6ccb68ad650f5d93f35a87a530c3505f090a30e0f86bff3c,s3://rii-data-dump/talabat/bronze/bronze/2026-05/04_enrichment_raw/apify/Apify_talabat/output/raw/dataset_20260526_145522_uArBfePz.json,bronze,04_enrichment_raw,2026-05,2026-09-23T18:10:23
Google_Place/apify/brands/uae_main_batch_04/output/raw/dataset_20260703_132621_group_8_F6rMZv3A.json,2225569,82a908e0c2f0380bfcd4860e8621e286f5bdb915213c41f6a037f5d32bb5b575,s3://rii-data-dump/talabat/bronze/bronze/2026-07/04_enrichment_raw/Google_Place/apify/brands/uae_main_batch_04/output/raw/dataset_20260703_132621_group_8_F6rMZv3A.json,bronze,04_enrichment_raw,2026-07,2026-09-23T18:10:23
Google_Place/apify/brands/uae_main_batch_04/output/raw/dataset_20260703_132717_group_5_9hPfehHg.json,2214007,6500689e1f72bdccbcb5d589b4bca731336f9bbf7c1bcc107b05746cb4ba18d6,s3://rii-data-dump/talabat/bronze/bronze/2026-07/04_enrichment_raw/Google_Place/apify/brands/uae_main_batch_04/output/raw/dataset_20260703_132717_group_5_9hPfehHg.json,bronze,04_enrichment_raw,2026-07,2026-09-23T18:10:23
map_version2/output/Final_NotFound_Branches.json,2198179,f7a78e8a10ae97341a3e2788c721b5cc8a26714f51fbfc2ef858d8f5447c9809,s3://rii-data-dump/talabat/silver/_cross_month/05_classification/map_version2/output/Final_NotFound_Branches.json,silver,05_classification,_cross_month,2026-09-23T18:10:23
Google_Place/map_v2/output/Final_NotFound_Branches.json,2198179,f7a78e8a10ae97341a3e2788c721b5cc8a26714f51fbfc2ef858d8f5447c9809,s3://rii-data-dump/talabat/bronze/bronze/_cross_month/04_enrichment_raw/Google_Place/map_v2/output/Final_NotFound_Branches.json,bronze,04_enrichment_raw,_cross_month,2026-09-23T18:10:23
Google_Place/apify/brands/uae_main_batch_04/output/raw/dataset_20260703_132920_group_9_NIgD4Epv.json,2182814,97a1a030dc9c985f78705783489de77eeb7539d49effbc38a0c9a0c91e58a389,s3://rii-data-dump/talabat/bronze/bronze/2026-07/04_enrichment_raw/Google_Place/apify/brands/uae_main_batch_04/output/raw/dataset_20260703_132920_group_9_NIgD4Epv.json,bronze,04_enrichment_raw,2026-07,2026-09-23T18:10:23
images/data/august_images_confirmed.jsonl,2153677,33d3b3a9352d6bdca4bf4539d43e40ec93206c5f201d1352da8a274f6e0348f9,s3://rii-data-dump/talabat/bronze/bronze/2026-08/05_images_raw/images/data/august_images_confirmed.jsonl,bronze,05_images_raw,2026-08,2026-09-23T18:10:23
Google_Place/apify/brands/all_local_brands/output/raw/dataset_20260708_205531_group_1_eVnJVQjd.json,2146184,4e5da992f19e1e3ebc701666a1df91d56d478ebb86359ae234980831b37694f2,s3://rii-data-dump/talabat/bronze/bronze/2026-07/04_enrichment_raw/Google_Place/apify/brands/all_local_brands/output/raw/dataset_20260708_205531_group_1_eVnJVQjd.json,bronze,04_enrichment_raw,2026-07,2026-09-23T18:10:23
Google_Place/apify/brands/all_local_brands/output/raw/dataset_20260708_205531_merged_all.json,2146184,4e5da992f19e1e3ebc701666a1df91d56d478ebb86359ae234980831b37694f2,s3://rii-data-dump/talabat/bronze/bronze/2026-07/04_enrichment_raw/Google_Place/apify/brands/all_local_brands/output/raw/dataset_20260708_205531_merged_all.json,bronze,04_enrichment_raw,2026-07,2026-09-23T18:10:23
Google_Place/apify/brands/uae_main_batch_04/output/raw/dataset_20260703_133051_group_4_jzYy6rXf.json,2146103,d112ceee8b251265bc814806419ad95f631653e6fdb01daa4510e104e1ae0f4e,s3://rii-data-dump/talabat/bronze/bronze/2026-07/04_enrichment_raw/Google_Place/apify/brands/uae_main_batch_04/output/raw/dataset_20260703_133051_group_4_jzYy6rXf.json,bronze,04_enrichment_raw,2026-07,2026-09-23T18:10:23
Google_Place/tav/output/production/revalidated_phase1_CORRECTED.csv,2128588,9b936d5f0888e689bc56036c949e783dd12ab9cafa2af72c354ba055ccef2544,s3://rii-data-dump/talabat/bronze/bronze/_cross_month/04_enrichment_raw/Google_Place/tav/output/production/revalidated_phase1_CORRECTED.csv,bronze,04_enrichment_raw,_cross_month,2026-09-23T18:10:23
listing_comparison/output/genuinely_new_area_corrected.jsonl,2108623,0b8a7201a33c113c70cf4b51936fe84cc50b981b73a86e3979e48255dfc06f3c,s3://rii-data-dump/talabat/silver/_cross_month/01_listing_compare/listing_comparison/output/genuinely_new_area_corrected.jsonl,silver,01_listing_compare,_cross_month,2026-09-23T18:10:24
Google_Place/apify/brands/uae_retest_ravi_chandra/output/raw/dataset_20260702_163457_group_2_wcI51WhG.json,2080333,bba4d13c42486c7dbd87888b05297dbcf997819a0c94a02892d5ed2bf3ff59bf,s3://rii-data-dump/talabat/bronze/bronze/2026-07/04_enrichment_raw/Google_Place/apify/brands/uae_retest_ravi_chandra/output/raw/dataset_20260702_163457_group_2_wcI51WhG.json,bronze,04_enrichment_raw,2026-07,2026-09-23T18:10:24
Google_Place/apify/brands/uae_retest_ravi_chandra/output/raw/dataset_20260702_163527_group_1_LI9e591N.json,2073337,e3672f12bf4f4a61bf5679265e2cb11d5262e2125b89e73ed6efdc98d1da9e72,s3://rii-data-dump/talabat/bronze/bronze/2026-07/04_enrichment_raw/Google_Place/apify/brands/uae_retest_ravi_chandra/output/raw/dataset_20260702_163527_group_1_LI9e591N.json,bronze,04_enrichment_raw,2026-07,2026-09-23T18:10:24
Google_Place/apify/brands/uae_retest_thejas_k_sabu/output/raw/dataset_20260702_163155_group_2_ikl69fYs.json,2030813,3152bb3ee947231a3ee765d3de0659a9e73721303c5e50b242831a47c9c9bf2b,s3://rii-data-dump/talabat/bronze/bronze/2026-07/04_enrichment_raw/Google_Place/apify/brands/uae_retest_thejas_k_sabu/output/raw/dataset_20260702_163155_group_2_ikl69fYs.json,bronze,04_enrichment_raw,2026-07,2026-09-23T18:10:24
Google_Place/apify/brands/uae_retest_elakiya_chandrasekhar/output/raw/dataset_20260702_163323_group_1_Oj9RdyVq.json,2029981,6041d063eab9efbb4ef7de685453c280022a31074ac4c4383e323fcdf0318953,s3://rii-data-dump/talabat/bronze/bronze/2026-07/04_enrichment_raw/Google_Place/apify/brands/uae_retest_elakiya_chandrasekhar/output/raw/dataset_20260702_163323_group_1_Oj9RdyVq.json,bronze,04_enrichment_raw,2026-07,2026-09-23T18:10:24
Google_Place/apify/output/Remaining_4447_Unsearched_Names.json,1993747,22bbe8a28f0c4d2cbe1479a5dedbf26cada2cdce880167ddc867efc7e741d916,s3://rii-data-dump/talabat/bronze/bronze/_cross_month/04_enrichment_raw/Google_Place/apify/output/Remaining_4447_Unsearched_Names.json,bronze,04_enrichment_raw,_cross_month,2026-09-23T18:10:24
Google_Place/apify/brands/uae_confirm_chains/output/raw/dataset_20260702_134816_group_1_m3mW3L1r.json,1993262,b4f33af3a76428d80dafb4c997b3448ef8ace75e00030de425812b61f11d5aa3,s3://rii-data-dump/talabat/bronze/bronze/2026-07/04_enrichment_raw/Google_Place/apify/brands/uae_confirm_chains/output/raw/dataset_20260702_134816_group_1_m3mW3L1r.json,bronze,04_enrichment_raw,2026-07,2026-09-23T18:10:24
Google_Place/apify/brands/uae_confirm_chains/output/raw/dataset_20260702_134817_merged_all.json,1993262,b4f33af3a76428d80dafb4c997b3448ef8ace75e00030de425812b61f11d5aa3,s3://rii-data-dump/talabat/bronze/bronze/2026-07/04_enrichment_raw/Google_Place/apify/brands/uae_confirm_chains/output/raw/dataset_20260702_134817_merged_all.json,bronze,04_enrichment_raw,2026-07,2026-09-23T18:10:24
data/urls/talabat_restaurant_urls_sep.jsonl,1971785,32d5f959906e23876975a97ffbdbdcd8bf2c6f2427b1dfc2df6479e2e7e3160b,s3://rii-data-dump/talabat/bronze/bronze/2026-09/02_listings/data/urls/talabat_restaurant_urls_sep.jsonl,bronze,02_listings,2026-09,2026-09-23T18:10:24
map_version2/arabica/output/raw/dataset_20260706_143819_merged_all.json,1970150,afc60587f5608b050b0529599be3fdf7be7562dfe8d834de198514288bd86c4c,s3://rii-data-dump/talabat/silver/2026-07/05_classification/map_version2/arabica/output/raw/dataset_20260706_143819_merged_all.json,silver,05_classification,2026-07,2026-09-23T18:10:24
Google_Place/apify/brands/arabica/output/raw/dataset_20260706_143819_merged_all.json,1970150,afc60587f5608b050b0529599be3fdf7be7562dfe8d834de198514288bd86c4c,s3://rii-data-dump/talabat/bronze/bronze/2026-07/04_enrichment_raw/Google_Place/apify/brands/arabica/output/raw/dataset_20260706_143819_merged_all.json,bronze,04_enrichment_raw,2026-07,2026-09-23T18:10:24
Google_Place/tav/output/production/revalidated_phase1_20260705_205944.csv,1969294,5d39b70b64cd4261f286665e0ad84b6d8c816a41e939a0407f54d830b7d611f2,s3://rii-data-dump/talabat/bronze/bronze/2026-07/04_enrichment_raw/Google_Place/tav/output/production/revalidated_phase1_20260705_205944.csv,bronze,04_enrichment_raw,2026-07,2026-09-23T18:10:24
Restaurant Identifier/data/restaurant_urls_for_scraping.csv,1955266,50798fc15d33fa3a07c5595787d41326671b819485745d7653eb9cc33b9e1229,s3://rii-data-dump/talabat/bronze/bronze/_cross_month/02_listings/Restaurant Identifier/data/restaurant_urls_for_scraping.csv,bronze,02_listings,_cross_month,2026-09-23T18:10:24
map_version2/costa_coffee/output/raw/dataset_20260706_201851_merged_all.json,1944169,ac43b04ac6d642ab6828274697d4284375b5b5affa3b824c9c96b24dc5318f45,s3://rii-data-dump/talabat/silver/2026-07/05_classification/map_version2/costa_coffee/output/raw/dataset_20260706_201851_merged_all.json,silver,05_classification,2026-07,2026-09-23T18:10:24
Google_Place/apify/brands/costa_coffee/output/raw/dataset_20260706_201851_merged_all.json,1944169,ac43b04ac6d642ab6828274697d4284375b5b5affa3b824c9c96b24dc5318f45,s3://rii-data-dump/talabat/bronze/bronze/2026-07/04_enrichment_raw/Google_Place/apify/brands/costa_coffee/output/raw/dataset_20260706_201851_merged_all.json,bronze,04_enrichment_raw,2026-07,2026-09-23T18:10:24
Google_Place/apify/brands/uae_retest_elakiya_chandrasekhar/output/raw/dataset_20260702_163625_group_3_xKbOR0AR.json,1931851,ecbb57925e61098cc5b9a80cc5a930dfa69e0dbc602038bc10af07bfd4f57e94,s3://rii-data-dump/talabat/bronze/bronze/2026-07/04_enrichment_raw/Google_Place/apify/brands/uae_retest_elakiya_chandrasekhar/output/raw/dataset_20260702_163625_group_3_xKbOR0AR.json,bronze,04_enrichment_raw,2026-07,2026-09-23T18:10:24
Google_Place/apify/brands/dominos/output/raw/dataset_FINAL_merged_all_4groups.json,1912485,b4dd16112e508e11936e1cd201a8f6718a8f8fb684a66e60576be80e53bf50f3,s3://rii-data-dump/talabat/bronze/bronze/_cross_month/04_enrichment_raw/Google_Place/apify/brands/dominos/output/raw/dataset_FINAL_merged_all_4groups.json,bronze,04_enrichment_raw,_cross_month,2026-09-23T18:10:24
apify/Apify_talabat/brands/dominos/output/raw/dataset_FINAL_merged_all_4groups.json,1912485,b4dd16112e508e11936e1cd201a8f6718a8f8fb684a66e60576be80e53bf50f3,s3://rii-data-dump/talabat/bronze/bronze/_cross_month/04_enrichment_raw/apify/Apify_talabat/brands/dominos/output/raw/dataset_FINAL_merged_all_4groups.json,bronze,04_enrichment_raw,_cross_month,2026-09-23T18:10:24
August_menu/data/restaurant_status.jsonl,1911345,2c1c5f1d23d99fe689232ffac012954d19c372c99df253a5c2da35396b979524,s3://rii-data-dump/talabat/bronze/bronze/2026-08/03_menus_raw/August_menu/data/restaurant_status.jsonl,bronze,03_menus_raw,2026-08,2026-09-23T18:10:24
Google_Place/apify/brands/uae_retest_elakiya_chandrasekhar/output/raw/dataset_20260702_163826_group_2_xe7Xec43.json,1907941,8d6a5127825fc4e194598c2bf863bf75de53b44d06e010ce57a1a5f75d1bda3a,s3://rii-data-dump/talabat/bronze/bronze/2026-07/04_enrichment_raw/Google_Place/apify/brands/uae_retest_elakiya_chandrasekhar/output/raw/dataset_20260702_163826_group_2_xe7Xec43.json,bronze,04_enrichment_raw,2026-07,2026-09-23T18:10:24
map_version2/pizza_hut/output/raw/dataset_20260706_173045_merged_all.json,1905750,4864891ffcbba75f0b2702e4600dd0b76d345af5050e327f9fe6695b8c059b8b,s3://rii-data-dump/talabat/silver/2026-07/05_classification/map_version2/pizza_hut/output/raw/dataset_20260706_173045_merged_all.json,silver,05_classification,2026-07,2026-09-23T18:10:24
Google_Place/apify/brands/pizza_hut/output/raw/dataset_20260706_173045_merged_all.json,1905750,4864891ffcbba75f0b2702e4600dd0b76d345af5050e327f9fe6695b8c059b8b,s3://rii-data-dump/talabat/bronze/bronze/2026-07/04_enrichment_raw/Google_Place/apify/brands/pizza_hut/output/raw/dataset_20260706_173045_merged_all.json,bronze,04_enrichment_raw,2026-07,2026-09-23T18:10:24
Google_Place/apify/brands/uae_retest_venkatesh_bestha/output/raw/dataset_20260702_163626_group_1_RC2y2L8m.json,1902294,2d0c8de8f493aa94dad1f6b0b27b3a311dd3c1652310ba551fd7e1d2a2f22881,s3://rii-data-dump/talabat/bronze/bronze/2026-07/04_enrichment_raw/Google_Place/apify/brands/uae_retest_venkatesh_bestha/output/raw/dataset_20260702_163626_group_1_RC2y2L8m.json,bronze,04_enrichment_raw,2026-07,2026-09-23T18:10:24
Google_Place/apify/brands/uae_retest_venkatesh_bestha/output/raw/dataset_20260702_163757_group_3_HjeeUmVa.json,1889007,ab40db29405e3c0a9c2fb157d12beccd1adc67efa4e45a0f1c154dba2c42ee38,s3://rii-data-dump/talabat/bronze/bronze/2026-07/04_enrichment_raw/Google_Place/apify/brands/uae_retest_venkatesh_bestha/output/raw/dataset_20260702_163757_group_3_HjeeUmVa.json,bronze,04_enrichment_raw,2026-07,2026-09-23T18:10:24
Google_Place/apify/brands/uae_retest_venkatesh_bestha/output/raw/dataset_20260702_163828_group_2_jFjr3c9z.json,1887474,10b0d2e9800f0d76fe6e1ca528ff602c98c44c41e239d3625e51cc4364dccd4d,s3://rii-data-dump/talabat/bronze/bronze/2026-07/04_enrichment_raw/Google_Place/apify/brands/uae_retest_venkatesh_bestha/output/raw/dataset_20260702_163828_group_2_jFjr3c9z.json,bronze,04_enrichment_raw,2026-07,2026-09-23T18:10:24
Google_Place/apify/brands/uae_retest_ravi_chandra/output/raw/dataset_20260702_163427_group_3_a3HIhevl.json,1858274,c3ed466f66a7b483b0ee4548bc14670e79bacc003bd8cb14b5d01ceb5271c89d,s3://rii-data-dump/talabat/bronze/bronze/2026-07/04_enrichment_raw/Google_Place/apify/brands/uae_retest_ravi_chandra/output/raw/dataset_20260702_163427_group_3_a3HIhevl.json,bronze,04_enrichment_raw,2026-07,2026-09-23T18:10:24
address_audit/data/contact_fix_applied.csv,1853913,71c8ca45aab328fa1ab0c7950f413ef4f1ffce0e226c4e59ae6ae7763ee3c755,s3://rii-data-dump/talabat/silver/2026-09/07_addresses/address_audit/data/contact_fix_applied.csv,silver,07_addresses,2026-09,2026-09-23T18:10:24
Google_Place/apify/brands/uae_retest_thejas_k_sabu/output/raw/dataset_20260702_163658_group_3_sM9u9fCj.json,1851570,cbc759d9c66c223ea78bf67f0f976287b3811eddf7f012c558d3b1d070088afc,s3://rii-data-dump/talabat/bronze/bronze/2026-07/04_enrichment_raw/Google_Place/apify/brands/uae_retest_thejas_k_sabu/output/raw/dataset_20260702_163658_group_3_sM9u9fCj.json,bronze,04_enrichment_raw,2026-07,2026-09-23T18:10:24
Google_Place/tav/output/final/TavRecovery_ByName.csv,1839570,fe7409cd4ffddade3330a52aa6bdea4dc358a2bb3969008f2479d0a3f18d3a77,s3://rii-data-dump/talabat/bronze/bronze/_cross_month/04_enrichment_raw/Google_Place/tav/output/final/TavRecovery_ByName.csv,bronze,04_enrichment_raw,_cross_month,2026-09-23T18:10:24
map_version2/pickl/output/raw/dataset_20260706_143233_group_b_ApbxlDwi.json,1827358,bfd93ab83a16f15b4e1b63cd91604ead868ac154c04517b14f68a792af542504,s3://rii-data-dump/talabat/silver/2026-07/05_classification/map_version2/pickl/output/raw/dataset_20260706_143233_group_b_ApbxlDwi.json,silver,05_classification,2026-07,2026-09-23T18:10:25
Google_Place/apify/brands/pickl/output/raw/dataset_20260706_143233_group_b_ApbxlDwi.json,1827358,bfd93ab83a16f15b4e1b63cd91604ead868ac154c04517b14f68a792af542504,s3://rii-data-dump/talabat/bronze/bronze/2026-07/04_enrichment_raw/Google_Place/apify/brands/pickl/output/raw/dataset_20260706_143233_group_b_ApbxlDwi.json,bronze,04_enrichment_raw,2026-07,2026-09-23T18:10:25
Google_Place/apify/output/retest_500_strict/UAE_Other_UAE_Entities.json,1771622,322fdbaefd572d1e4601a854a5ce22611870f8e03c10931b1be8b2115e43bd11,s3://rii-data-dump/talabat/bronze/bronze/_cross_month/04_enrichment_raw/Google_Place/apify/output/retest_500_strict/UAE_Other_UAE_Entities.json,bronze,04_enrichment_raw,_cross_month,2026-09-23T18:10:25
listing_comparison/output/genuinely_new_UNIQUE.csv,1747856,a369289831e299945b291aba5869440c804d44120f73297cafdcc36f2f49b629,s3://rii-data-dump/talabat/silver/_cross_month/01_listing_compare/listing_comparison/output/genuinely_new_UNIQUE.csv,silver,01_listing_compare,_cross_month,2026-09-23T18:10:25
listing_comparison/output/smear_areafix_area_corrected.jsonl,1733560,b3695c7f5d60cc8f787f8eb61d32b9ecdd5f63014fb99f130d6fc8792e8646aa,s3://rii-data-dump/talabat/silver/_cross_month/01_listing_compare/listing_comparison/output/smear_areafix_area_corrected.jsonl,silver,01_listing_compare,_cross_month,2026-09-23T18:10:25
Google_Place/apify/output/OUTPUT.json,1722069,f00698b12353fab5b5ce32b212ea52e69f6d04a05e952915e4aa30200b827957,s3://rii-data-dump/talabat/bronze/bronze/_cross_month/04_enrichment_raw/Google_Place/apify/output/OUTPUT.json,bronze,04_enrichment_raw,_cross_month,2026-09-23T18:10:25
apify/Apify_talabat/output/OUTPUT.json,1722069,f00698b12353fab5b5ce32b212ea52e69f6d04a05e952915e4aa30200b827957,s3://rii-data-dump/talabat/bronze/bronze/_cross_month/04_enrichment_raw/apify/Apify_talabat/output/OUTPUT.json,bronze,04_enrichment_raw,_cross_month,2026-09-23T18:10:25
export/restaurant_addresses.csv,1698738,e2ed49b53cb8d9e687699cfc1980184d9153f3b60ecd70e22503d7066507a8eb,s3://rii-data-dump/talabat/gold/2026-07/exports/export/restaurant_addresses.csv,gold,exports,2026-07,2026-09-23T18:10:25
Google_Place/apify/output/full_summary/All_Matched_So_Far.csv,1687192,3fe085a62eab58073043fac1c38abab5e03c9337d2c2d3d28b4b0b44dc2eadbb,s3://rii-data-dump/talabat/bronze/bronze/_cross_month/04_enrichment_raw/Google_Place/apify/output/full_summary/All_Matched_So_Far.csv,bronze,04_enrichment_raw,_cross_month,2026-09-23T18:10:25
menu_refresh/data/refresh_202609/newitems/sanitize_mapping.csv,1671912,90bb83dde85bd84597de9ebf9bbbb93131d1357bbe5ce3a5872a7f1d55dd96ae,s3://rii-data-dump/talabat/silver/2026-09/02_sanitize/menu_refresh/data/refresh_202609/newitems/sanitize_mapping.csv,silver,02_sanitize,2026-09,2026-09-23T18:10:25
menu/data/reports/menu_delta_report_20260616_165858.xlsx,1639264,fba999992756675bd6075a9152406106e529b035b2898d5caefee3c8e0b15cfa,s3://rii-data-dump/talabat/silver/2026-06/09_delta/menu/data/reports/menu_delta_report_20260616_165858.xlsx,silver,09_delta,2026-06,2026-09-23T18:10:25
Google_Place/apify/brands/uae_retest_thejas_k_sabu/output/raw/dataset_20260702_164030_group_1_q92pkUic.json,1637191,f5cc72ea8c26fa8328025c29b3c21401cab07bebddf06ac0bf905490ccb57030,s3://rii-data-dump/talabat/bronze/bronze/2026-07/04_enrichment_raw/Google_Place/apify/brands/uae_retest_thejas_k_sabu/output/raw/dataset_20260702_164030_group_1_q92pkUic.json,bronze,04_enrichment_raw,2026-07,2026-09-23T18:10:25
Google_Place/apify/brands/chicking/output/raw/dataset_20260907_120623_group_a_cQntdgvr.json,1621460,fc5930d4c9070058c59bbb15ee6a94724cf31e323da0bf2ad1e2e4933692c981,s3://rii-data-dump/talabat/bronze/bronze/2026-09/04_enrichment_raw/Google_Place/apify/brands/chicking/output/raw/dataset_20260907_120623_group_a_cQntdgvr.json,bronze,04_enrichment_raw,2026-09,2026-09-23T18:10:25
listing_comparison/output/areaname_cache.json,1579888,b30ed277fb7b22f274a9b2c980a81ccbb8661e7463b14405bb6d29be24a32e6d,s3://rii-data-dump/talabat/silver/_cross_month/01_listing_compare/listing_comparison/output/areaname_cache.json,silver,01_listing_compare,_cross_month,2026-09-23T18:10:25
map_version2/subway/output/raw/dataset_20260706_173115_merged_all.json,1541015,26b7513892410793a21b74ebc9dad0afc1339e582f184a996581d51a03a6212b,s3://rii-data-dump/talabat/silver/2026-07/05_classification/map_version2/subway/output/raw/dataset_20260706_173115_merged_all.json,silver,05_classification,2026-07,2026-09-23T18:10:25
Google_Place/apify/brands/subway/output/raw/dataset_20260706_173115_merged_all.json,1541015,26b7513892410793a21b74ebc9dad0afc1339e582f184a996581d51a03a6212b,s3://rii-data-dump/talabat/bronze/bronze/2026-07/04_enrichment_raw/Google_Place/apify/brands/subway/output/raw/dataset_20260706_173115_merged_all.json,bronze,04_enrichment_raw,2026-07,2026-09-23T18:10:25
August_classification/data/google_places_enrichment.jsonl,1530083,3ae8248ae200026877c2766ec3ad903fee912e7df71dfb6aafa1ab876680a1e7,s3://rii-data-dump/talabat/bronze/bronze/2026-08/04_enrichment_raw/August_classification/data/google_places_enrichment.jsonl,bronze,04_enrichment_raw,2026-08,2026-09-23T18:10:25
Google_Place/apify/brands/baskin_robbins/output/raw/dataset_20260716_172553_merged_all.json,1494763,aa9d5887ab39af36e8c4bd7efb13b8bf4bf82a30921fcaf4cbafcfa18b8a2d42,s3://rii-data-dump/talabat/bronze/bronze/2026-07/04_enrichment_raw/Google_Place/apify/brands/baskin_robbins/output/raw/dataset_20260716_172553_merged_all.json,bronze,04_enrichment_raw,2026-07,2026-09-23T18:10:25
address_audit/data/branch_contacts.csv,1491908,977cc261b921594bad140480852b0dd5536c2cf0351ce296c60b3b72ed1b96e1,s3://rii-data-dump/talabat/silver/2026-09/07_addresses/address_audit/data/branch_contacts.csv,silver,07_addresses,2026-09,2026-09-23T18:10:25
images/data/test_images_confirmed.jsonl,1488248,dfb8a2f5506df07838590426e7617adfef72f93d1ff5e105505515e04b937614,s3://rii-data-dump/talabat/bronze/bronze/2026-07/05_images_raw/images/data/test_images_confirmed.jsonl,bronze,05_images_raw,2026-07,2026-09-23T18:10:25
August_classification/data/restaurants_classified.csv,1486494,be44627484ad7ad98c5cd103986feff9718f9c9759d8996367f3f46e6cb811b2,s3://rii-data-dump/talabat/silver/2026-08/05_classification/August_classification/data/restaurants_classified.csv,silver,05_classification,2026-08,2026-09-23T18:10:25
Google_Place/apify/brands/uae_fast_chain_04/output/raw/dataset_20260702_142439_group_1_jEdUTNiI.json,1467137,9d7bf9e977d0dda26db81eb8c6f547671769bf246f7b413bd4bc9123e70b0fe2,s3://rii-data-dump/talabat/bronze/bronze/2026-07/04_enrichment_raw/Google_Place/apify/brands/uae_fast_chain_04/output/raw/dataset_20260702_142439_group_1_jEdUTNiI.json,bronze,04_enrichment_raw,2026-07,2026-09-23T18:10:25
Google_Place/apify/brands/uae_fast_chain_04/output/raw/dataset_20260702_142439_merged_all.json,1467137,9d7bf9e977d0dda26db81eb8c6f547671769bf246f7b413bd4bc9123e70b0fe2,s3://rii-data-dump/talabat/bronze/bronze/2026-07/04_enrichment_raw/Google_Place/apify/brands/uae_fast_chain_04/output/raw/dataset_20260702_142439_merged_all.json,bronze,04_enrichment_raw,2026-07,2026-09-23T18:10:26
Google_Place/map/output/NotFound_Branches.csv,1464527,1aef8155a4672d935db80ef40d1045ee1aa5d9d506633964e40444cd683f9aa1,s3://rii-data-dump/talabat/bronze/bronze/_cross_month/04_enrichment_raw/Google_Place/map/output/NotFound_Branches.csv,bronze,04_enrichment_raw,_cross_month,2026-09-23T18:10:26
Google_Place/apify/output/retest_500/UAE_Retest_500.json,1448885,16d8760a3545cd08e4d072ed40538d89fb5392ec12bbee39dffc7fc8c9b7c7bb,s3://rii-data-dump/talabat/bronze/bronze/_cross_month/04_enrichment_raw/Google_Place/apify/output/retest_500/UAE_Retest_500.json,bronze,04_enrichment_raw,_cross_month,2026-09-23T18:10:26
Google_Place/apify/brands/uae_main_batch_05/output/raw/dataset_20260703_140634_group_16_4y7DSJtl.json,1420995,e5d0551d016dabae8e46303960fada601442a80fe2d51de79adefe0d012867de,s3://rii-data-dump/talabat/bronze/bronze/2026-07/04_enrichment_raw/Google_Place/apify/brands/uae_main_batch_05/output/raw/dataset_20260703_140634_group_16_4y7DSJtl.json,bronze,04_enrichment_raw,2026-07,2026-09-23T18:10:26
Google_Place/apify/output/raw/dataset_20260604_142927_ICxPdSaP.json,1409211,b616526da4485d5bbb22753aba50352a6cdc0e2d95407bcbf9a6d9991c48db53,s3://rii-data-dump/talabat/bronze/bronze/2026-06/04_enrichment_raw/Google_Place/apify/output/raw/dataset_20260604_142927_ICxPdSaP.json,bronze,04_enrichment_raw,2026-06,2026-09-23T18:10:26
Google_Place/apify/brands/kfc/output/raw/dataset_20260604_142927_ICxPdSaP.json,1409211,b616526da4485d5bbb22753aba50352a6cdc0e2d95407bcbf9a6d9991c48db53,s3://rii-data-dump/talabat/bronze/bronze/2026-06/04_enrichment_raw/Google_Place/apify/brands/kfc/output/raw/dataset_20260604_142927_ICxPdSaP.json,bronze,04_enrichment_raw,2026-06,2026-09-23T18:10:26
apify/Apify_talabat/output/raw/dataset_20260604_142927_ICxPdSaP.json,1409211,b616526da4485d5bbb22753aba50352a6cdc0e2d95407bcbf9a6d9991c48db53,s3://rii-data-dump/talabat/bronze/bronze/2026-06/04_enrichment_raw/apify/Apify_talabat/output/raw/dataset_20260604_142927_ICxPdSaP.json,bronze,04_enrichment_raw,2026-06,2026-09-23T18:10:26
apify/Apify_talabat/brands/kfc/output/raw/dataset_20260604_142927_ICxPdSaP.json,1409211,b616526da4485d5bbb22753aba50352a6cdc0e2d95407bcbf9a6d9991c48db53,s3://rii-data-dump/talabat/bronze/bronze/2026-06/04_enrichment_raw/apify/Apify_talabat/brands/kfc/output/raw/dataset_20260604_142927_ICxPdSaP.json,bronze,04_enrichment_raw,2026-06,2026-09-23T18:10:26
images/data/august_logo_targets.jsonl,1401489,428c17eadc0397b59db58275c152f0a54b94a2006b2d77de3d2701b49c95e396,s3://rii-data-dump/talabat/bronze/bronze/2026-08/05_images_raw/images/data/august_logo_targets.jsonl,bronze,05_images_raw,2026-08,2026-09-23T18:10:26
August_classification/data/stage2_places.json,1399706,ecc5886bd5ad36e35a7a307604d9ad9d4b556db7a4e555cb26707838e300f59c,s3://rii-data-dump/talabat/silver/2026-08/05_classification/August_classification/data/stage2_places.json,silver,05_classification,2026-08,2026-09-23T18:10:26
Restaurant Identifier/data/restaurants_confirmed_sep.csv,1381041,ff3739c85a5f08b818e5ecfb0a7331b2489097fe1c456fb6be32fc2b59b33b59,s3://rii-data-dump/talabat/bronze/bronze/2026-09/02_listings/Restaurant Identifier/data/restaurants_confirmed_sep.csv,bronze,02_listings,2026-09,2026-09-23T18:10:26
Google_Place/apify/output/master/UAE_Restaurant_Directory_MASTER.csv,1377355,c3920c4df26f5f4eee89b1e4af9634aeded802b8d22900c84fc5d4c2bf2848ce,s3://rii-data-dump/talabat/bronze/bronze/_cross_month/04_enrichment_raw/Google_Place/apify/output/master/UAE_Restaurant_Directory_MASTER.csv,bronze,04_enrichment_raw,_cross_month,2026-09-23T18:10:26
Google_Place/apify/brands/uae_main_batch_05/output/raw/dataset_20260703_141213_group_7_39U9c2zX.json,1333504,664c6fcfe5a59752c4b7b53ce704daf9f99e262238f3d3da1480bc9a8c7437cb,s3://rii-data-dump/talabat/bronze/bronze/2026-07/04_enrichment_raw/Google_Place/apify/brands/uae_main_batch_05/output/raw/dataset_20260703_141213_group_7_39U9c2zX.json,bronze,04_enrichment_raw,2026-07,2026-09-23T18:10:26
listing_comparison/output/batch_2026-08-11_identity_classification.csv,1306219,46df6955487f7893d522c49cac58cd1083c63705befceec2cd0b0323fb98c4cd,s3://rii-data-dump/talabat/silver/_cross_month/01_listing_compare/listing_comparison/output/batch_2026-08-11_identity_classification.csv,silver,01_listing_compare,_cross_month,2026-09-23T18:10:26
map_version2/mcdonalds/output/raw/dataset_20260706_165549_group_a_MMG9Cg0V.json,1304403,d39f318a2bf419bf074aecea6058c15c8c0a90640886b5f96c73473aacc8a7d4,s3://rii-data-dump/talabat/silver/2026-07/05_classification/map_version2/mcdonalds/output/raw/dataset_20260706_165549_group_a_MMG9Cg0V.json,silver,05_classification,2026-07,2026-09-23T18:10:26
Google_Place/apify/brands/mcdonalds/output/raw/dataset_20260706_165549_group_a_MMG9Cg0V.json,1304403,d39f318a2bf419bf074aecea6058c15c8c0a90640886b5f96c73473aacc8a7d4,s3://rii-data-dump/talabat/bronze/bronze/2026-07/04_enrichment_raw/Google_Place/apify/brands/mcdonalds/output/raw/dataset_20260706_165549_group_a_MMG9Cg0V.json,bronze,04_enrichment_raw,2026-07,2026-09-23T18:10:26
map_version2/arabica/output/raw/dataset_20260706_143517_group_b_JN4pNhhd.json,1301863,826b90d717b8425c552ba72e5cb0940e1739a501a434a3454e72bebb1b922fdb,s3://rii-data-dump/talabat/silver/2026-07/05_classification/map_version2/arabica/output/raw/dataset_20260706_143517_group_b_JN4pNhhd.json,silver,05_classification,2026-07,2026-09-23T18:10:26
Google_Place/apify/brands/arabica/output/raw/dataset_20260706_143517_group_b_JN4pNhhd.json,1301863,826b90d717b8425c552ba72e5cb0940e1739a501a434a3454e72bebb1b922fdb,s3://rii-data-dump/talabat/bronze/bronze/2026-07/04_enrichment_raw/Google_Place/apify/brands/arabica/output/raw/dataset_20260706_143517_group_b_JN4pNhhd.json,bronze,04_enrichment_raw,2026-07,2026-09-23T18:10:26
Google_Place/apify/brands/uae_main_batch_05/output/raw/dataset_20260703_141112_group_4_1hiuhh5b.json,1283096,652408d7372c2e2a73f25cc2c7f2a06d3383319a86adca66b3015dffc797a5b9,s3://rii-data-dump/talabat/bronze/bronze/2026-07/04_enrichment_raw/Google_Place/apify/brands/uae_main_batch_05/output/raw/dataset_20260703_141112_group_4_1hiuhh5b.json,bronze,04_enrichment_raw,2026-07,2026-09-23T18:10:26
map_version2/mcdonalds/output/raw/dataset_20260706_165418_group_b_eqFYgMaa.json,1279625,cc6355be1aefce89105557e449d5eb028409270a8c9eefcabdecee51dec22f4b,s3://rii-data-dump/talabat/silver/2026-07/05_classification/map_version2/mcdonalds/output/raw/dataset_20260706_165418_group_b_eqFYgMaa.json,silver,05_classification,2026-07,2026-09-23T18:10:26
Google_Place/apify/brands/mcdonalds/output/raw/dataset_20260706_165418_group_b_eqFYgMaa.json,1279625,cc6355be1aefce89105557e449d5eb028409270a8c9eefcabdecee51dec22f4b,s3://rii-data-dump/talabat/bronze/bronze/2026-07/04_enrichment_raw/Google_Place/apify/brands/mcdonalds/output/raw/dataset_20260706_165418_group_b_eqFYgMaa.json,bronze,04_enrichment_raw,2026-07,2026-09-23T18:10:26
Google_Place/apify/brands/uae_validation_chains/output/uae_validation_chains_processed.json,1241875,7368194eafe5def87947254089e08a681dd076b195c3a73e8f87d3ba21f3e128,s3://rii-data-dump/talabat/bronze/bronze/_cross_month/04_enrichment_raw/Google_Place/apify/brands/uae_validation_chains/output/uae_validation_chains_processed.json,bronze,04_enrichment_raw,_cross_month,2026-09-23T18:10:26
Google_Place/apify/brands/uae_main_batch_05/output/raw/dataset_20260703_140806_group_3_OkflcVyu.json,1234745,10c4ac623eefd703a71fac4771fd5395c30219e90ad27d50640f3177945a8778,s3://rii-data-dump/talabat/bronze/bronze/2026-07/04_enrichment_raw/Google_Place/apify/brands/uae_main_batch_05/output/raw/dataset_20260703_140806_group_3_OkflcVyu.json,bronze,04_enrichment_raw,2026-07,2026-09-23T18:10:26
export/IT_Team_Location/cache/geocode_cache.json,1228447,a76864a69c8bef26eb4ac797f604709decb23fe1814dfd49715adc11cfe20e7a,s3://rii-data-dump/talabat/gold/2026-07/exports/export/IT_Team_Location/cache/geocode_cache.json,gold,exports,2026-07,2026-09-23T18:10:26
unified/data/unified_202609_area_rectification.csv,1223697,39d59b764ef9d269885eb6611ab15bff2ad9acfb17defa13e249cda0dc00464f,s3://rii-data-dump/talabat/silver/2026-09/06_areas/unified/data/unified_202609_area_rectification.csv,silver,06_areas,2026-09,2026-09-23T18:10:26
listing_comparison/output/genuinely_new_area_corrected.csv,1223448,9fefbdceb3a38b50cc4985d80f84ebee5fcd61aaa061a2f66a395a7c880e518b,s3://rii-data-dump/talabat/silver/_cross_month/01_listing_compare/listing_comparison/output/genuinely_new_area_corrected.csv,silver,01_listing_compare,_cross_month,2026-09-23T18:10:26
Google_Place/apify/brands/uae_main_batch_05/output/raw/dataset_20260703_141137_group_9_N3f74cgw.json,1205738,0fab1f98c97c4b80c76da474fdab49fc044216901fb12c24451bdc8d55be7a6b,s3://rii-data-dump/talabat/bronze/bronze/2026-07/04_enrichment_raw/Google_Place/apify/brands/uae_main_batch_05/output/raw/dataset_20260703_141137_group_9_N3f74cgw.json,bronze,04_enrichment_raw,2026-07,2026-09-23T18:10:26
Google_Place/apify/brands/uae_main_batch_05/output/raw/dataset_20260703_141108_group_17_GA5O6fbR.json,1192716,5cd6b67848b70773a3180fc8877230ae3f720d04f9d925c0395a602f6b96c0a9,s3://rii-data-dump/talabat/bronze/bronze/2026-07/04_enrichment_raw/Google_Place/apify/brands/uae_main_batch_05/output/raw/dataset_20260703_141108_group_17_GA5O6fbR.json,bronze,04_enrichment_raw,2026-07,2026-09-23T18:10:26
Google_Place/apify/brands/uae_main_batch_05/output/raw/dataset_20260703_141440_group_15_bi8aTg9Y.json,1167259,2ea671370c3ff757dad4aec0a38cb35fd8b713f9bb1823bfbbf7c74304974072,s3://rii-data-dump/talabat/bronze/bronze/2026-07/04_enrichment_raw/Google_Place/apify/brands/uae_main_batch_05/output/raw/dataset_20260703_141440_group_15_bi8aTg9Y.json,bronze,04_enrichment_raw,2026-07,2026-09-23T18:10:26
Google_Place/apify/brands/uae_main_batch_05/output/raw/dataset_20260703_140940_group_2_p3gCPwLt.json,1166403,174204ef762509914d8889be2fa9df05172688323811de647d7cc15f18d2ea95,s3://rii-data-dump/talabat/bronze/bronze/2026-07/04_enrichment_raw/Google_Place/apify/brands/uae_main_batch_05/output/raw/dataset_20260703_140940_group_2_p3gCPwLt.json,bronze,04_enrichment_raw,2026-07,2026-09-23T18:10:26
Google_Place/apify/brands/uae_main_batch_05/output/raw/dataset_20260703_141208_group_13_ZfF5unZg.json,1162888,2fbd2814e2bca1d9271d6d3f387ce90f2ced7668e2ee9483c703ddf99161a661,s3://rii-data-dump/talabat/bronze/bronze/2026-07/04_enrichment_raw/Google_Place/apify/brands/uae_main_batch_05/output/raw/dataset_20260703_141208_group_13_ZfF5unZg.json,bronze,04_enrichment_raw,2026-07,2026-09-23T18:10:26
Google_Place/apify/brands/uae_main_batch_05/output/raw/dataset_20260703_141138_group_1_xHFZ6gkx.json,1161875,da0efc275be2006d5c6f56ea5d0b2e7828c442981bf92598e835b9d7155992de,s3://rii-data-dump/talabat/bronze/bronze/2026-07/04_enrichment_raw/Google_Place/apify/brands/uae_main_batch_05/output/raw/dataset_20260703_141138_group_1_xHFZ6gkx.json,bronze,04_enrichment_raw,2026-07,2026-09-23T18:10:26
map_version2/burger_king/output/raw/dataset_20260706_165518_merged_all.json,1158890,672f9fb5d28eb587da527c0a5044185afef9ac17e0a200794e586fbaf2b61921,s3://rii-data-dump/talabat/silver/2026-07/05_classification/map_version2/burger_king/output/raw/dataset_20260706_165518_merged_all.json,silver,05_classification,2026-07,2026-09-23T18:10:26
Google_Place/apify/brands/burger_king/output/raw/dataset_20260706_165518_merged_all.json,1158890,672f9fb5d28eb587da527c0a5044185afef9ac17e0a200794e586fbaf2b61921,s3://rii-data-dump/talabat/bronze/bronze/2026-07/04_enrichment_raw/Google_Place/apify/brands/burger_king/output/raw/dataset_20260706_165518_merged_all.json,bronze,04_enrichment_raw,2026-07,2026-09-23T18:10:26
area_classification/data/area_resolution_map.csv,1158854,6d0408dc3ca7597ac72eda5dc85ebb7ef55b47d465a3944259828f7f45a47a88,s3://rii-data-dump/talabat/silver/2026-09/06_areas/area_classification/data/area_resolution_map.csv,silver,06_areas,2026-09,2026-09-23T18:10:26
unified/data/unified_202609_raw_address_fix.csv,1147559,318378c0f39505c788eb46153ebbc9d1ce1e5ad48ae4f7824d5451d3c6471072,s3://rii-data-dump/talabat/silver/2026-09/08_validation/unified/data/unified_202609_raw_address_fix.csv,silver,08_validation,2026-09,2026-09-23T18:10:26
Google_Place/apify/brands/uae_main_batch_05/output/raw/dataset_20260703_141313_group_5_XyPWTtf6.json,1143538,2b6f1eae8b9ea110dae4578fc90c71e06e7756f3957e4d259a7afbe6d3a15736,s3://rii-data-dump/talabat/bronze/bronze/2026-07/04_enrichment_raw/Google_Place/apify/brands/uae_main_batch_05/output/raw/dataset_20260703_141313_group_5_XyPWTtf6.json,bronze,04_enrichment_raw,2026-07,2026-09-23T18:10:26
Google_Place/apify/brands/uae_fast_chain_01/output/raw/dataset_20260702_142446_group_1_KrvDrfMa.json,1133890,78c9a1e844c6da4e4439bcae9c6d235a98cba85022cb50880bdcde6d7d26dac3,s3://rii-data-dump/talabat/bronze/bronze/2026-07/04_enrichment_raw/Google_Place/apify/brands/uae_fast_chain_01/output/raw/dataset_20260702_142446_group_1_KrvDrfMa.json,bronze,04_enrichment_raw,2026-07,2026-09-23T18:10:26
Google_Place/apify/brands/uae_fast_chain_01/output/raw/dataset_20260702_142446_merged_all.json,1133890,78c9a1e844c6da4e4439bcae9c6d235a98cba85022cb50880bdcde6d7d26dac3,s3://rii-data-dump/talabat/bronze/bronze/2026-07/04_enrichment_raw/Google_Place/apify/brands/uae_fast_chain_01/output/raw/dataset_20260702_142446_merged_all.json,bronze,04_enrichment_raw,2026-07,2026-09-23T18:10:26
August_classification/data/restaurants_WITH_address.csv,1133114,55e545b7de763ec04143e63932afe5350121523a44c1438081747a56779a32f6,s3://rii-data-dump/talabat/silver/2026-08/05_classification/August_classification/data/restaurants_WITH_address.csv,silver,05_classification,2026-08,2026-09-23T18:10:27
Google_Place/apify/brands/uae_main_batch_05/output/raw/dataset_20260703_141238_group_8_hV0riZUd.json,1129765,e5c8534664b1448d610d808391a0760ffe1db2a04709580d93d95e7dcde7fc9e,s3://rii-data-dump/talabat/bronze/bronze/2026-07/04_enrichment_raw/Google_Place/apify/brands/uae_main_batch_05/output/raw/dataset_20260703_141238_group_8_hV0riZUd.json,bronze,04_enrichment_raw,2026-07,2026-09-23T18:10:27
Google_Place/talabat_menu/output/talabat_menu_20260623.csv,1118018,4f65be2340e243e6d0867bc9e1fe985d1dd8a673d5771c8378aa773471abe528,s3://rii-data-dump/talabat/bronze/bronze/2026-06/04_enrichment_raw/Google_Place/talabat_menu/output/talabat_menu_20260623.csv,bronze,04_enrichment_raw,2026-06,2026-09-23T18:10:27
apify/Apify_talabat/talabat_menu/output/talabat_menu_20260623.csv,1118018,4f65be2340e243e6d0867bc9e1fe985d1dd8a673d5771c8378aa773471abe528,s3://rii-data-dump/talabat/bronze/bronze/2026-06/04_enrichment_raw/apify/Apify_talabat/talabat_menu/output/talabat_menu_20260623.csv,bronze,04_enrichment_raw,2026-06,2026-09-23T18:10:27
Google_Place/apify/brands/uae_fast_default_07/output/raw/dataset_20260702_145404_merged_all.json,1105111,a67bff6041564f3745a50ce58ec7824903c42531beb4c8ec9508e268a6489a44,s3://rii-data-dump/talabat/bronze/bronze/2026-07/04_enrichment_raw/Google_Place/apify/brands/uae_fast_default_07/output/raw/dataset_20260702_145404_merged_all.json,bronze,04_enrichment_raw,2026-07,2026-09-23T18:10:27
address_audit/data/area_fix_applied.csv,1101743,b6ef91986912c14828f3242ad82fff8fd4ca10a92888083b1960b1e4446bd409,s3://rii-data-dump/talabat/silver/2026-09/07_addresses/address_audit/data/area_fix_applied.csv,silver,07_addresses,2026-09,2026-09-23T18:10:27
Google_Place/apify/brands/uae_fast_chain_03/output/raw/dataset_20260702_142533_group_1_tTazRPY2.json,1096422,fb62eefd784032d2b8db01d7355d1b68fc15a8ef740e5a242fc93c92c25a9035,s3://rii-data-dump/talabat/bronze/bronze/2026-07/04_enrichment_raw/Google_Place/apify/brands/uae_fast_chain_03/output/raw/dataset_20260702_142533_group_1_tTazRPY2.json,bronze,04_enrichment_raw,2026-07,2026-09-23T18:10:27
Google_Place/apify/brands/uae_fast_chain_03/output/raw/dataset_20260702_142533_merged_all.json,1096422,fb62eefd784032d2b8db01d7355d1b68fc15a8ef740e5a242fc93c92c25a9035,s3://rii-data-dump/talabat/bronze/bronze/2026-07/04_enrichment_raw/Google_Place/apify/brands/uae_fast_chain_03/output/raw/dataset_20260702_142533_merged_all.json,bronze,04_enrichment_raw,2026-07,2026-09-23T18:10:27
Google_Place/apify/brands/uae_main_batch_05/output/raw/dataset_20260703_141208_group_20_cvYehTjp.json,1094573,362bb6f0f225cfabaf0db896805a4e0afbde81d14de4c09e6224e065715c1066,s3://rii-data-dump/talabat/bronze/bronze/2026-07/04_enrichment_raw/Google_Place/apify/brands/uae_main_batch_05/output/raw/dataset_20260703_141208_group_20_cvYehTjp.json,bronze,04_enrichment_raw,2026-07,2026-09-23T18:10:27
Google_Place/apify/brands/uae_fast_chain_02/output/raw/dataset_20260702_142455_group_1_V2av33bx.json,1076241,597cb65570e5e1423742964869cb902661c6927d2a59485d789a42c4826472c6,s3://rii-data-dump/talabat/bronze/bronze/2026-07/04_enrichment_raw/Google_Place/apify/brands/uae_fast_chain_02/output/raw/dataset_20260702_142455_group_1_V2av33bx.json,bronze,04_enrichment_raw,2026-07,2026-09-23T18:10:27
Google_Place/apify/brands/uae_fast_chain_02/output/raw/dataset_20260702_142455_merged_all.json,1076241,597cb65570e5e1423742964869cb902661c6927d2a59485d789a42c4826472c6,s3://rii-data-dump/talabat/bronze/bronze/2026-07/04_enrichment_raw/Google_Place/apify/brands/uae_fast_chain_02/output/raw/dataset_20260702_142455_merged_all.json,bronze,04_enrichment_raw,2026-07,2026-09-23T18:10:27
Google_Place/apify/brands/uae_fast_chain_05/output/raw/dataset_20260702_142411_group_1_peTwiHZe.json,1060238,adc794614070853a0f9a40c24378aaeee0572412e93aa1f364cc3e3d903a2fc2,s3://rii-data-dump/talabat/bronze/bronze/2026-07/04_enrichment_raw/Google_Place/apify/brands/uae_fast_chain_05/output/raw/dataset_20260702_142411_group_1_peTwiHZe.json,bronze,04_enrichment_raw,2026-07,2026-09-23T18:10:27
Google_Place/apify/brands/uae_fast_chain_05/output/raw/dataset_20260702_142411_merged_all.json,1060238,adc794614070853a0f9a40c24378aaeee0572412e93aa1f364cc3e3d903a2fc2,s3://rii-data-dump/talabat/bronze/bronze/2026-07/04_enrichment_raw/Google_Place/apify/brands/uae_fast_chain_05/output/raw/dataset_20260702_142411_merged_all.json,bronze,04_enrichment_raw,2026-07,2026-09-23T18:10:27
export/loc_updated.csv,1056282,abe356676adc5a326574fa4967803864672c2bd56cb538efefc7652a9753cfb5,s3://rii-data-dump/talabat/gold/2026-07/exports/export/loc_updated.csv,gold,exports,2026-07,2026-09-23T18:10:27
export/locations.csv,1056246,02a8e2e99d47975237aa66a304723230681cbb0818b57703366146b54a7f297e,s3://rii-data-dump/talabat/gold/2026-07/exports/export/locations.csv,gold,exports,2026-07,2026-09-23T18:10:27
september/data/menus/sanitize_mapping.csv,1055855,7a37707cf01d9cf05d8324c25312392b65970d7f3cff72f4f77bc85458faaa84,s3://rii-data-dump/talabat/silver/2026-09/02_sanitize/september/data/menus/sanitize_mapping.csv,silver,02_sanitize,2026-09,2026-09-23T18:10:27
Google_Place/apify/brands/uae_fast_default_18/output/raw/dataset_20260702_145707_merged_all.json,1054425,c86b9faca48f9d72b1215d158b62ccaf3c1560278e7bb1071111d253feeba398,s3://rii-data-dump/talabat/bronze/bronze/2026-07/04_enrichment_raw/Google_Place/apify/brands/uae_fast_default_18/output/raw/dataset_20260702_145707_merged_all.json,bronze,04_enrichment_raw,2026-07,2026-09-23T18:10:27
Google_Place/apify/brands/uae_main_batch_05/output/raw/dataset_20260703_141510_group_18_JpMPJyQw.json,1053970,c17b40c940f1b8d415a0ff709de0eecf0be7f94a18657b2f56d2e0548eb1fd1f,s3://rii-data-dump/talabat/bronze/bronze/2026-07/04_enrichment_raw/Google_Place/apify/brands/uae_main_batch_05/output/raw/dataset_20260703_141510_group_18_JpMPJyQw.json,bronze,04_enrichment_raw,2026-07,2026-09-23T18:10:27
Google_Place/apify/brands/uae_main_batch_13/output/raw/dataset_20260704_124544_group_19_EzbJKsDC.json,1049748,7f7811ead2ac9c10e823fbb3ee0b89e367076b7489c16aa7ad09889233e77146,s3://rii-data-dump/talabat/bronze/bronze/2026-07/04_enrichment_raw/Google_Place/apify/brands/uae_main_batch_13/output/raw/dataset_20260704_124544_group_19_EzbJKsDC.json,bronze,04_enrichment_raw,2026-07,2026-09-23T18:10:27
Google_Place/apify/output/OUTPUT-2.csv,1033952,7ad9c78d5930b77bab5b647105902d8c5557cc88975487d7a2bb5bb89e2f0f2f,s3://rii-data-dump/talabat/bronze/bronze/_cross_month/04_enrichment_raw/Google_Place/apify/output/OUTPUT-2.csv,bronze,04_enrichment_raw,_cross_month,2026-09-23T18:10:27
apify/Apify_talabat/output/OUTPUT-2.csv,1033952,7ad9c78d5930b77bab5b647105902d8c5557cc88975487d7a2bb5bb89e2f0f2f,s3://rii-data-dump/talabat/bronze/bronze/_cross_month/04_enrichment_raw/apify/Apify_talabat/output/OUTPUT-2.csv,bronze,04_enrichment_raw,_cross_month,2026-09-23T18:10:27
Google_Place/apify/brands/uae_main_batch_07/output/raw/dataset_20260703_151914_group_20_nEd8yZzd.json,1028308,c3cb8f2a9c423583a5f4051ff651e99dd649c082ddea4bd44f90391fd83bbd85,s3://rii-data-dump/talabat/bronze/bronze/2026-07/04_enrichment_raw/Google_Place/apify/brands/uae_main_batch_07/output/raw/dataset_20260703_151914_group_20_nEd8yZzd.json,bronze,04_enrichment_raw,2026-07,2026-09-23T18:10:27
map_version2/costa_coffee/output/raw/dataset_20260706_201619_group_b_eILhf5wG.json,1026857,e17921bf207b3fb7c1c8421b34bffcb282a8b10d56ae08a5d8f70f516cb3f262,s3://rii-data-dump/talabat/silver/2026-07/05_classification/map_version2/costa_coffee/output/raw/dataset_20260706_201619_group_b_eILhf5wG.json,silver,05_classification,2026-07,2026-09-23T18:10:27
Google_Place/apify/brands/costa_coffee/output/raw/dataset_20260706_201619_group_b_eILhf5wG.json,1026857,e17921bf207b3fb7c1c8421b34bffcb282a8b10d56ae08a5d8f70f516cb3f262,s3://rii-data-dump/talabat/bronze/bronze/2026-07/04_enrichment_raw/Google_Place/apify/brands/costa_coffee/output/raw/dataset_20260706_201619_group_b_eILhf5wG.json,bronze,04_enrichment_raw,2026-07,2026-09-23T18:10:27
Google_Place/apify/brands/uae_main_batch_10/output/raw/dataset_20260703_202419_group_10_QiWTZgMJ.json,1023018,68c6cf39a1e693eefea3851c7053026e8e8cb65969094fce0f9004c78505ebc1,s3://rii-data-dump/talabat/bronze/bronze/2026-07/04_enrichment_raw/Google_Place/apify/brands/uae_main_batch_10/output/raw/dataset_20260703_202419_group_10_QiWTZgMJ.json,bronze,04_enrichment_raw,2026-07,2026-09-23T18:10:27
Google_Place/apify/brands/uae_main_batch_13/output/raw/dataset_20260704_124946_group_22_4MmV5Znc.json,1020186,bd7af9a71169280cdbd37816d3c18fb3a9a7166db34e1554827956d758e02c2e,s3://rii-data-dump/talabat/bronze/bronze/2026-07/04_enrichment_raw/Google_Place/apify/brands/uae_main_batch_13/output/raw/dataset_20260704_124946_group_22_4MmV5Znc.json,bronze,04_enrichment_raw,2026-07,2026-09-23T18:10:27
Google_Place/apify/brands/uae_main_batch_05/output/raw/dataset_20260703_141212_group_10_NJblA0Lh.json,1013110,7eeee718316f52aeefced0cdf2d7a810427c9cc9f7aaccbd28424b3832094547,s3://rii-data-dump/talabat/bronze/bronze/2026-07/04_enrichment_raw/Google_Place/apify/brands/uae_main_batch_05/output/raw/dataset_20260703_141212_group_10_NJblA0Lh.json,bronze,04_enrichment_raw,2026-07,2026-09-23T18:10:27
Google_Place/apify/brands/uae_main_batch_13/output/raw/dataset_20260704_124916_group_20_nysehfF8.json,1011060,7aac471721f9a24792c6734765371f278e804239e414f0b101cb89e5964aad62,s3://rii-data-dump/talabat/bronze/bronze/2026-07/04_enrichment_raw/Google_Place/apify/brands/uae_main_batch_13/output/raw/dataset_20260704_124916_group_20_nysehfF8.json,bronze,04_enrichment_raw,2026-07,2026-09-23T18:10:27
map_version2/pizza_hut/output/raw/dataset_20260706_173045_group_a_GjPvx4a8.json,1007258,c83fe797e75b3737f4072685ceaf7100b0598f56c74c16ad21df6f8be5e9cf80,s3://rii-data-dump/talabat/silver/2026-07/05_classification/map_version2/pizza_hut/output/raw/dataset_20260706_173045_group_a_GjPvx4a8.json,silver,05_classification,2026-07,2026-09-23T18:10:27
Google_Place/apify/brands/pizza_hut/output/raw/dataset_20260706_173045_group_a_GjPvx4a8.json,1007258,c83fe797e75b3737f4072685ceaf7100b0598f56c74c16ad21df6f8be5e9cf80,s3://rii-data-dump/talabat/bronze/bronze/2026-07/04_enrichment_raw/Google_Place/apify/brands/pizza_hut/output/raw/dataset_20260706_173045_group_a_GjPvx4a8.json,bronze,04_enrichment_raw,2026-07,2026-09-23T18:10:27
Google_Place/apify/brands/uae_main_batch_02/output/raw/dataset_20260703_105302_group_3_cmXSaPtr.json,1005507,ecb7ae7428d2a62019f0c4f7837df6f489b37ca7b11bb64acbc362a59683f6ef,s3://rii-data-dump/talabat/bronze/bronze/2026-07/04_enrichment_raw/Google_Place/apify/brands/uae_main_batch_02/output/raw/dataset_20260703_105302_group_3_cmXSaPtr.json,bronze,04_enrichment_raw,2026-07,2026-09-23T18:10:27
Google_Place/apify/brands/uae_main_batch_11/output/raw/dataset_20260704_105841_group_9_KEPmzMvd.json,1004119,1b8282d1be738256b11f7f0bf8f27c8ea237722916d76ed5ed68ed722bbbd79f,s3://rii-data-dump/talabat/bronze/bronze/2026-07/04_enrichment_raw/Google_Place/apify/brands/uae_main_batch_11/output/raw/dataset_20260704_105841_group_9_KEPmzMvd.json,bronze,04_enrichment_raw,2026-07,2026-09-23T18:10:27
Google_Place/apify/brands/uae_main_batch_05/output/raw/dataset_20260703_141540_group_11_rnfPf2Kh.json,1002541,f4e320fb219237e59931ebee4ac11024e10f78f340398bbcf5ba1d7f02921191,s3://rii-data-dump/talabat/bronze/bronze/2026-07/04_enrichment_raw/Google_Place/apify/brands/uae_main_batch_05/output/raw/dataset_20260703_141540_group_11_rnfPf2Kh.json,bronze,04_enrichment_raw,2026-07,2026-09-23T18:10:27
Google_Place/apify/brands/uae_main_batch_09/output/raw/dataset_20260703_162618_group_1_dQYP2uDa.json,997317,127cb30afcb619aaecfe04a5a76fb9bb8bd976387c6feee21b01d574071661b7,s3://rii-data-dump/talabat/bronze/bronze/2026-07/04_enrichment_raw/Google_Place/apify/brands/uae_main_batch_09/output/raw/dataset_20260703_162618_group_1_dQYP2uDa.json,bronze,04_enrichment_raw,2026-07,2026-09-23T18:10:27
Google_Place/apify/brands/uae_main_batch_08/output/raw/dataset_20260703_155958_group_29_Wk739elp.json,996885,00c738ec98bac4ab1a9d7913fed205788da174bf26c4b330f1dddd70588db463,s3://rii-data-dump/talabat/bronze/bronze/2026-07/04_enrichment_raw/Google_Place/apify/brands/uae_main_batch_08/output/raw/dataset_20260703_155958_group_29_Wk739elp.json,bronze,04_enrichment_raw,2026-07,2026-09-23T18:10:27
Google_Place/apify/brands/uae_main_batch_05/output/raw/dataset_20260703_141716_group_19_IiSThW49.json,992579,3d913e2b28e2ec9ec58efb5abfd638f480313b763475c7c286e29d947d0190ae,s3://rii-data-dump/talabat/bronze/bronze/2026-07/04_enrichment_raw/Google_Place/apify/brands/uae_main_batch_05/output/raw/dataset_20260703_141716_group_19_IiSThW49.json,bronze,04_enrichment_raw,2026-07,2026-09-23T18:10:27
listing_comparison/output/smear_areafix_area_corrected.csv,986666,6c27b99669ef8ca7d21b64345ca01eecf4fac16a53157dad364ecff7a9448e3f,s3://rii-data-dump/talabat/silver/_cross_month/01_listing_compare/listing_comparison/output/smear_areafix_area_corrected.csv,silver,01_listing_compare,_cross_month,2026-09-23T18:10:27
map_version2/dunkin_donuts/output/raw/dataset_20260706_143646_merged_all.json,985611,eef66d518cb0ede1e5f1477d61ccc4452eb795762b061c287c4ad511c902d5b7,s3://rii-data-dump/talabat/silver/2026-07/05_classification/map_version2/dunkin_donuts/output/raw/dataset_20260706_143646_merged_all.json,silver,05_classification,2026-07,2026-09-23T18:10:28
Google_Place/apify/brands/dunkin_donuts/output/raw/dataset_20260706_143646_merged_all.json,985611,eef66d518cb0ede1e5f1477d61ccc4452eb795762b061c287c4ad511c902d5b7,s3://rii-data-dump/talabat/bronze/bronze/2026-07/04_enrichment_raw/Google_Place/apify/brands/dunkin_donuts/output/raw/dataset_20260706_143646_merged_all.json,bronze,04_enrichment_raw,2026-07,2026-09-23T18:10:28
tavily/FINAL_CLASSIFY.csv,985567,c30c0296e34243681f91fa60800bca163eeb8522477cee28c91632ce316cf688,s3://rii-data-dump/talabat/bronze/bronze/_cross_month/04_enrichment_raw/tavily/FINAL_CLASSIFY.csv,bronze,04_enrichment_raw,_cross_month,2026-09-23T18:10:28
Google_Place/apify/brands/hardees/output/raw/dataset_20260907_115249_merged_all.json,985506,e4d001e4d9c190655a5a54735c7dd1cc88019942aca51563a96720ee5b117599,s3://rii-data-dump/talabat/bronze/bronze/2026-09/04_enrichment_raw/Google_Place/apify/brands/hardees/output/raw/dataset_20260907_115249_merged_all.json,bronze,04_enrichment_raw,2026-09,2026-09-23T18:10:28
Google_Place/apify/brands/uae_main_batch_08/output/raw/dataset_20260703_155656_group_1_6bINCMn8.json,979710,591d2c9749c97ebd3e441715e24724809462c51d0ca25804e0b39a10bf8c3512,s3://rii-data-dump/talabat/bronze/bronze/2026-07/04_enrichment_raw/Google_Place/apify/brands/uae_main_batch_08/output/raw/dataset_20260703_155656_group_1_6bINCMn8.json,bronze,04_enrichment_raw,2026-07,2026-09-23T18:10:28
Google_Place/apify/brands/uae_main_batch_14/output/raw/dataset_20260704_131703_group_16_Vwbs4M0z.json,970562,a6a078a863c3862d4df944ed8d0f7d778dfa1d34156377797363bd80a205bbb0,s3://rii-data-dump/talabat/bronze/bronze/2026-07/04_enrichment_raw/Google_Place/apify/brands/uae_main_batch_14/output/raw/dataset_20260704_131703_group_16_Vwbs4M0z.json,bronze,04_enrichment_raw,2026-07,2026-09-23T18:10:28
Google_Place/apify/brands/uae_main_batch_13/output/raw/dataset_20260704_124544_group_21_gK2Bcu51.json,968157,7989bedf9b05db6e0a5ea3786442a0072c793be1e2fab742dd73b9e4911d3461,s3://rii-data-dump/talabat/bronze/bronze/2026-07/04_enrichment_raw/Google_Place/apify/brands/uae_main_batch_13/output/raw/dataset_20260704_124544_group_21_gK2Bcu51.json,bronze,04_enrichment_raw,2026-07,2026-09-23T18:10:28
Google_Place/apify/brands/uae_fast_default_17/output/raw/dataset_20260702_145956_merged_all.json,968022,27f4a0f1561943169e32ef3378fd0d29c9ac6bb1109602fcef932ee73b4335ec,s3://rii-data-dump/talabat/bronze/bronze/2026-07/04_enrichment_raw/Google_Place/apify/brands/uae_fast_default_17/output/raw/dataset_20260702_145956_merged_all.json,bronze,04_enrichment_raw,2026-07,2026-09-23T18:10:28
Google_Place/apify/output/OUTPUT.csv,967770,3d7aebd368e6a149d08bc8129bf12592ffd10da72b787e9ae85b0c13764f66c2,s3://rii-data-dump/talabat/bronze/bronze/_cross_month/04_enrichment_raw/Google_Place/apify/output/OUTPUT.csv,bronze,04_enrichment_raw,_cross_month,2026-09-23T18:10:28
apify/Apify_talabat/output/OUTPUT.csv,967770,3d7aebd368e6a149d08bc8129bf12592ffd10da72b787e9ae85b0c13764f66c2,s3://rii-data-dump/talabat/bronze/bronze/_cross_month/04_enrichment_raw/apify/Apify_talabat/output/OUTPUT.csv,bronze,04_enrichment_raw,_cross_month,2026-09-23T18:10:28
Google_Place/apify/brands/uae_main_batch_05/output/raw/dataset_20260703_141413_group_12_7TKn4uIz.json,964414,76653a427179199b5ad8a4fcd0eb243648cb07aa2ad6b9a27763ffac8f846f8e,s3://rii-data-dump/talabat/bronze/bronze/2026-07/04_enrichment_raw/Google_Place/apify/brands/uae_main_batch_05/output/raw/dataset_20260703_141413_group_12_7TKn4uIz.json,bronze,04_enrichment_raw,2026-07,2026-09-23T18:10:28
Google_Place/apify/brands/uae_main_batch_09/output/raw/dataset_20260703_162919_group_17_YNZnsRg4.json,955250,429342bf6abe711a3a8e913c7f20f7aba05cc15be73cc6347d9425f8fe866c66,s3://rii-data-dump/talabat/bronze/bronze/2026-07/04_enrichment_raw/Google_Place/apify/brands/uae_main_batch_09/output/raw/dataset_20260703_162919_group_17_YNZnsRg4.json,bronze,04_enrichment_raw,2026-07,2026-09-23T18:10:28
Google_Place/apify/brands/uae_main_batch_14/output/raw/dataset_20260704_131803_group_6_r9cFCkJm.json,946461,5d63bd540f63034bf2a02bafc03dc1884ffbe016d5491489f5a4f2960adde6cd,s3://rii-data-dump/talabat/bronze/bronze/2026-07/04_enrichment_raw/Google_Place/apify/brands/uae_main_batch_14/output/raw/dataset_20260704_131803_group_6_r9cFCkJm.json,bronze,04_enrichment_raw,2026-07,2026-09-23T18:10:28
Google_Place/apify/brands/uae_main_batch_07/output/raw/dataset_20260703_152145_group_4_6AiXhLEH.json,944001,a41ae37d698e25b9b68cdcfe6b26a0e4519db1522cc0af4fee8e3d03dafedbcb,s3://rii-data-dump/talabat/bronze/bronze/2026-07/04_enrichment_raw/Google_Place/apify/brands/uae_main_batch_07/output/raw/dataset_20260703_152145_group_4_6AiXhLEH.json,bronze,04_enrichment_raw,2026-07,2026-09-23T18:10:28
Google_Place/apify/brands/uae_main_batch_11/output/raw/dataset_20260704_105912_group_10_bzlJ6tO9.json,939389,563c70827fccd178850e8505e7669daea36063be2572fe5e9a69da4792ba572b,s3://rii-data-dump/talabat/bronze/bronze/2026-07/04_enrichment_raw/Google_Place/apify/brands/uae_main_batch_11/output/raw/dataset_20260704_105912_group_10_bzlJ6tO9.json,bronze,04_enrichment_raw,2026-07,2026-09-23T18:10:28
Google_Place/apify/brands/uae_main_batch_08/output/raw/dataset_20260703_155827_group_26_082E8Xcp.json,936575,a7028430bc421e148477926bae3bb5b0a90b76ee4640215b9fae716e7219e7ef,s3://rii-data-dump/talabat/bronze/bronze/2026-07/04_enrichment_raw/Google_Place/apify/brands/uae_main_batch_08/output/raw/dataset_20260703_155827_group_26_082E8Xcp.json,bronze,04_enrichment_raw,2026-07,2026-09-23T18:10:28
Google_Place/apify/brands/uae_main_batch_11/output/raw/dataset_20260704_110112_group_18_SJBLeOf6.json,934814,eefae0b2f5d55a9d9805e2a844579215d1071bfed11349a88f7b7917c874e64f,s3://rii-data-dump/talabat/bronze/bronze/2026-07/04_enrichment_raw/Google_Place/apify/brands/uae_main_batch_11/output/raw/dataset_20260704_110112_group_18_SJBLeOf6.json,bronze,04_enrichment_raw,2026-07,2026-09-23T18:10:28
Google_Place/apify/brands/uae_main_batch_08/output/raw/dataset_20260703_155757_group_12_ks5VGF5f.json,930688,80def2bef957a047a9984d5565858cc866610f9037510b9cd95f8f74be2e8ee6,s3://rii-data-dump/talabat/bronze/bronze/2026-07/04_enrichment_raw/Google_Place/apify/brands/uae_main_batch_08/output/raw/dataset_20260703_155757_group_12_ks5VGF5f.json,bronze,04_enrichment_raw,2026-07,2026-09-23T18:10:28
Google_Place/apify/brands/uae_main_batch_11/output/raw/dataset_20260704_105944_group_17_6cWsnas2.json,929945,60afd2ed362a8438a2f8c340da3154391d30c1052e6c31c9cbe7f486df84fb11,s3://rii-data-dump/talabat/bronze/bronze/2026-07/04_enrichment_raw/Google_Place/apify/brands/uae_main_batch_11/output/raw/dataset_20260704_105944_group_17_6cWsnas2.json,bronze,04_enrichment_raw,2026-07,2026-09-23T18:10:28
Google_Place/apify/brands/uae_main_batch_05/output/raw/dataset_20260703_141439_group_14_1YaVdXWT.json,928054,d932c8e0f67000cfae5ae759b5c1456d6622ebb0c7d51088811383a9c1e89b37,s3://rii-data-dump/talabat/bronze/bronze/2026-07/04_enrichment_raw/Google_Place/apify/brands/uae_main_batch_05/output/raw/dataset_20260703_141439_group_14_1YaVdXWT.json,bronze,04_enrichment_raw,2026-07,2026-09-23T18:10:28
Google_Place/apify/brands/uae_main_batch_02/output/raw/dataset_20260703_105232_group_2_JBWrIpuG.json,926012,ce7bf1760eb4e73c86bde0a91a5cd10f975fdb2d72229d9eaafd8e7f96f65cd6,s3://rii-data-dump/talabat/bronze/bronze/2026-07/04_enrichment_raw/Google_Place/apify/brands/uae_main_batch_02/output/raw/dataset_20260703_105232_group_2_JBWrIpuG.json,bronze,04_enrichment_raw,2026-07,2026-09-23T18:10:28
Google_Place/apify/brands/uae_main_batch_07/output/raw/dataset_20260703_152014_group_15_BfI4pObQ.json,924606,623fbe273545f3596c22d96f3d570d147001d8f593bd769b4c851b4725c9102e,s3://rii-data-dump/talabat/bronze/bronze/2026-07/04_enrichment_raw/Google_Place/apify/brands/uae_main_batch_07/output/raw/dataset_20260703_152014_group_15_BfI4pObQ.json,bronze,04_enrichment_raw,2026-07,2026-09-23T18:10:28
Google_Place/apify/brands/uae_main_batch_06/output/raw/dataset_20260703_143224_group_10_4dT5gka5.json,923709,cb7972bac2862aebf3422fe038b6659491e5b045bb6baf9f7fa2e87699632773,s3://rii-data-dump/talabat/bronze/bronze/2026-07/04_enrichment_raw/Google_Place/apify/brands/uae_main_batch_06/output/raw/dataset_20260703_143224_group_10_4dT5gka5.json,bronze,04_enrichment_raw,2026-07,2026-09-23T18:10:28
Google_Place/apify/brands/uae_main_batch_09/output/raw/dataset_20260703_162849_group_3_g3WXYwyP.json,923524,fde95867ad19aea1d034ca57460726817eee86c5fe686cccba2349bdac773eb1,s3://rii-data-dump/talabat/bronze/bronze/2026-07/04_enrichment_raw/Google_Place/apify/brands/uae_main_batch_09/output/raw/dataset_20260703_162849_group_3_g3WXYwyP.json,bronze,04_enrichment_raw,2026-07,2026-09-23T18:10:28
Google_Place/apify/brands/dominos/output/raw/dataset_20260604_171331_merged_all.json,923523,1b6d72ce1c8eee707e7556205566ec77d212542638b2ced49e2cbe12f31797f9,s3://rii-data-dump/talabat/bronze/bronze/2026-06/04_enrichment_raw/Google_Place/apify/brands/dominos/output/raw/dataset_20260604_171331_merged_all.json,bronze,04_enrichment_raw,2026-06,2026-09-23T18:10:28
apify/Apify_talabat/brands/dominos/output/raw/dataset_20260604_171331_merged_all.json,923523,1b6d72ce1c8eee707e7556205566ec77d212542638b2ced49e2cbe12f31797f9,s3://rii-data-dump/talabat/bronze/bronze/2026-06/04_enrichment_raw/apify/Apify_talabat/brands/dominos/output/raw/dataset_20260604_171331_merged_all.json,bronze,04_enrichment_raw,2026-06,2026-09-23T18:10:28
Google_Place/apify/brands/uae_main_batch_14/output/raw/dataset_20260704_131833_group_9_f2xtcFC9.json,923279,7d71c82613803dda0c8696970a880898dda7f4fe64f6a955f3b39f302b67ac27,s3://rii-data-dump/talabat/bronze/bronze/2026-07/04_enrichment_raw/Google_Place/apify/brands/uae_main_batch_14/output/raw/dataset_20260704_131833_group_9_f2xtcFC9.json,bronze,04_enrichment_raw,2026-07,2026-09-23T18:10:28
map_version2/costa_coffee/output/raw/dataset_20260706_201851_group_a_AueIzx0T.json,917315,1172a8a3d0e441f469e1cb6b100a4bcda5a3de978c8bd69e0b8f230fc495914e,s3://rii-data-dump/talabat/silver/2026-07/05_classification/map_version2/costa_coffee/output/raw/dataset_20260706_201851_group_a_AueIzx0T.json,silver,05_classification,2026-07,2026-09-23T18:10:28
Google_Place/apify/brands/costa_coffee/output/raw/dataset_20260706_201851_group_a_AueIzx0T.json,917315,1172a8a3d0e441f469e1cb6b100a4bcda5a3de978c8bd69e0b8f230fc495914e,s3://rii-data-dump/talabat/bronze/bronze/2026-07/04_enrichment_raw/Google_Place/apify/brands/costa_coffee/output/raw/dataset_20260706_201851_group_a_AueIzx0T.json,bronze,04_enrichment_raw,2026-07,2026-09-23T18:10:28
Google_Place/apify/brands/uae_main_batch_11/output/raw/dataset_20260704_110041_group_20_5hT5g6TU.json,916436,9b3125370e8465c11a348e91a2e81425681d11b20cb9eeb6c381e00ffc760ade,s3://rii-data-dump/talabat/bronze/bronze/2026-07/04_enrichment_raw/Google_Place/apify/brands/uae_main_batch_11/output/raw/dataset_20260704_110041_group_20_5hT5g6TU.json,bronze,04_enrichment_raw,2026-07,2026-09-23T18:10:28
Google_Place/apify/brands/uae_main_batch_12/output/raw/dataset_20260704_112157_group_8_hXUKl2xk.json,915232,7bb70053648417a067877d9004cdd74c53e9a01c86fa3308d130f8d3f854ec6b,s3://rii-data-dump/talabat/bronze/bronze/2026-07/04_enrichment_raw/Google_Place/apify/brands/uae_main_batch_12/output/raw/dataset_20260704_112157_group_8_hXUKl2xk.json,bronze,04_enrichment_raw,2026-07,2026-09-23T18:10:28
Google_Place/apify/brands/uae_main_batch_05/output/raw/dataset_20260703_141846_group_6_aFCMSgba.json,909969,c029e0f6dba05dfd9429fe014025d4e665b702166feb60cb027d6cb8de1f8f87,s3://rii-data-dump/talabat/bronze/bronze/2026-07/04_enrichment_raw/Google_Place/apify/brands/uae_main_batch_05/output/raw/dataset_20260703_141846_group_6_aFCMSgba.json,bronze,04_enrichment_raw,2026-07,2026-09-23T18:10:28
Google_Place/apify/brands/uae_main_batch_14/output/raw/dataset_20260704_131934_group_17_96ZCOPuv.json,908690,63e440d51ca8a97346d64e4fc249158d493e4421f5292973d1f1b3a9151e7d2d,s3://rii-data-dump/talabat/bronze/bronze/2026-07/04_enrichment_raw/Google_Place/apify/brands/uae_main_batch_14/output/raw/dataset_20260704_131934_group_17_96ZCOPuv.json,bronze,04_enrichment_raw,2026-07,2026-09-23T18:10:28
Google_Place/apify/brands/uae_main_batch_14/output/raw/dataset_20260704_131834_group_1_MSgtyom6.json,907128,37f7b2672ebdf1af3ed774830d5d081b14f492c52e338b89720eff82e416331a,s3://rii-data-dump/talabat/bronze/bronze/2026-07/04_enrichment_raw/Google_Place/apify/brands/uae_main_batch_14/output/raw/dataset_20260704_131834_group_1_MSgtyom6.json,bronze,04_enrichment_raw,2026-07,2026-09-23T18:10:28
Google_Place/apify/brands/uae_main_batch_08/output/raw/dataset_20260703_155958_group_15_lSFTHjDE.json,904004,844981da57b53c487cf90822135850c125db2dec4c98b19f4450506e3fe47e82,s3://rii-data-dump/talabat/bronze/bronze/2026-07/04_enrichment_raw/Google_Place/apify/brands/uae_main_batch_08/output/raw/dataset_20260703_155958_group_15_lSFTHjDE.json,bronze,04_enrichment_raw,2026-07,2026-09-23T18:10:28
Google_Place/apify/brands/uae_main_batch_13/output/raw/dataset_20260704_125053_group_7_QGCB2BSv.json,903765,0dbc7e58fe7e30d82cfb7a40adca0217e34cd115b75f9ed60f22928b49054f56,s3://rii-data-dump/talabat/bronze/bronze/2026-07/04_enrichment_raw/Google_Place/apify/brands/uae_main_batch_13/output/raw/dataset_20260704_125053_group_7_QGCB2BSv.json,bronze,04_enrichment_raw,2026-07,2026-09-23T18:10:28
Google_Place/apify/brands/uae_main_batch_06/output/raw/dataset_20260703_143656_group_5_63vxK2ly.json,900624,a0c05cb8a9498498f2343c0e3ca7202551340443b4af2296d98a7a9119747246,s3://rii-data-dump/talabat/bronze/bronze/2026-07/04_enrichment_raw/Google_Place/apify/brands/uae_main_batch_06/output/raw/dataset_20260703_143656_group_5_63vxK2ly.json,bronze,04_enrichment_raw,2026-07,2026-09-23T18:10:28
August_menu/data/translate_mapping.csv,900561,84c2a13bcff590ae5516ac02fd1d591343909a838d3d1844ec4d37e52553d502,s3://rii-data-dump/talabat/silver/2026-08/02_sanitize/August_menu/data/translate_mapping.csv,silver,02_sanitize,2026-08,2026-09-23T18:10:28
Google_Place/apify/brands/uae_main_batch_11/output/raw/dataset_20260704_110113_group_3_gfOCf57d.json,899500,de886f0036f91f56ec5663a65794d6c5f02dec67217a629563c82b41d244dd6b,s3://rii-data-dump/talabat/bronze/bronze/2026-07/04_enrichment_raw/Google_Place/apify/brands/uae_main_batch_11/output/raw/dataset_20260704_110113_group_3_gfOCf57d.json,bronze,04_enrichment_raw,2026-07,2026-09-23T18:10:28
Google_Place/apify/brands/uae_fast_default_16/output/raw/dataset_20260702_145825_merged_all.json,899282,2a35a5c0bdcc50fbef4611b8b7206cf8cae9dd15afdc947db8b06df02c6527ad,s3://rii-data-dump/talabat/bronze/bronze/2026-07/04_enrichment_raw/Google_Place/apify/brands/uae_fast_default_16/output/raw/dataset_20260702_145825_merged_all.json,bronze,04_enrichment_raw,2026-07,2026-09-23T18:10:28
Google_Place/apify/brands/uae_main_batch_07/output/raw/dataset_20260703_151944_group_17_x8O9ZBkb.json,899278,ebca8f79cd9733097b5a8fff1797ae7ffa915dc3484e837f997fca1a16c5f50e,s3://rii-data-dump/talabat/bronze/bronze/2026-07/04_enrichment_raw/Google_Place/apify/brands/uae_main_batch_07/output/raw/dataset_20260703_151944_group_17_x8O9ZBkb.json,bronze,04_enrichment_raw,2026-07,2026-09-23T18:10:28
Google_Place/apify/brands/uae_main_batch_11/output/raw/dataset_20260704_110244_group_5_peQ7eGaQ.json,899163,fdeb086a3ea5710fee83938e4f43102b42c7eb93f914d40489d1a1b507a354a7,s3://rii-data-dump/talabat/bronze/bronze/2026-07/04_enrichment_raw/Google_Place/apify/brands/uae_main_batch_11/output/raw/dataset_20260704_110244_group_5_peQ7eGaQ.json,bronze,04_enrichment_raw,2026-07,2026-09-23T18:10:28
map_version2/pizza_hut/output/raw/dataset_20260706_172914_group_b_QUOSEpoS.json,898495,cc11b29e006eacf6f8e012d5d4f5a2d36646ce7907d76f6f348b302712faf3ab,s3://rii-data-dump/talabat/silver/2026-07/05_classification/map_version2/pizza_hut/output/raw/dataset_20260706_172914_group_b_QUOSEpoS.json,silver,05_classification,2026-07,2026-09-23T18:10:28
Google_Place/apify/brands/pizza_hut/output/raw/dataset_20260706_172914_group_b_QUOSEpoS.json,898495,cc11b29e006eacf6f8e012d5d4f5a2d36646ce7907d76f6f348b302712faf3ab,s3://rii-data-dump/talabat/bronze/bronze/2026-07/04_enrichment_raw/Google_Place/apify/brands/pizza_hut/output/raw/dataset_20260706_172914_group_b_QUOSEpoS.json,bronze,04_enrichment_raw,2026-07,2026-09-23T18:10:28
Google_Place/apify/brands/uae_main_batch_11/output/raw/dataset_20260704_110345_group_14_oQW08fAD.json,897790,7dbb78b042d54cf3b492b4aba6573837e7f1d1ea496611aa8e395dddc68fd401,s3://rii-data-dump/talabat/bronze/bronze/2026-07/04_enrichment_raw/Google_Place/apify/brands/uae_main_batch_11/output/raw/dataset_20260704_110345_group_14_oQW08fAD.json,bronze,04_enrichment_raw,2026-07,2026-09-23T18:10:28
Google_Place/apify/brands/uae_main_batch_14/output/raw/dataset_20260704_131904_group_30_2iPbr0i0.json,896139,85c86763eefe1d25be1a037eef02108529cae5679786a6c7115584296347c889,s3://rii-data-dump/talabat/bronze/bronze/2026-07/04_enrichment_raw/Google_Place/apify/brands/uae_main_batch_14/output/raw/dataset_20260704_131904_group_30_2iPbr0i0.json,bronze,04_enrichment_raw,2026-07,2026-09-23T18:10:28
Google_Place/apify/brands/uae_main_batch_10/output/raw/dataset_20260703_202752_group_6_TicXrbqY.json,894362,483266082d6fac7d09ef96ea8d0263f2254e215785008fb98ae4048af519b1b2,s3://rii-data-dump/talabat/bronze/bronze/2026-07/04_enrichment_raw/Google_Place/apify/brands/uae_main_batch_10/output/raw/dataset_20260703_202752_group_6_TicXrbqY.json,bronze,04_enrichment_raw,2026-07,2026-09-23T18:10:28
Google_Place/apify/brands/uae_main_batch_10/output/raw/dataset_20260703_202520_group_14_sllhvxjG.json,894179,83c3745389e6c8ec1044a9566fd035d2ece32f8ab6ecc30b47fd5e2175c288da,s3://rii-data-dump/talabat/bronze/bronze/2026-07/04_enrichment_raw/Google_Place/apify/brands/uae_main_batch_10/output/raw/dataset_20260703_202520_group_14_sllhvxjG.json,bronze,04_enrichment_raw,2026-07,2026-09-23T18:10:28
Google_Place/apify/brands/local/output/raw/dataset_20260604_181509_batch_3_R90FU9YX.json,893074,36d50b62a24eda7806cb3ac09e2c870409c4bc16d72861a2221439a84b1b9723,s3://rii-data-dump/talabat/bronze/bronze/2026-06/04_enrichment_raw/Google_Place/apify/brands/local/output/raw/dataset_20260604_181509_batch_3_R90FU9YX.json,bronze,04_enrichment_raw,2026-06,2026-09-23T18:10:28
apify/Apify_talabat/brands/local/output/raw/dataset_20260604_181509_batch_3_R90FU9YX.json,893074,36d50b62a24eda7806cb3ac09e2c870409c4bc16d72861a2221439a84b1b9723,s3://rii-data-dump/talabat/bronze/bronze/2026-06/04_enrichment_raw/apify/Apify_talabat/brands/local/output/raw/dataset_20260604_181509_batch_3_R90FU9YX.json,bronze,04_enrichment_raw,2026-06,2026-09-23T18:10:28
menu/data/reports/menu_delta_report_20260616_141830.xlsx,891605,2116f516958d03bd36ec97080e8203bed6278fa559e3b1e56e9f63678afaec89,s3://rii-data-dump/talabat/silver/2026-06/09_delta/menu/data/reports/menu_delta_report_20260616_141830.xlsx,silver,09_delta,2026-06,2026-09-23T18:10:28
Google_Place/apify/brands/uae_fast_default_13/output/raw/dataset_20260702_150251_merged_all.json,889315,a0391d71d57b72bf72e2734537f0a44423e1f2026eba006f558cc25d975f6469,s3://rii-data-dump/talabat/bronze/bronze/2026-07/04_enrichment_raw/Google_Place/apify/brands/uae_fast_default_13/output/raw/dataset_20260702_150251_merged_all.json,bronze,04_enrichment_raw,2026-07,2026-09-23T18:10:28
Google_Place/apify/brands/uae_main_batch_09/output/raw/dataset_20260703_162849_group_7_ddVm1I3f.json,889256,c7a6baa7f9b96195a731e951a8979d7f2e5eb13c2d2e1ff734f94790c79c7a86,s3://rii-data-dump/talabat/bronze/bronze/2026-07/04_enrichment_raw/Google_Place/apify/brands/uae_main_batch_09/output/raw/dataset_20260703_162849_group_7_ddVm1I3f.json,bronze,04_enrichment_raw,2026-07,2026-09-23T18:10:28
map_version2/tim_hortons/output/raw/dataset_20260706_173118_merged_all.json,889007,80879440f3a7cd63512786b69057dfc9e6a78bd35991faf8a616c57b0e5a837b,s3://rii-data-dump/talabat/silver/2026-07/05_classification/map_version2/tim_hortons/output/raw/dataset_20260706_173118_merged_all.json,silver,05_classification,2026-07,2026-09-23T18:10:28
Google_Place/apify/brands/tim_hortons/output/raw/dataset_20260706_173118_merged_all.json,889007,80879440f3a7cd63512786b69057dfc9e6a78bd35991faf8a616c57b0e5a837b,s3://rii-data-dump/talabat/bronze/bronze/2026-07/04_enrichment_raw/Google_Place/apify/brands/tim_hortons/output/raw/dataset_20260706_173118_merged_all.json,bronze,04_enrichment_raw,2026-07,2026-09-23T18:10:28
Google_Place/apify/brands/uae_main_batch_07/output/raw/dataset_20260703_151843_group_16_QKtKShoh.json,886388,7a87f538b321749ab2028eac39e9e6cb2e5bd38337111869dd2123d74e9f6563,s3://rii-data-dump/talabat/bronze/bronze/2026-07/04_enrichment_raw/Google_Place/apify/brands/uae_main_batch_07/output/raw/dataset_20260703_151843_group_16_QKtKShoh.json,bronze,04_enrichment_raw,2026-07,2026-09-23T18:10:28
Google_Place/apify/brands/uae_main_batch_12/output/raw/dataset_20260704_112157_group_13_toMtvYTI.json,883740,cd0a5aa957d0fd970077cb28c7234df075fdad50c6666a0e0ec777f5f1f35101,s3://rii-data-dump/talabat/bronze/bronze/2026-07/04_enrichment_raw/Google_Place/apify/brands/uae_main_batch_12/output/raw/dataset_20260704_112157_group_13_toMtvYTI.json,bronze,04_enrichment_raw,2026-07,2026-09-23T18:10:28
Google_Place/apify/brands/uae_main_batch_07/output/raw/dataset_20260703_152014_group_22_Vp2uyGNB.json,882252,adaac8bcda5fe1f0025832449bf20f027287f7c2f7fab7a9ede1b8a5c983750f,s3://rii-data-dump/talabat/bronze/bronze/2026-07/04_enrichment_raw/Google_Place/apify/brands/uae_main_batch_07/output/raw/dataset_20260703_152014_group_22_Vp2uyGNB.json,bronze,04_enrichment_raw,2026-07,2026-09-23T18:10:28
Google_Place/apify/brands/uae_main_batch_11/output/raw/dataset_20260704_105711_group_24_LF0NnGsM.json,879926,8db14666ed2ce0f0c3220358f7d717abbf54571761ad6f6202e2fd4071310efb,s3://rii-data-dump/talabat/bronze/bronze/2026-07/04_enrichment_raw/Google_Place/apify/brands/uae_main_batch_11/output/raw/dataset_20260704_105711_group_24_LF0NnGsM.json,bronze,04_enrichment_raw,2026-07,2026-09-23T18:10:28
map_version2/output/Final_NotFound_Branches.csv,879492,0d49f32601ef990b52d60426ebe76ad68a4ead3fbea5ffff21b12ccf719c2532,s3://rii-data-dump/talabat/silver/_cross_month/05_classification/map_version2/output/Final_NotFound_Branches.csv,silver,05_classification,_cross_month,2026-09-23T18:10:28
Google_Place/map_v2/output/Final_NotFound_Branches.csv,879492,0d49f32601ef990b52d60426ebe76ad68a4ead3fbea5ffff21b12ccf719c2532,s3://rii-data-dump/talabat/bronze/bronze/_cross_month/04_enrichment_raw/Google_Place/map_v2/output/Final_NotFound_Branches.csv,bronze,04_enrichment_raw,_cross_month,2026-09-23T18:10:28
Google_Place/apify/brands/uae_main_batch_12/output/raw/dataset_20260704_112559_group_5_C4bAGAsi.json,878581,03c5d523f314f48e56ab051da3a19facac3603e384161f95659000d246676a41,s3://rii-data-dump/talabat/bronze/bronze/2026-07/04_enrichment_raw/Google_Place/apify/brands/uae_main_batch_12/output/raw/dataset_20260704_112559_group_5_C4bAGAsi.json,bronze,04_enrichment_raw,2026-07,2026-09-23T18:10:28
Google_Place/apify/brands/uae_main_batch_11/output/raw/dataset_20260704_110145_group_19_Ba8FRC4x.json,878148,d4e60763a68b67864fb3e8f70dae632bf145db3d8aa49fb948700ea585aec4ad,s3://rii-data-dump/talabat/bronze/bronze/2026-07/04_enrichment_raw/Google_Place/apify/brands/uae_main_batch_11/output/raw/dataset_20260704_110145_group_19_Ba8FRC4x.json,bronze,04_enrichment_raw,2026-07,2026-09-23T18:10:28
Google_Place/apify/brands/uae_main_batch_08/output/raw/dataset_20260703_155827_group_25_EVqCWce9.json,874438,5ee087ea349dc5a584d3519834974e5fd6be24f8ec9024150b5c7fc8168c7a02,s3://rii-data-dump/talabat/bronze/bronze/2026-07/04_enrichment_raw/Google_Place/apify/brands/uae_main_batch_08/output/raw/dataset_20260703_155827_group_25_EVqCWce9.json,bronze,04_enrichment_raw,2026-07,2026-09-23T18:10:28
Google_Place/apify/brands/uae_main_batch_08/output/raw/dataset_20260703_155928_group_27_jK7XQmwF.json,872105,0a940e69946f92076a99fe35a0e8fdf4a83b9056b1fafa096d01e7cfacedceff,s3://rii-data-dump/talabat/bronze/bronze/2026-07/04_enrichment_raw/Google_Place/apify/brands/uae_main_batch_08/output/raw/dataset_20260703_155928_group_27_jK7XQmwF.json,bronze,04_enrichment_raw,2026-07,2026-09-23T18:10:28
Google_Place/apify/brands/uae_main_batch_06/output/raw/dataset_20260703_143425_group_19_eClbV6J3.json,871484,f8e24341b7777524e98b6a53cfb475f4c9bfca15362b53548104eeafa01af776,s3://rii-data-dump/talabat/bronze/bronze/2026-07/04_enrichment_raw/Google_Place/apify/brands/uae_main_batch_06/output/raw/dataset_20260703_143425_group_19_eClbV6J3.json,bronze,04_enrichment_raw,2026-07,2026-09-23T18:10:28
Google_Place/apify/brands/uae_main_batch_14/output/raw/dataset_20260704_131934_group_12_d8WrwWvx.json,867174,b89bbb0755b09980faaa6e929caa942e7b16ee3ce30454a371169b147a2802fd,s3://rii-data-dump/talabat/bronze/bronze/2026-07/04_enrichment_raw/Google_Place/apify/brands/uae_main_batch_14/output/raw/dataset_20260704_131934_group_12_d8WrwWvx.json,bronze,04_enrichment_raw,2026-07,2026-09-23T18:10:28
Google_Place/apify/brands/local/output/raw/dataset_20260604_181508_batch_2_gASlDmm2.json,866747,fa641964f482bd96a5341658b4d88d5f3c24afe0e418964a8793c0f7fdac0caa,s3://rii-data-dump/talabat/bronze/bronze/2026-06/04_enrichment_raw/Google_Place/apify/brands/local/output/raw/dataset_20260604_181508_batch_2_gASlDmm2.json,bronze,04_enrichment_raw,2026-06,2026-09-23T18:10:28
apify/Apify_talabat/brands/local/output/raw/dataset_20260604_181508_batch_2_gASlDmm2.json,866747,fa641964f482bd96a5341658b4d88d5f3c24afe0e418964a8793c0f7fdac0caa,s3://rii-data-dump/talabat/bronze/bronze/2026-06/04_enrichment_raw/apify/Apify_talabat/brands/local/output/raw/dataset_20260604_181508_batch_2_gASlDmm2.json,bronze,04_enrichment_raw,2026-06,2026-09-23T18:10:28
Google_Place/apify/brands/uae_main_batch_14/output/raw/dataset_20260704_131904_group_19_N7NvknMz.json,866418,c2683160b89dcab2d8ab32f1097dd44a1c62df22637d38a1fae5555ca8f6c8a4,s3://rii-data-dump/talabat/bronze/bronze/2026-07/04_enrichment_raw/Google_Place/apify/brands/uae_main_batch_14/output/raw/dataset_20260704_131904_group_19_N7NvknMz.json,bronze,04_enrichment_raw,2026-07,2026-09-23T18:10:29
Google_Place/apify/brands/uae_main_batch_12/output/raw/dataset_20260704_112428_group_11_i0mGhsLz.json,866306,7edb44c8d157ccd0286684bed63a81be9f2c4e88d9e41f2c957f3e620c22f58c,s3://rii-data-dump/talabat/bronze/bronze/2026-07/04_enrichment_raw/Google_Place/apify/brands/uae_main_batch_12/output/raw/dataset_20260704_112428_group_11_i0mGhsLz.json,bronze,04_enrichment_raw,2026-07,2026-09-23T18:10:29
listing_comparison/output/sept_full_2026-09-08_identity_classification.csv,865037,53823d2bb078533cdca6350a8290ea9cf563f93b354d69cb0965d14387dafa18,s3://rii-data-dump/talabat/silver/2026-09/01_listing_compare/listing_comparison/output/sept_full_2026-09-08_identity_classification.csv,silver,01_listing_compare,2026-09,2026-09-23T18:10:29
Google_Place/apify/brands/uae_main_batch_14/output/raw/dataset_20260704_132136_group_8_84BpKpII.json,863834,80f1793870b99c4a5a79e74559a7d022bfd7fb58ab46bd108b92cd39355a6da0,s3://rii-data-dump/talabat/bronze/bronze/2026-07/04_enrichment_raw/Google_Place/apify/brands/uae_main_batch_14/output/raw/dataset_20260704_132136_group_8_84BpKpII.json,bronze,04_enrichment_raw,2026-07,2026-09-23T18:10:29
Google_Place/apify/brands/uae_main_batch_10/output/raw/dataset_20260703_202651_group_19_gwKDxd17.json,863309,bde26fa29dfe6b4570414790df6146a4e3a080307150141f47e13321353d8d84,s3://rii-data-dump/talabat/bronze/bronze/2026-07/04_enrichment_raw/Google_Place/apify/brands/uae_main_batch_10/output/raw/dataset_20260703_202651_group_19_gwKDxd17.json,bronze,04_enrichment_raw,2026-07,2026-09-23T18:10:29
Google_Place/apify/brands/uae_main_batch_07/output/raw/dataset_20260703_151642_group_8_4hn2koMx.json,863049,7da7ce977a28f0938652b8e02a152615f5079e82c23e695ed728cb6bb8193b0f,s3://rii-data-dump/talabat/bronze/bronze/2026-07/04_enrichment_raw/Google_Place/apify/brands/uae_main_batch_07/output/raw/dataset_20260703_151642_group_8_4hn2koMx.json,bronze,04_enrichment_raw,2026-07,2026-09-23T18:10:29
Google_Place/apify/brands/uae_main_batch_13/output/raw/dataset_20260704_125327_group_8_8H8lnwGC.json,861937,685ca21294275516e7048dd4b1b2859c823354041fa3569ceb7861706d1a4bea,s3://rii-data-dump/talabat/bronze/bronze/2026-07/04_enrichment_raw/Google_Place/apify/brands/uae_main_batch_13/output/raw/dataset_20260704_125327_group_8_8H8lnwGC.json,bronze,04_enrichment_raw,2026-07,2026-09-23T18:10:29
Google_Place/apify/brands/uae_confirm_default/output/raw/dataset_20260702_141255_group_1_DNNCzQ0n.json,861844,453d08704ca3ac0df680178b97c95e3e497aea89962bf82983357c8cb32f9378,s3://rii-data-dump/talabat/bronze/bronze/2026-07/04_enrichment_raw/Google_Place/apify/brands/uae_confirm_default/output/raw/dataset_20260702_141255_group_1_DNNCzQ0n.json,bronze,04_enrichment_raw,2026-07,2026-09-23T18:10:29
Google_Place/apify/brands/uae_confirm_default/output/raw/dataset_20260702_141256_merged_all.json,861844,453d08704ca3ac0df680178b97c95e3e497aea89962bf82983357c8cb32f9378,s3://rii-data-dump/talabat/bronze/bronze/2026-07/04_enrichment_raw/Google_Place/apify/brands/uae_confirm_default/output/raw/dataset_20260702_141256_merged_all.json,bronze,04_enrichment_raw,2026-07,2026-09-23T18:10:29
Google_Place/apify/brands/uae_main_batch_02/output/raw/dataset_20260703_105604_group_4_1PIwuKQe.json,861828,97077a39002f3bd9c48c198c319fd81bd3e992790ed60c480df95ad32a6081a5,s3://rii-data-dump/talabat/bronze/bronze/2026-07/04_enrichment_raw/Google_Place/apify/brands/uae_main_batch_02/output/raw/dataset_20260703_105604_group_4_1PIwuKQe.json,bronze,04_enrichment_raw,2026-07,2026-09-23T18:10:29
Google_Place/apify/brands/uae_main_batch_06/output/raw/dataset_20260703_143626_group_13_D2dJtxGr.json,861595,d754411e4faefb27799172f248b3ff3984520552da0cb9211ef6a7dffd062bd8,s3://rii-data-dump/talabat/bronze/bronze/2026-07/04_enrichment_raw/Google_Place/apify/brands/uae_main_batch_06/output/raw/dataset_20260703_143626_group_13_D2dJtxGr.json,bronze,04_enrichment_raw,2026-07,2026-09-23T18:10:29
Google_Place/apify/brands/uae_main_batch_14/output/raw/dataset_20260704_132106_group_14_QA9VCOXY.json,861147,ffb0d98207296d3453bf13e73ca085ffd3cc956aa134193133b72df7eecf32c6,s3://rii-data-dump/talabat/bronze/bronze/2026-07/04_enrichment_raw/Google_Place/apify/brands/uae_main_batch_14/output/raw/dataset_20260704_132106_group_14_QA9VCOXY.json,bronze,04_enrichment_raw,2026-07,2026-09-23T18:10:29
Google_Place/apify/brands/uae_main_batch_10/output/raw/dataset_20260703_202751_group_15_niWKZAB7.json,861003,07c79b444cfc69485e4328ba5356a5715344ec275abf96ab037cf1d138bfe094,s3://rii-data-dump/talabat/bronze/bronze/2026-07/04_enrichment_raw/Google_Place/apify/brands/uae_main_batch_10/output/raw/dataset_20260703_202751_group_15_niWKZAB7.json,bronze,04_enrichment_raw,2026-07,2026-09-23T18:10:29
Google_Place/apify/brands/uae_main_batch_08/output/raw/dataset_20260703_160129_group_19_OOYCK2FS.json,860220,7b15eb8b693ae18892823891327bc2ce3fc487d8875552dc3374ad95cc638d55,s3://rii-data-dump/talabat/bronze/bronze/2026-07/04_enrichment_raw/Google_Place/apify/brands/uae_main_batch_08/output/raw/dataset_20260703_160129_group_19_OOYCK2FS.json,bronze,04_enrichment_raw,2026-07,2026-09-23T18:10:29
Google_Place/apify/brands/uae_main_batch_13/output/raw/dataset_20260704_125055_group_9_RdOOhw7s.json,858595,863ce5b841e9a4722b5491f48aa37aaf63d006710392f3728ba770a004952867,s3://rii-data-dump/talabat/bronze/bronze/2026-07/04_enrichment_raw/Google_Place/apify/brands/uae_main_batch_13/output/raw/dataset_20260704_125055_group_9_RdOOhw7s.json,bronze,04_enrichment_raw,2026-07,2026-09-23T18:10:29
Google_Place/apify/brands/uae_main_batch_13/output/raw/dataset_20260704_124846_group_5_L13dj5Ev.json,854142,a4e43050dd34abd1894bc1f25ab5ecb173084fac3e815fe0ea96c15c7538abd8,s3://rii-data-dump/talabat/bronze/bronze/2026-07/04_enrichment_raw/Google_Place/apify/brands/uae_main_batch_13/output/raw/dataset_20260704_124846_group_5_L13dj5Ev.json,bronze,04_enrichment_raw,2026-07,2026-09-23T18:10:29
Google_Place/apify/brands/uae_confirm_default/output/raw/dataset_snapshot_partial.json,852317,cc14e24ff08fea9dd5dc460b8b7907510a3b919ad06572584dee71875f03dfe1,s3://rii-data-dump/talabat/bronze/bronze/_cross_month/04_enrichment_raw/Google_Place/apify/brands/uae_confirm_default/output/raw/dataset_snapshot_partial.json,bronze,04_enrichment_raw,_cross_month,2026-09-23T18:10:29
Google_Place/apify/brands/uae_main_batch_06/output/raw/dataset_20260703_143425_group_7_IM2VGUPw.json,851735,1f0dfac9aca760ec98d5cefe76c3897608a07700188e6eb2f3f5aab58772ee7e,s3://rii-data-dump/talabat/bronze/bronze/2026-07/04_enrichment_raw/Google_Place/apify/brands/uae_main_batch_06/output/raw/dataset_20260703_143425_group_7_IM2VGUPw.json,bronze,04_enrichment_raw,2026-07,2026-09-23T18:10:29
Google_Place/apify/brands/uae_fast_default_08/output/raw/dataset_20260702_145636_merged_all.json,851455,e25e02350181486f68b7a80f8a760147b7827e12c1a9c966fdd686039734f3ef,s3://rii-data-dump/talabat/bronze/bronze/2026-07/04_enrichment_raw/Google_Place/apify/brands/uae_fast_default_08/output/raw/dataset_20260702_145636_merged_all.json,bronze,04_enrichment_raw,2026-07,2026-09-23T18:10:29
Google_Place/apify/brands/uae_main_batch_14/output/raw/dataset_20260704_131833_group_20_mltQawM2.json,850853,71b82a794fb624565921dadc767d14d068791286bf6c32e31198cc621369259c,s3://rii-data-dump/talabat/bronze/bronze/2026-07/04_enrichment_raw/Google_Place/apify/brands/uae_main_batch_14/output/raw/dataset_20260704_131833_group_20_mltQawM2.json,bronze,04_enrichment_raw,2026-07,2026-09-23T18:10:29
Google_Place/apify/brands/uae_main_batch_14/output/raw/dataset_20260704_131934_group_15_P4fVyGXv.json,850847,531d64654ce32c07d7568a00769e6134ac53575163be8725accfae92de940c5d,s3://rii-data-dump/talabat/bronze/bronze/2026-07/04_enrichment_raw/Google_Place/apify/brands/uae_main_batch_14/output/raw/dataset_20260704_131934_group_15_P4fVyGXv.json,bronze,04_enrichment_raw,2026-07,2026-09-23T18:10:29
Google_Place/apify/brands/uae_main_batch_09/output/raw/dataset_20260703_163021_group_18_mduWLPG7.json,850651,9ee1b923e0f09dc32b85fc8fda9e116b8ff2e0342837fc67e4f75ebe410cea96,s3://rii-data-dump/talabat/bronze/bronze/2026-07/04_enrichment_raw/Google_Place/apify/brands/uae_main_batch_09/output/raw/dataset_20260703_163021_group_18_mduWLPG7.json,bronze,04_enrichment_raw,2026-07,2026-09-23T18:10:29
Google_Place/apify/brands/uae_main_batch_06/output/raw/dataset_20260703_143425_group_29_to4JyjW8.json,849949,b6f15f60c1ae5c3d282d0acf43db5332f9914b6fb77830d754d19ea97ca1ff83,s3://rii-data-dump/talabat/bronze/bronze/2026-07/04_enrichment_raw/Google_Place/apify/brands/uae_main_batch_06/output/raw/dataset_20260703_143425_group_29_to4JyjW8.json,bronze,04_enrichment_raw,2026-07,2026-09-23T18:10:29
menu/data/reports/menu_delta_report_20260616_141319.xlsx,847773,05cb6844a37e2ebcfba7565b3f1538e4a092323380ed31d173c15d6bc8fdf3fb,s3://rii-data-dump/talabat/silver/2026-06/09_delta/menu/data/reports/menu_delta_report_20260616_141319.xlsx,silver,09_delta,2026-06,2026-09-23T18:10:29
Google_Place/apify/brands/uae_main_batch_06/output/raw/dataset_20260703_143627_group_3_qWQabrih.json,845446,af17a287290cbef9f8c8fd121e3e2bbf86fc48f67a95a98b2dd08a22f4d0bca6,s3://rii-data-dump/talabat/bronze/bronze/2026-07/04_enrichment_raw/Google_Place/apify/brands/uae_main_batch_06/output/raw/dataset_20260703_143627_group_3_qWQabrih.json,bronze,04_enrichment_raw,2026-07,2026-09-23T18:10:29
address_audit/data/branch_own_address.csv,844350,4371459b697321048a8f2ce9c1065918a91172afce673680f09ffdc474d839b9,s3://rii-data-dump/talabat/silver/2026-09/07_addresses/address_audit/data/branch_own_address.csv,silver,07_addresses,2026-09,2026-09-23T18:10:29
Google_Place/apify/brands/uae_main_batch_10/output/raw/dataset_20260703_202249_group_23_AcRAJl6y.json,842842,a8c335b7fa2dd8c4c976653eb8a0d932e7d1fc9f2732a64132992f465dbb6c24,s3://rii-data-dump/talabat/bronze/bronze/2026-07/04_enrichment_raw/Google_Place/apify/brands/uae_main_batch_10/output/raw/dataset_20260703_202249_group_23_AcRAJl6y.json,bronze,04_enrichment_raw,2026-07,2026-09-23T18:10:29
Google_Place/apify/brands/uae_main_batch_06/output/raw/dataset_20260703_143355_group_28_jolRr0VW.json,842446,8a73c3881edd9e821088487166b1d42ad8f84846e10e69dec1bbb47af57d55d7,s3://rii-data-dump/talabat/bronze/bronze/2026-07/04_enrichment_raw/Google_Place/apify/brands/uae_main_batch_06/output/raw/dataset_20260703_143355_group_28_jolRr0VW.json,bronze,04_enrichment_raw,2026-07,2026-09-23T18:10:29
address_audit/data/address_smear_groups.csv,838022,6d077807f826683c966aa29a3ac557ba8d02a33ab45ef2357d8313ea8c965e0d,s3://rii-data-dump/talabat/silver/2026-09/07_addresses/address_audit/data/address_smear_groups.csv,silver,07_addresses,2026-09,2026-09-23T18:10:29
Google_Place/apify/brands/uae_main_batch_14/output/raw/dataset_20260704_131833_group_10_Q12nM9bs.json,836728,868e3b6da11ce798ae72397baabf1222476691696205f388a2ebb513a8f7c98d,s3://rii-data-dump/talabat/bronze/bronze/2026-07/04_enrichment_raw/Google_Place/apify/brands/uae_main_batch_14/output/raw/dataset_20260704_131833_group_10_Q12nM9bs.json,bronze,04_enrichment_raw,2026-07,2026-09-23T18:10:29
Google_Place/apify/brands/uae_main_batch_09/output/raw/dataset_20260703_162920_group_26_kpHbg6TK.json,836505,7c0099bbb6c35b88f076917db2f0c2fadd42e8341a147439c3dd706051657a51,s3://rii-data-dump/talabat/bronze/bronze/2026-07/04_enrichment_raw/Google_Place/apify/brands/uae_main_batch_09/output/raw/dataset_20260703_162920_group_26_kpHbg6TK.json,bronze,04_enrichment_raw,2026-07,2026-09-23T18:10:29
Google_Place/apify/brands/uae_main_batch_12/output/raw/dataset_20260704_112257_group_20_qSlv81P9.json,836440,622dc404c7de23d6dbbf6809cb91f3869fecd902d2a99fb37110b7d7092b78fe,s3://rii-data-dump/talabat/bronze/bronze/2026-07/04_enrichment_raw/Google_Place/apify/brands/uae_main_batch_12/output/raw/dataset_20260704_112257_group_20_qSlv81P9.json,bronze,04_enrichment_raw,2026-07,2026-09-23T18:10:29
Google_Place/apify/brands/uae_main_batch_07/output/raw/dataset_20260703_152115_group_10_LafPwIoA.json,836247,092ee66d38ab0f606eac43672c6cda7c8dc9b579149ce4335ff57ef156b2f8a0,s3://rii-data-dump/talabat/bronze/bronze/2026-07/04_enrichment_raw/Google_Place/apify/brands/uae_main_batch_07/output/raw/dataset_20260703_152115_group_10_LafPwIoA.json,bronze,04_enrichment_raw,2026-07,2026-09-23T18:10:29
Google_Place/apify/brands/uae_main_batch_14/output/raw/dataset_20260704_131733_group_27_m1jvHxDz.json,833193,6c67104a7102bda7037c6d1820e3e5cce718eede73be2e406cf5bfafee32b25a,s3://rii-data-dump/talabat/bronze/bronze/2026-07/04_enrichment_raw/Google_Place/apify/brands/uae_main_batch_14/output/raw/dataset_20260704_131733_group_27_m1jvHxDz.json,bronze,04_enrichment_raw,2026-07,2026-09-23T18:10:29
Google_Place/apify/brands/uae_main_batch_09/output/raw/dataset_20260703_163151_group_16_dKEgRHWd.json,831860,46c9bd620d578be60f30444ea47c7fd01ce5c9bbf5224fc16cc2c9c24211138d,s3://rii-data-dump/talabat/bronze/bronze/2026-07/04_enrichment_raw/Google_Place/apify/brands/uae_main_batch_09/output/raw/dataset_20260703_163151_group_16_dKEgRHWd.json,bronze,04_enrichment_raw,2026-07,2026-09-23T18:10:29
Google_Place/apify/brands/uae_fast_default_10/output/raw/dataset_20260702_145536_merged_all.json,830569,fbada62dadd7fe41795fef39e82bd91aafeaf62a70fe5fad2a6c2e383e20b6a0,s3://rii-data-dump/talabat/bronze/bronze/2026-07/04_enrichment_raw/Google_Place/apify/brands/uae_fast_default_10/output/raw/dataset_20260702_145536_merged_all.json,bronze,04_enrichment_raw,2026-07,2026-09-23T18:10:29
Google_Place/apify/brands/uae_main_batch_11/output/raw/dataset_20260704_110347_group_8_2ORRt88D.json,830009,bbf664752bed81d5422cc482d76a8a57417cf424f2981f949f3dd407c7475267,s3://rii-data-dump/talabat/bronze/bronze/2026-07/04_enrichment_raw/Google_Place/apify/brands/uae_main_batch_11/output/raw/dataset_20260704_110347_group_8_2ORRt88D.json,bronze,04_enrichment_raw,2026-07,2026-09-23T18:10:29
Google_Place/apify/brands/uae_main_batch_06/output/raw/dataset_20260703_143727_group_1_gpGRqfGr.json,828803,8e927b03b3a17a095168f8ab33d5c5613c12bf536b5112ffa48fb329e306297c,s3://rii-data-dump/talabat/bronze/bronze/2026-07/04_enrichment_raw/Google_Place/apify/brands/uae_main_batch_06/output/raw/dataset_20260703_143727_group_1_gpGRqfGr.json,bronze,04_enrichment_raw,2026-07,2026-09-23T18:10:29
Google_Place/apify/brands/uae_main_batch_09/output/raw/dataset_20260703_162850_group_23_0lc4KLi5.json,828297,5a6f2e21b1f7de0e39d7e8825c0c14c46fe4689d51d9e572187fd50f1c8fe79d,s3://rii-data-dump/talabat/bronze/bronze/2026-07/04_enrichment_raw/Google_Place/apify/brands/uae_main_batch_09/output/raw/dataset_20260703_162850_group_23_0lc4KLi5.json,bronze,04_enrichment_raw,2026-07,2026-09-23T18:10:29
Google_Place/apify/brands/uae_main_batch_08/output/raw/dataset_20260703_160129_group_16_oFWon380.json,828106,474d8438060bf4f3c23b2584c821923c78b2c093cb2071ece942f8f50848390d,s3://rii-data-dump/talabat/bronze/bronze/2026-07/04_enrichment_raw/Google_Place/apify/brands/uae_main_batch_08/output/raw/dataset_20260703_160129_group_16_oFWon380.json,bronze,04_enrichment_raw,2026-07,2026-09-23T18:10:29
Google_Place/apify/brands/uae_main_batch_06/output/raw/dataset_20260703_143526_group_30_vQlHiT2D.json,826484,1808a351ad3b18ddbf269a1d2b9ee17d2312d7fafadbd31eed8dfbef8691a98b,s3://rii-data-dump/talabat/bronze/bronze/2026-07/04_enrichment_raw/Google_Place/apify/brands/uae_main_batch_06/output/raw/dataset_20260703_143526_group_30_vQlHiT2D.json,bronze,04_enrichment_raw,2026-07,2026-09-23T18:10:29
Google_Place/apify/brands/uae_main_batch_12/output/raw/dataset_20260704_112358_group_27_B1TIWHhG.json,819925,33a8a9fc77c0626092c7b030cdcf6ce1c1ab74a2370054d326bc9f7f367a5624,s3://rii-data-dump/talabat/bronze/bronze/2026-07/04_enrichment_raw/Google_Place/apify/brands/uae_main_batch_12/output/raw/dataset_20260704_112358_group_27_B1TIWHhG.json,bronze,04_enrichment_raw,2026-07,2026-09-23T18:10:29
Google_Place/apify/brands/uae_main_batch_07/output/raw/dataset_20260703_152115_group_14_oOQsEewy.json,819758,600832deb5a498208dd205ec3c990771722b3b5b88e2ef4e4278c75c5c414d9c,s3://rii-data-dump/talabat/bronze/bronze/2026-07/04_enrichment_raw/Google_Place/apify/brands/uae_main_batch_07/output/raw/dataset_20260703_152115_group_14_oOQsEewy.json,bronze,04_enrichment_raw,2026-07,2026-09-23T18:10:29
Google_Place/apify/brands/uae_fast_default_12/output/raw/dataset_20260702_145647_merged_all.json,819462,40e263e0e5b2427059392f5d1cc25eb089c0133bbb5d520c648e373d3f411539,s3://rii-data-dump/talabat/bronze/bronze/2026-07/04_enrichment_raw/Google_Place/apify/brands/uae_fast_default_12/output/raw/dataset_20260702_145647_merged_all.json,bronze,04_enrichment_raw,2026-07,2026-09-23T18:10:29
Google_Place/apify/brands/uae_main_batch_09/output/raw/dataset_20260703_162819_group_2_BQxgFE5Q.json,819042,632362d39149d16aae08740b06ba99e086d0a554f90b0109196bfffa497be389,s3://rii-data-dump/talabat/bronze/bronze/2026-07/04_enrichment_raw/Google_Place/apify/brands/uae_main_batch_09/output/raw/dataset_20260703_162819_group_2_BQxgFE5Q.json,bronze,04_enrichment_raw,2026-07,2026-09-23T18:10:29
Google_Place/apify/brands/uae_main_batch_10/output/raw/dataset_20260703_202620_group_25_xWdleMCZ.json,818841,2bb8f8db9be5335fb669f07d7e6a2f5ca748af7eb0ba7643c1f45a2bd06ee9df,s3://rii-data-dump/talabat/bronze/bronze/2026-07/04_enrichment_raw/Google_Place/apify/brands/uae_main_batch_10/output/raw/dataset_20260703_202620_group_25_xWdleMCZ.json,bronze,04_enrichment_raw,2026-07,2026-09-23T18:10:29
Google_Place/apify/brands/uae_main_batch_13/output/raw/dataset_20260704_125052_group_10_sf6IYZTH.json,818226,47dd80f164b3376dc5c54e92e4fff4c794184f62b5a3313ad66d7e0be280efd0,s3://rii-data-dump/talabat/bronze/bronze/2026-07/04_enrichment_raw/Google_Place/apify/brands/uae_main_batch_13/output/raw/dataset_20260704_125052_group_10_sf6IYZTH.json,bronze,04_enrichment_raw,2026-07,2026-09-23T18:10:29
Google_Place/apify/output/Remaining_4447_Unsearched_Names.csv,817921,29fc69bee7ae8a13fb5393ba4488ce37f24455e83790f616dddf46ec8a3ecfbe,s3://rii-data-dump/talabat/bronze/bronze/_cross_month/04_enrichment_raw/Google_Place/apify/output/Remaining_4447_Unsearched_Names.csv,bronze,04_enrichment_raw,_cross_month,2026-09-23T18:10:29
Google_Place/apify/brands/uae_main_batch_07/output/raw/dataset_20260703_151944_group_23_B0hq3bXW.json,815891,0d27c1f410e7ed5a97ec39892ac255e3d3fad0962b1a8ad253c31ba161d28735,s3://rii-data-dump/talabat/bronze/bronze/2026-07/04_enrichment_raw/Google_Place/apify/brands/uae_main_batch_07/output/raw/dataset_20260703_151944_group_23_B0hq3bXW.json,bronze,04_enrichment_raw,2026-07,2026-09-23T18:10:29
Google_Place/apify/brands/uae_main_batch_11/output/raw/dataset_20260704_110043_group_26_COm9dbgd.json,814152,e4029e074a2631b7715c871e42c59a2f9688e4b94eb6ad29eaf2a2d857bf9d6c,s3://rii-data-dump/talabat/bronze/bronze/2026-07/04_enrichment_raw/Google_Place/apify/brands/uae_main_batch_11/output/raw/dataset_20260704_110043_group_26_COm9dbgd.json,bronze,04_enrichment_raw,2026-07,2026-09-23T18:10:29
Google_Place/apify/brands/uae_main_batch_08/output/raw/dataset_20260703_155928_group_2_FxwY6cxz.json,812356,718e246803d2ae369196166775bb73468e430a654e79d4fc39d6f21a817bfa56,s3://rii-data-dump/talabat/bronze/bronze/2026-07/04_enrichment_raw/Google_Place/apify/brands/uae_main_batch_08/output/raw/dataset_20260703_155928_group_2_FxwY6cxz.json,bronze,04_enrichment_raw,2026-07,2026-09-23T18:10:29
Google_Place/apify/brands/uae_main_batch_12/output/raw/dataset_20260704_112901_group_17_EKWq9Hs7.json,812017,d55ea485aa840bd2bfcc671144b863c244847819d4a5005d439393c8c5ec06eb,s3://rii-data-dump/talabat/bronze/bronze/2026-07/04_enrichment_raw/Google_Place/apify/brands/uae_main_batch_12/output/raw/dataset_20260704_112901_group_17_EKWq9Hs7.json,bronze,04_enrichment_raw,2026-07,2026-09-23T18:10:29
Google_Place/apify/brands/uae_main_batch_13/output/raw/dataset_20260704_125225_group_18_FfsYIHtT.json,811896,83c4a0a84c5de8ab429ad2300dbc4266b640521e5a031b6c2a702a9748c89188,s3://rii-data-dump/talabat/bronze/bronze/2026-07/04_enrichment_raw/Google_Place/apify/brands/uae_main_batch_13/output/raw/dataset_20260704_125225_group_18_FfsYIHtT.json,bronze,04_enrichment_raw,2026-07,2026-09-23T18:10:29
Google_Place/apify/brands/uae_main_batch_11/output/raw/dataset_20260704_110041_group_16_yPUyA6Yc.json,811853,6dcd00ccc7371a7734f9d5a3e28acdd9a5704d590f25eee71bd8017e301a683e,s3://rii-data-dump/talabat/bronze/bronze/2026-07/04_enrichment_raw/Google_Place/apify/brands/uae_main_batch_11/output/raw/dataset_20260704_110041_group_16_yPUyA6Yc.json,bronze,04_enrichment_raw,2026-07,2026-09-23T18:10:29
Google_Place/apify/brands/uae_main_batch_09/output/raw/dataset_20260703_163121_group_12_5lfAeO4x.json,811333,b4bb6522919b865e4501181cd313d0dfff337e880fc7dbb43572a2a32ec8975d,s3://rii-data-dump/talabat/bronze/bronze/2026-07/04_enrichment_raw/Google_Place/apify/brands/uae_main_batch_09/output/raw/dataset_20260703_163121_group_12_5lfAeO4x.json,bronze,04_enrichment_raw,2026-07,2026-09-23T18:10:29
map_version2/caribou_coffee/output/raw/dataset_20260706_143613_merged_all.json,808986,20a155b13e9acabda61790d806a0e538b1cad390b66942365e7adcef05da3972,s3://rii-data-dump/talabat/silver/2026-07/05_classification/map_version2/caribou_coffee/output/raw/dataset_20260706_143613_merged_all.json,silver,05_classification,2026-07,2026-09-23T18:10:29
Google_Place/apify/brands/caribou_coffee/output/raw/dataset_20260706_143613_merged_all.json,808986,20a155b13e9acabda61790d806a0e538b1cad390b66942365e7adcef05da3972,s3://rii-data-dump/talabat/bronze/bronze/2026-07/04_enrichment_raw/Google_Place/apify/brands/caribou_coffee/output/raw/dataset_20260706_143613_merged_all.json,bronze,04_enrichment_raw,2026-07,2026-09-23T18:10:29
Google_Place/apify/brands/uae_main_batch_02/output/raw/dataset_20260703_105704_group_1_N13Ig9Ei.json,808973,2b436a1e5fd224bb4c26b38cc47d64071b71baf9ad7259c767b65bce5e7c9839,s3://rii-data-dump/talabat/bronze/bronze/2026-07/04_enrichment_raw/Google_Place/apify/brands/uae_main_batch_02/output/raw/dataset_20260703_105704_group_1_N13Ig9Ei.json,bronze,04_enrichment_raw,2026-07,2026-09-23T18:10:29
Google_Place/apify/brands/uae_main_batch_10/output/raw/dataset_20260703_202721_group_4_KJkH6MO0.json,806611,a8f854f252e5743fd04756a50f95922487c391e0f927f952a1438686bb815fd8,s3://rii-data-dump/talabat/bronze/bronze/2026-07/04_enrichment_raw/Google_Place/apify/brands/uae_main_batch_10/output/raw/dataset_20260703_202721_group_4_KJkH6MO0.json,bronze,04_enrichment_raw,2026-07,2026-09-23T18:10:29
Google_Place/apify/brands/uae_main_batch_09/output/raw/dataset_20260703_162920_group_14_PXNYJqTo.json,804727,ec1f9dcd97892713fc99b811df0345013f7d608db220d8d5f0a98c71b0a8345f,s3://rii-data-dump/talabat/bronze/bronze/2026-07/04_enrichment_raw/Google_Place/apify/brands/uae_main_batch_09/output/raw/dataset_20260703_162920_group_14_PXNYJqTo.json,bronze,04_enrichment_raw,2026-07,2026-09-23T18:10:29
Google_Place/apify/brands/uae_main_batch_13/output/raw/dataset_20260704_125024_group_26_QPwMo70L.json,803890,40ea28f392a98193c9ef3a0599da0b7d4c7e858ce63a2d27ff5d612593b5147a,s3://rii-data-dump/talabat/bronze/bronze/2026-07/04_enrichment_raw/Google_Place/apify/brands/uae_main_batch_13/output/raw/dataset_20260704_125024_group_26_QPwMo70L.json,bronze,04_enrichment_raw,2026-07,2026-09-23T18:10:29
Google_Place/apify/brands/uae_main_batch_09/output/raw/dataset_20260703_163121_group_10_2C15IpGa.json,803808,dc8468deb43510fdc5c0d2d50e483a88883051bfd9dcdf1f69e4616e93ee93b1,s3://rii-data-dump/talabat/bronze/bronze/2026-07/04_enrichment_raw/Google_Place/apify/brands/uae_main_batch_09/output/raw/dataset_20260703_163121_group_10_2C15IpGa.json,bronze,04_enrichment_raw,2026-07,2026-09-23T18:10:29
Google_Place/apify/brands/uae_main_batch_14/output/raw/dataset_20260704_132035_group_4_kA1RFyNs.json,803478,e797a04a56eaa116a4ebf28c108c9db56f2513fca7f83e169aef3db360dd1466,s3://rii-data-dump/talabat/bronze/bronze/2026-07/04_enrichment_raw/Google_Place/apify/brands/uae_main_batch_14/output/raw/dataset_20260704_132035_group_4_kA1RFyNs.json,bronze,04_enrichment_raw,2026-07,2026-09-23T18:10:29
Google_Place/apify/brands/uae_main_batch_12/output/raw/dataset_20260704_112901_group_14_zEWexiiJ.json,803335,a13e1ee8ac2286a9bfe8b5db58e79aa3a9658e48a67a261c7023622cbca877ce,s3://rii-data-dump/talabat/bronze/bronze/2026-07/04_enrichment_raw/Google_Place/apify/brands/uae_main_batch_12/output/raw/dataset_20260704_112901_group_14_zEWexiiJ.json,bronze,04_enrichment_raw,2026-07,2026-09-23T18:10:29
Google_Place/apify/brands/uae_main_batch_08/output/raw/dataset_20260703_155657_group_30_3AG3DsBf.json,803097,6650e25dbc8aef017b9e8c06cebf2d647ab3d9f8af45249641afeb8715179fb7,s3://rii-data-dump/talabat/bronze/bronze/2026-07/04_enrichment_raw/Google_Place/apify/brands/uae_main_batch_08/output/raw/dataset_20260703_155657_group_30_3AG3DsBf.json,bronze,04_enrichment_raw,2026-07,2026-09-23T18:10:29
Google_Place/apify/brands/uae_main_batch_11/output/raw/dataset_20260704_110514_group_1_sJcVYYxP.json,802758,0812b0e07b038c6d01f2750424474c6af2e0eb8017732149957acb0bf5c14e52,s3://rii-data-dump/talabat/bronze/bronze/2026-07/04_enrichment_raw/Google_Place/apify/brands/uae_main_batch_11/output/raw/dataset_20260704_110514_group_1_sJcVYYxP.json,bronze,04_enrichment_raw,2026-07,2026-09-23T18:10:29
Google_Place/apify/brands/uae_main_batch_10/output/raw/dataset_20260703_202520_group_30_nMiPZavD.json,802343,07b2892ba2753b83fa2f24febd6e54ff69770995d1baedc90a82ab78167db35b,s3://rii-data-dump/talabat/bronze/bronze/2026-07/04_enrichment_raw/Google_Place/apify/brands/uae_main_batch_10/output/raw/dataset_20260703_202520_group_30_nMiPZavD.json,bronze,04_enrichment_raw,2026-07,2026-09-23T18:10:29
Google_Place/apify/brands/uae_main_batch_14/output/raw/dataset_20260704_132004_group_22_PVX04XVK.json,800783,16bf8da865e45f8a9310cbbfe4b5aad596317d17af334581a3bf5d56712f0de7,s3://rii-data-dump/talabat/bronze/bronze/2026-07/04_enrichment_raw/Google_Place/apify/brands/uae_main_batch_14/output/raw/dataset_20260704_132004_group_22_PVX04XVK.json,bronze,04_enrichment_raw,2026-07,2026-09-23T18:10:29
Google_Place/apify/brands/uae_main_batch_08/output/raw/dataset_20260703_160230_group_6_KsPFNGj1.json,798598,e8dc66c575e0454af2da8af69f976d3991405200cbf8fd51250a6992aafe618a,s3://rii-data-dump/talabat/bronze/bronze/2026-07/04_enrichment_raw/Google_Place/apify/brands/uae_main_batch_08/output/raw/dataset_20260703_160230_group_6_KsPFNGj1.json,bronze,04_enrichment_raw,2026-07,2026-09-23T18:10:29
Google_Place/apify/brands/uae_main_batch_12/output/raw/dataset_20260704_112559_group_10_N2xOFBek.json,794925,c3ae26e4e1a063ce8f346e4ccbc37d3929c5660b38a46a43b5d2713397c1f7c2,s3://rii-data-dump/talabat/bronze/bronze/2026-07/04_enrichment_raw/Google_Place/apify/brands/uae_main_batch_12/output/raw/dataset_20260704_112559_group_10_N2xOFBek.json,bronze,04_enrichment_raw,2026-07,2026-09-23T18:10:29
Google_Place/apify/brands/uae_main_batch_06/output/raw/dataset_20260703_143354_group_21_9tKfJEOV.json,794792,b9cce520302ec30b9a87634814b50d931ee3013655fc9ae8033e018052d70ae9,s3://rii-data-dump/talabat/bronze/bronze/2026-07/04_enrichment_raw/Google_Place/apify/brands/uae_main_batch_06/output/raw/dataset_20260703_143354_group_21_9tKfJEOV.json,bronze,04_enrichment_raw,2026-07,2026-09-23T18:10:29
Google_Place/apify/brands/uae_fast_default_14/output/raw/dataset_20260702_145725_merged_all.json,794123,9ea514f927a17ef039a2bb78fadf48547da8502787efcebca733d5f6f7491904,s3://rii-data-dump/talabat/bronze/bronze/2026-07/04_enrichment_raw/Google_Place/apify/brands/uae_fast_default_14/output/raw/dataset_20260702_145725_merged_all.json,bronze,04_enrichment_raw,2026-07,2026-09-23T18:10:29
Google_Place/apify/brands/uae_main_batch_06/output/raw/dataset_20260703_143324_group_16_nncO4FYn.json,793302,808d2aa8900414f55c6215b1fcbce423715be73ff6df58fa35fd49637ec37a10,s3://rii-data-dump/talabat/bronze/bronze/2026-07/04_enrichment_raw/Google_Place/apify/brands/uae_main_batch_06/output/raw/dataset_20260703_143324_group_16_nncO4FYn.json,bronze,04_enrichment_raw,2026-07,2026-09-23T18:10:29
Google_Place/apify/brands/uae_fast_default_11/output/raw/dataset_20260702_150019_merged_all.json,792234,7002c2163f4ba2bba21d7357ce2bccc109a8116806d8574e027cf25226f4841f,s3://rii-data-dump/talabat/bronze/bronze/2026-07/04_enrichment_raw/Google_Place/apify/brands/uae_fast_default_11/output/raw/dataset_20260702_150019_merged_all.json,bronze,04_enrichment_raw,2026-07,2026-09-23T18:10:29
Google_Place/apify/brands/uae_main_batch_12/output/raw/dataset_20260704_112600_group_7_0FDEWgGZ.json,789816,82c304be25aecff35d919c7e64eeb49718ec6ddb1c05320626a9ccd36cbd8815,s3://rii-data-dump/talabat/bronze/bronze/2026-07/04_enrichment_raw/Google_Place/apify/brands/uae_main_batch_12/output/raw/dataset_20260704_112600_group_7_0FDEWgGZ.json,bronze,04_enrichment_raw,2026-07,2026-09-23T18:10:29
Google_Place/apify/brands/uae_main_batch_06/output/raw/dataset_20260703_143455_group_23_WmbPLf54.json,789596,6d9c17de8c6addb2989cd82a02993c1209ffabc760805c5536dccaebd7cfecdb,s3://rii-data-dump/talabat/bronze/bronze/2026-07/04_enrichment_raw/Google_Place/apify/brands/uae_main_batch_06/output/raw/dataset_20260703_143455_group_23_WmbPLf54.json,bronze,04_enrichment_raw,2026-07,2026-09-23T18:10:29
Google_Place/apify/brands/uae_main_batch_08/output/raw/dataset_20260703_160029_group_24_jlEfNH4N.json,789293,1b252950bf1af9ad702a74ef3ce484e6b51d76d7d6aa735138ee5372c1323df9,s3://rii-data-dump/talabat/bronze/bronze/2026-07/04_enrichment_raw/Google_Place/apify/brands/uae_main_batch_08/output/raw/dataset_20260703_160029_group_24_jlEfNH4N.json,bronze,04_enrichment_raw,2026-07,2026-09-23T18:10:29
Google_Place/apify/brands/uae_main_batch_06/output/raw/dataset_20260703_143254_group_9_afuYL8Wr.json,789237,5ad0b7a19e04f1a6fe8f6a2d36b2afa40ac074726085770b3d81aa2a9c31d26a,s3://rii-data-dump/talabat/bronze/bronze/2026-07/04_enrichment_raw/Google_Place/apify/brands/uae_main_batch_06/output/raw/dataset_20260703_143254_group_9_afuYL8Wr.json,bronze,04_enrichment_raw,2026-07,2026-09-23T18:10:29
Google_Place/apify/brands/uae_main_batch_10/output/raw/dataset_20260703_202651_group_28_gpAikmfJ.json,788758,f1bbd6cd0997460d852caf03d7a9a02b7491a52d5262ba2609b022be917929fd,s3://rii-data-dump/talabat/bronze/bronze/2026-07/04_enrichment_raw/Google_Place/apify/brands/uae_main_batch_10/output/raw/dataset_20260703_202651_group_28_gpAikmfJ.json,bronze,04_enrichment_raw,2026-07,2026-09-23T18:10:29
Google_Place/apify/brands/uae_main_batch_08/output/raw/dataset_20260703_155928_group_3_wJEOzvXh.json,788538,150a8d6fdf4464bd4281c6ede622ab42a0d6b27eb82c22c747f711e86ed0529d,s3://rii-data-dump/talabat/bronze/bronze/2026-07/04_enrichment_raw/Google_Place/apify/brands/uae_main_batch_08/output/raw/dataset_20260703_155928_group_3_wJEOzvXh.json,bronze,04_enrichment_raw,2026-07,2026-09-23T18:10:29
Google_Place/apify/brands/uae_main_batch_10/output/raw/dataset_20260703_202620_group_7_b6KmrpSM.json,788400,858b35d581225adae39a93c97eaa550b1f783ace7d23724b903101aaa8c5b808,s3://rii-data-dump/talabat/bronze/bronze/2026-07/04_enrichment_raw/Google_Place/apify/brands/uae_main_batch_10/output/raw/dataset_20260703_202620_group_7_b6KmrpSM.json,bronze,04_enrichment_raw,2026-07,2026-09-23T18:10:29
Google_Place/apify/brands/uae_main_batch_07/output/raw/dataset_20260703_152045_group_30_B2HxiTQn.json,788392,aa36a1d839bdb82fbe2d1bd5f9a17ea2c781fe6ff14818eb504b9e9ffc3ad41c,s3://rii-data-dump/talabat/bronze/bronze/2026-07/04_enrichment_raw/Google_Place/apify/brands/uae_main_batch_07/output/raw/dataset_20260703_152045_group_30_B2HxiTQn.json,bronze,04_enrichment_raw,2026-07,2026-09-23T18:10:29
Google_Place/apify/brands/uae_main_batch_02/output/raw/dataset_20260703_105534_group_5_4ogidEcI.json,787791,8a2d2588e1a47d4ecc30d7d845b82183a5e6aab9a8731bbef570388585f61ca8,s3://rii-data-dump/talabat/bronze/bronze/2026-07/04_enrichment_raw/Google_Place/apify/brands/uae_main_batch_02/output/raw/dataset_20260703_105534_group_5_4ogidEcI.json,bronze,04_enrichment_raw,2026-07,2026-09-23T18:10:30
Google_Place/apify/brands/uae_main_batch_08/output/raw/dataset_20260703_155928_group_8_wWqUslPB.json,787618,5fc340d70c17df78045c507cc026011b5198563c471c1c53cb34297aae434a48,s3://rii-data-dump/talabat/bronze/bronze/2026-07/04_enrichment_raw/Google_Place/apify/brands/uae_main_batch_08/output/raw/dataset_20260703_155928_group_8_wWqUslPB.json,bronze,04_enrichment_raw,2026-07,2026-09-23T18:10:30
Google_Place/apify/brands/uae_main_batch_06/output/raw/dataset_20260703_143526_group_14_Sh4eUDEe.json,786327,7d1484416075a623c34dda55b5dde2277a63cf29cc68a8f1300084aacc4acd6b,s3://rii-data-dump/talabat/bronze/bronze/2026-07/04_enrichment_raw/Google_Place/apify/brands/uae_main_batch_06/output/raw/dataset_20260703_143526_group_14_Sh4eUDEe.json,bronze,04_enrichment_raw,2026-07,2026-09-23T18:10:30
Google_Place/apify/brands/uae_main_batch_07/output/raw/dataset_20260703_151944_group_9_n21VqNGh.json,785345,98749894d8301a83db1c29791f79e8180d0006896e6e0b63a7df5efa5bed1465,s3://rii-data-dump/talabat/bronze/bronze/2026-07/04_enrichment_raw/Google_Place/apify/brands/uae_main_batch_07/output/raw/dataset_20260703_151944_group_9_n21VqNGh.json,bronze,04_enrichment_raw,2026-07,2026-09-23T18:10:30
Google_Place/apify/brands/uae_main_batch_12/output/raw/dataset_20260704_112700_group_16_AHT65QrH.json,785245,64f3a586755c9ad82b39ebb89d7a3181229638b16609cf6fe5f5ecea3f4753bd,s3://rii-data-dump/talabat/bronze/bronze/2026-07/04_enrichment_raw/Google_Place/apify/brands/uae_main_batch_12/output/raw/dataset_20260704_112700_group_16_AHT65QrH.json,bronze,04_enrichment_raw,2026-07,2026-09-23T18:10:30
Google_Place/apify/brands/uae_main_batch_12/output/raw/dataset_20260704_112559_group_6_kjVnOoSn.json,784865,67fc16777ae5693d2c2c5763c43774423c2dcdc088c78938bbac3c68857acd40,s3://rii-data-dump/talabat/bronze/bronze/2026-07/04_enrichment_raw/Google_Place/apify/brands/uae_main_batch_12/output/raw/dataset_20260704_112559_group_6_kjVnOoSn.json,bronze,04_enrichment_raw,2026-07,2026-09-23T18:10:30
Google_Place/apify/brands/uae_main_batch_13/output/raw/dataset_20260704_125459_group_27_wxDeLeLk.json,784688,65d72be60ec8237bb686425c17a0d4dd62339b17f0f4973e842e8a337250f681,s3://rii-data-dump/talabat/bronze/bronze/2026-07/04_enrichment_raw/Google_Place/apify/brands/uae_main_batch_13/output/raw/dataset_20260704_125459_group_27_wxDeLeLk.json,bronze,04_enrichment_raw,2026-07,2026-09-23T18:10:30
Google_Place/apify/brands/texas_chicken/output/raw/dataset_20260907_120724_merged_all.json,784386,214f936cfd43f1550fb056b4d49d6ed312ae95c84644b3c677e12cc16e92ecea,s3://rii-data-dump/talabat/bronze/bronze/2026-09/04_enrichment_raw/Google_Place/apify/brands/texas_chicken/output/raw/dataset_20260907_120724_merged_all.json,bronze,04_enrichment_raw,2026-09,2026-09-23T18:10:30
Google_Place/apify/brands/uae_main_batch_11/output/raw/dataset_20260704_110516_group_4_sho1skEd.json,784253,18449f0e2a3d37b587d18db87de3f09bcbd50cb7bb02467f4a7c86fe0d92bd55,s3://rii-data-dump/talabat/bronze/bronze/2026-07/04_enrichment_raw/Google_Place/apify/brands/uae_main_batch_11/output/raw/dataset_20260704_110516_group_4_sho1skEd.json,bronze,04_enrichment_raw,2026-07,2026-09-23T18:10:30
menu_refresh/data/nonfood_candidates.csv,782466,1653d64fc0026a0f98bae735ab1c10ab81ca40b1bc33b849d821af4424920b2b,s3://rii-data-dump/talabat/silver/2026-08/09_delta/menu_refresh/data/nonfood_candidates.csv,silver,09_delta,2026-08,2026-09-23T18:10:30
Google_Place/apify/brands/uae_main_batch_11/output/raw/dataset_20260704_110514_group_11_H6nvv95h.json,781070,b4cbc72288f6878d03ef49ee341ad4823317607d3bc3e583e2437ff6d1eeabd7,s3://rii-data-dump/talabat/bronze/bronze/2026-07/04_enrichment_raw/Google_Place/apify/brands/uae_main_batch_11/output/raw/dataset_20260704_110514_group_11_H6nvv95h.json,bronze,04_enrichment_raw,2026-07,2026-09-23T18:10:30
Google_Place/apify/brands/uae_main_batch_09/output/raw/dataset_20260703_163051_group_22_icKOrgTt.json,780989,8c72cb7f046be4b8bc2cccd0b419991363b2c0c5218d2b7418aed8bbaea1531f,s3://rii-data-dump/talabat/bronze/bronze/2026-07/04_enrichment_raw/Google_Place/apify/brands/uae_main_batch_09/output/raw/dataset_20260703_163051_group_22_icKOrgTt.json,bronze,04_enrichment_raw,2026-07,2026-09-23T18:10:30
Google_Place/apify/brands/uae_main_batch_13/output/raw/dataset_20260704_125022_group_12_lyJ7EiP7.json,780647,09a5e1b3faa4a7fd64a52b2db597daf31e8f251a5e4ba6c66e1a58dc9ee1ae8a,s3://rii-data-dump/talabat/bronze/bronze/2026-07/04_enrichment_raw/Google_Place/apify/brands/uae_main_batch_13/output/raw/dataset_20260704_125022_group_12_lyJ7EiP7.json,bronze,04_enrichment_raw,2026-07,2026-09-23T18:10:30
Google_Place/apify/brands/uae_main_batch_10/output/raw/dataset_20260703_202551_group_26_Qdy1gtbx.json,778596,080793dae668fb259b7ba4712b7024ce564a988a3e8ffc82033beae7bfe52f9f,s3://rii-data-dump/talabat/bronze/bronze/2026-07/04_enrichment_raw/Google_Place/apify/brands/uae_main_batch_10/output/raw/dataset_20260703_202551_group_26_Qdy1gtbx.json,bronze,04_enrichment_raw,2026-07,2026-09-23T18:10:30
Google_Place/apify/brands/uae_main_batch_12/output/raw/dataset_20260704_112600_group_19_GwbHpWKp.json,778186,6e2bfd73752f1877c7fdc741bdc0739824dcb6cac3c7ef18b03b3b6c36a8ea4c,s3://rii-data-dump/talabat/bronze/bronze/2026-07/04_enrichment_raw/Google_Place/apify/brands/uae_main_batch_12/output/raw/dataset_20260704_112600_group_19_GwbHpWKp.json,bronze,04_enrichment_raw,2026-07,2026-09-23T18:10:30
Google_Place/apify/brands/uae_main_batch_07/output/raw/dataset_20260703_152044_group_13_p9CpSBpI.json,777637,52a22bacfda4c0eaba6fefe1960c50769e98d307323a28b3309fcc4fa5c5be41,s3://rii-data-dump/talabat/bronze/bronze/2026-07/04_enrichment_raw/Google_Place/apify/brands/uae_main_batch_07/output/raw/dataset_20260703_152044_group_13_p9CpSBpI.json,bronze,04_enrichment_raw,2026-07,2026-09-23T18:10:30
Google_Place/apify/brands/uae_main_batch_13/output/raw/dataset_20260704_125327_group_3_xKBzLEBu.json,777480,ac537b6696e72c22df7ca28253939c4911d0f8b647170365e53bd3d37fe24c76,s3://rii-data-dump/talabat/bronze/bronze/2026-07/04_enrichment_raw/Google_Place/apify/brands/uae_main_batch_13/output/raw/dataset_20260704_125327_group_3_xKBzLEBu.json,bronze,04_enrichment_raw,2026-07,2026-09-23T18:10:30
Google_Place/apify/brands/uae_main_batch_06/output/raw/dataset_20260703_143525_group_11_9HpOl6U9.json,777311,4c37fe0fc9f984ad3b1742f4e8ad2748793d1715694ac154a81109a0ad64159a,s3://rii-data-dump/talabat/bronze/bronze/2026-07/04_enrichment_raw/Google_Place/apify/brands/uae_main_batch_06/output/raw/dataset_20260703_143525_group_11_9HpOl6U9.json,bronze,04_enrichment_raw,2026-07,2026-09-23T18:10:30
Google_Place/apify/brands/uae_main_batch_09/output/raw/dataset_20260703_163755_group_13_Hq0QPF2O.json,776481,c4face05ab6d0c1f46dba222d33c1741689851cfbab805b73af78940c1648d0f,s3://rii-data-dump/talabat/bronze/bronze/2026-07/04_enrichment_raw/Google_Place/apify/brands/uae_main_batch_09/output/raw/dataset_20260703_163755_group_13_Hq0QPF2O.json,bronze,04_enrichment_raw,2026-07,2026-09-23T18:10:30
Google_Place/apify/brands/uae_main_batch_14/output/raw/dataset_20260704_132408_group_5_yG7u2STv.json,775005,e1c7b52c7bf7ddb88e3d0fe5c89bf503d7b12b1d2fd18d56936fe9926247d1d0,s3://rii-data-dump/talabat/bronze/bronze/2026-07/04_enrichment_raw/Google_Place/apify/brands/uae_main_batch_14/output/raw/dataset_20260704_132408_group_5_yG7u2STv.json,bronze,04_enrichment_raw,2026-07,2026-09-23T18:10:30
Google_Place/apify/brands/uae_main_batch_10/output/raw/dataset_20260703_202652_group_17_IAzMPDxO.json,773404,5c19859ed830ca5562e093872a751a2342bcc9595241c8bf4c67c74f32844b62,s3://rii-data-dump/talabat/bronze/bronze/2026-07/04_enrichment_raw/Google_Place/apify/brands/uae_main_batch_10/output/raw/dataset_20260703_202652_group_17_IAzMPDxO.json,bronze,04_enrichment_raw,2026-07,2026-09-23T18:10:30
Google_Place/apify/brands/uae_main_batch_07/output/raw/dataset_20260703_152246_group_7_T6pHvnru.json,773350,bd515d96739e2c8bfc42911a597925809f9248158b9afeefdccf916e0b5c7adf,s3://rii-data-dump/talabat/bronze/bronze/2026-07/04_enrichment_raw/Google_Place/apify/brands/uae_main_batch_07/output/raw/dataset_20260703_152246_group_7_T6pHvnru.json,bronze,04_enrichment_raw,2026-07,2026-09-23T18:10:30
map_version2/subway/output/raw/dataset_20260706_173114_group_a_BQYL80ln.json,773257,46f687bc616ab93836ea16041f7794b45d75d207bddb91c68ca05e177dc87ffa,s3://rii-data-dump/talabat/silver/2026-07/05_classification/map_version2/subway/output/raw/dataset_20260706_173114_group_a_BQYL80ln.json,silver,05_classification,2026-07,2026-09-23T18:10:30
Google_Place/apify/brands/subway/output/raw/dataset_20260706_173114_group_a_BQYL80ln.json,773257,46f687bc616ab93836ea16041f7794b45d75d207bddb91c68ca05e177dc87ffa,s3://rii-data-dump/talabat/bronze/bronze/2026-07/04_enrichment_raw/Google_Place/apify/brands/subway/output/raw/dataset_20260706_173114_group_a_BQYL80ln.json,bronze,04_enrichment_raw,2026-07,2026-09-23T18:10:30
Google_Place/apify/brands/uae_main_batch_11/output/raw/dataset_20260704_110341_group_7_qaTb6j0V.json,772687,f4ba54b389b5f524f0f8542e05655fbba7a884ae4e1fe60883ef387bf07efe7a,s3://rii-data-dump/talabat/bronze/bronze/2026-07/04_enrichment_raw/Google_Place/apify/brands/uae_main_batch_11/output/raw/dataset_20260704_110341_group_7_qaTb6j0V.json,bronze,04_enrichment_raw,2026-07,2026-09-23T18:10:30
Google_Place/apify/brands/uae_main_batch_11/output/raw/dataset_20260704_105910_group_21_oLnk5Sz6.json,771732,7f9d3d078af25e441e8112575381e66554decc6080ccfda213c6dcd6e0a19de3,s3://rii-data-dump/talabat/bronze/bronze/2026-07/04_enrichment_raw/Google_Place/apify/brands/uae_main_batch_11/output/raw/dataset_20260704_105910_group_21_oLnk5Sz6.json,bronze,04_enrichment_raw,2026-07,2026-09-23T18:10:30
Google_Place/apify/brands/baskin_robbins/output/raw/dataset_20260716_172553_group_a_gZaJoGOY.json,771114,152e9e79384497676f5c1f5c6ecf5da416094001e28a02e85987df045b637c53,s3://rii-data-dump/talabat/bronze/bronze/2026-07/04_enrichment_raw/Google_Place/apify/brands/baskin_robbins/output/raw/dataset_20260716_172553_group_a_gZaJoGOY.json,bronze,04_enrichment_raw,2026-07,2026-09-23T18:10:30
Google_Place/apify/brands/uae_fast_default_09/output/raw/dataset_20260702_150038_merged_all.json,770799,dd4c0b5507bda8f52037d7dfcae85f546a8669db923f18d387393c4cdfecae64,s3://rii-data-dump/talabat/bronze/bronze/2026-07/04_enrichment_raw/Google_Place/apify/brands/uae_fast_default_09/output/raw/dataset_20260702_150038_merged_all.json,bronze,04_enrichment_raw,2026-07,2026-09-23T18:10:30
Google_Place/apify/brands/uae_main_batch_11/output/raw/dataset_20260704_110242_group_25_obatkakf.json,770524,5812ad73711f9c4f3c38a0854e9495f2b7772fb8257c60f91e6e09481479f537,s3://rii-data-dump/talabat/bronze/bronze/2026-07/04_enrichment_raw/Google_Place/apify/brands/uae_main_batch_11/output/raw/dataset_20260704_110242_group_25_obatkakf.json,bronze,04_enrichment_raw,2026-07,2026-09-23T18:10:30
Google_Place/apify/brands/uae_main_batch_08/output/raw/dataset_20260703_160129_group_23_0rX6E6XJ.json,770198,5c7af726035201367138e98f27cdb75877184d640bd02d4952e3e2ad9bd67f75,s3://rii-data-dump/talabat/bronze/bronze/2026-07/04_enrichment_raw/Google_Place/apify/brands/uae_main_batch_08/output/raw/dataset_20260703_160129_group_23_0rX6E6XJ.json,bronze,04_enrichment_raw,2026-07,2026-09-23T18:10:30
Google_Place/apify/brands/uae_main_batch_07/output/raw/dataset_20260703_152145_group_12_1SNMuAAG.json,769791,4b80d0c168bd6fa55e12ca7b8985e20c10ce6719b350ca73e85ca39dede41f65,s3://rii-data-dump/talabat/bronze/bronze/2026-07/04_enrichment_raw/Google_Place/apify/brands/uae_main_batch_07/output/raw/dataset_20260703_152145_group_12_1SNMuAAG.json,bronze,04_enrichment_raw,2026-07,2026-09-23T18:10:30
Google_Place/apify/brands/uae_main_batch_10/output/raw/dataset_20260703_202650_group_22_eiM4vp0E.json,769681,7d8e9ada1b41f7b67fc1e7cf360ecf7c7fb989ff50f93268b0f4b1f3723d7cf9,s3://rii-data-dump/talabat/bronze/bronze/2026-07/04_enrichment_raw/Google_Place/apify/brands/uae_main_batch_10/output/raw/dataset_20260703_202650_group_22_eiM4vp0E.json,bronze,04_enrichment_raw,2026-07,2026-09-23T18:10:30
Google_Place/apify/brands/uae_main_batch_13/output/raw/dataset_20260704_125358_group_15_U70TCMAE.json,769461,1e6690488a18357b8b3012e89084c31d6db89c377613f84278c3cb6551255c04,s3://rii-data-dump/talabat/bronze/bronze/2026-07/04_enrichment_raw/Google_Place/apify/brands/uae_main_batch_13/output/raw/dataset_20260704_125358_group_15_U70TCMAE.json,bronze,04_enrichment_raw,2026-07,2026-09-23T18:10:30
Google_Place/apify/brands/uae_main_batch_13/output/raw/dataset_20260704_125024_group_25_gtZu9UBU.json,767915,4b49dfcef53e5c97350eaec13775a1b37e6b3f6f68a02e91d15c37c33e4d2a94,s3://rii-data-dump/talabat/bronze/bronze/2026-07/04_enrichment_raw/Google_Place/apify/brands/uae_main_batch_13/output/raw/dataset_20260704_125024_group_25_gtZu9UBU.json,bronze,04_enrichment_raw,2026-07,2026-09-23T18:10:30
Google_Place/apify/brands/uae_main_batch_09/output/raw/dataset_20260703_163020_group_5_Nf5NKKS2.json,767769,58eb0d4d08760a45f176ef71cd29b9ea3a2590a3eb72fc60a978ec8c302dc03d,s3://rii-data-dump/talabat/bronze/bronze/2026-07/04_enrichment_raw/Google_Place/apify/brands/uae_main_batch_09/output/raw/dataset_20260703_163020_group_5_Nf5NKKS2.json,bronze,04_enrichment_raw,2026-07,2026-09-23T18:10:30
map_version2/subway/output/raw/dataset_20260706_172943_group_b_M7Zzv4QX.json,767761,e3e1e200504214712af1e3c9b4ac66746f725e400abcf08f0a5289f37a83fc06,s3://rii-data-dump/talabat/silver/2026-07/05_classification/map_version2/subway/output/raw/dataset_20260706_172943_group_b_M7Zzv4QX.json,silver,05_classification,2026-07,2026-09-23T18:10:30
Google_Place/apify/brands/subway/output/raw/dataset_20260706_172943_group_b_M7Zzv4QX.json,767761,e3e1e200504214712af1e3c9b4ac66746f725e400abcf08f0a5289f37a83fc06,s3://rii-data-dump/talabat/bronze/bronze/2026-07/04_enrichment_raw/Google_Place/apify/brands/subway/output/raw/dataset_20260706_172943_group_b_M7Zzv4QX.json,bronze,04_enrichment_raw,2026-07,2026-09-23T18:10:30
Google_Place/apify/brands/uae_main_batch_12/output/raw/dataset_20260704_112428_group_1_IVOoatqv.json,767681,469fe515a3f4f8a2327be17dc2d09b755d38d1f6d7c0977b56b8c41e687a4277,s3://rii-data-dump/talabat/bronze/bronze/2026-07/04_enrichment_raw/Google_Place/apify/brands/uae_main_batch_12/output/raw/dataset_20260704_112428_group_1_IVOoatqv.json,bronze,04_enrichment_raw,2026-07,2026-09-23T18:10:30
Google_Place/apify/brands/uae_main_batch_14/output/raw/dataset_20260704_131733_group_3_6T1WO3sW.json,767645,ef7e72c65810c8c48b286bb35130c144d49bfeebe116b4a5e32376c9428edb22,s3://rii-data-dump/talabat/bronze/bronze/2026-07/04_enrichment_raw/Google_Place/apify/brands/uae_main_batch_14/output/raw/dataset_20260704_131733_group_3_6T1WO3sW.json,bronze,04_enrichment_raw,2026-07,2026-09-23T18:10:30
Google_Place/apify/brands/local/output/raw/dataset_20260604_181508_batch_5_W9IiT2MQ.json,767634,8bf0dc6b66d2e423628832a2597be225c349a55635a1e356b30085a8af7c853d,s3://rii-data-dump/talabat/bronze/bronze/2026-06/04_enrichment_raw/Google_Place/apify/brands/local/output/raw/dataset_20260604_181508_batch_5_W9IiT2MQ.json,bronze,04_enrichment_raw,2026-06,2026-09-23T18:10:30
apify/Apify_talabat/brands/local/output/raw/dataset_20260604_181508_batch_5_W9IiT2MQ.json,767634,8bf0dc6b66d2e423628832a2597be225c349a55635a1e356b30085a8af7c853d,s3://rii-data-dump/talabat/bronze/bronze/2026-06/04_enrichment_raw/apify/Apify_talabat/brands/local/output/raw/dataset_20260604_181508_batch_5_W9IiT2MQ.json,bronze,04_enrichment_raw,2026-06,2026-09-23T18:10:30
Google_Place/apify/brands/uae_main_batch_14/output/raw/dataset_20260704_132035_group_7_EhqBHaWi.json,767624,3bf8abbbf1901bf46f1abcfa2f5ef10f4f8ddeb1e691d65df4e08a3d92d47816,s3://rii-data-dump/talabat/bronze/bronze/2026-07/04_enrichment_raw/Google_Place/apify/brands/uae_main_batch_14/output/raw/dataset_20260704_132035_group_7_EhqBHaWi.json,bronze,04_enrichment_raw,2026-07,2026-09-23T18:10:30
Google_Place/apify/brands/uae_main_batch_09/output/raw/dataset_20260703_162920_group_6_IGf4FZed.json,767531,6f690598138eaabc6cca38c62bf43cfbf72b8dfd77ce25fb56c5570bfcda7201,s3://rii-data-dump/talabat/bronze/bronze/2026-07/04_enrichment_raw/Google_Place/apify/brands/uae_main_batch_09/output/raw/dataset_20260703_162920_group_6_IGf4FZed.json,bronze,04_enrichment_raw,2026-07,2026-09-23T18:10:30
Google_Place/apify/brands/uae_main_batch_14/output/raw/dataset_20260704_132035_group_13_v4gR9HtR.json,766133,dfca89e421e0f72d86c685645d1fd681c816733e9750eb346d57acb9d01166c2,s3://rii-data-dump/talabat/bronze/bronze/2026-07/04_enrichment_raw/Google_Place/apify/brands/uae_main_batch_14/output/raw/dataset_20260704_132035_group_13_v4gR9HtR.json,bronze,04_enrichment_raw,2026-07,2026-09-23T18:10:30
Google_Place/apify/brands/uae_main_batch_12/output/raw/dataset_20260704_112459_group_15_GRkioxpV.json,765793,e8945e360111ab8c441cd861d8960be76a5a89eaf2e2268e8d33557a49a8e577,s3://rii-data-dump/talabat/bronze/bronze/2026-07/04_enrichment_raw/Google_Place/apify/brands/uae_main_batch_12/output/raw/dataset_20260704_112459_group_15_GRkioxpV.json,bronze,04_enrichment_raw,2026-07,2026-09-23T18:10:30
map_version2/five_guys/output/raw/dataset_20260706_143612_merged_all.json,765079,9edbb7e6322cb72e936356dcfa8d5581b5543f0276f567cd866e4ca343ceafce,s3://rii-data-dump/talabat/silver/2026-07/05_classification/map_version2/five_guys/output/raw/dataset_20260706_143612_merged_all.json,silver,05_classification,2026-07,2026-09-23T18:10:30
Google_Place/apify/brands/five_guys/output/raw/dataset_20260706_143612_merged_all.json,765079,9edbb7e6322cb72e936356dcfa8d5581b5543f0276f567cd866e4ca343ceafce,s3://rii-data-dump/talabat/bronze/bronze/2026-07/04_enrichment_raw/Google_Place/apify/brands/five_guys/output/raw/dataset_20260706_143612_merged_all.json,bronze,04_enrichment_raw,2026-07,2026-09-23T18:10:30
Google_Place/apify/brands/uae_main_batch_08/output/raw/dataset_20260703_160230_group_10_mTAwcS9a.json,764381,a25e8229f7eb5f0cbf62cd11d67de5de631cd6b59366d8a1d349b4202c0eaaef,s3://rii-data-dump/talabat/bronze/bronze/2026-07/04_enrichment_raw/Google_Place/apify/brands/uae_main_batch_08/output/raw/dataset_20260703_160230_group_10_mTAwcS9a.json,bronze,04_enrichment_raw,2026-07,2026-09-23T18:10:30
Google_Place/apify/brands/uae_main_batch_08/output/raw/dataset_20260703_160029_group_4_lH6qH4yF.json,763886,760c1dea53c0453c96e0ecaed243ebb6dc5b16fa79baf43621cdfe4c9a9cb761,s3://rii-data-dump/talabat/bronze/bronze/2026-07/04_enrichment_raw/Google_Place/apify/brands/uae_main_batch_08/output/raw/dataset_20260703_160029_group_4_lH6qH4yF.json,bronze,04_enrichment_raw,2026-07,2026-09-23T18:10:30
Google_Place/apify/brands/uae_main_batch_06/output/raw/dataset_20260703_143727_group_18_W8UGQ98h.json,763434,ce1cfd747810624e999926179243ce532eb8b4f1e309f677637d8a7763d7f92a,s3://rii-data-dump/talabat/bronze/bronze/2026-07/04_enrichment_raw/Google_Place/apify/brands/uae_main_batch_06/output/raw/dataset_20260703_143727_group_18_W8UGQ98h.json,bronze,04_enrichment_raw,2026-07,2026-09-23T18:10:30
Google_Place/apify/brands/uae_main_batch_09/output/raw/dataset_20260703_163020_group_30_amO5hz42.json,763360,9cc68fa0aeb50bd42801e12e24857f15283e383be61a93157fa4db88dc4102ce,s3://rii-data-dump/talabat/bronze/bronze/2026-07/04_enrichment_raw/Google_Place/apify/brands/uae_main_batch_09/output/raw/dataset_20260703_163020_group_30_amO5hz42.json,bronze,04_enrichment_raw,2026-07,2026-09-23T18:10:30
Google_Place/apify/brands/uae_main_batch_07/output/raw/dataset_20260703_152215_group_11_g1HIUHKB.json,762073,b39fef33b439e9bdbe1f8d6dd063dedbae732436fc3a2e5566cfb03b40f975af,s3://rii-data-dump/talabat/bronze/bronze/2026-07/04_enrichment_raw/Google_Place/apify/brands/uae_main_batch_07/output/raw/dataset_20260703_152215_group_11_g1HIUHKB.json,bronze,04_enrichment_raw,2026-07,2026-09-23T18:10:30
Google_Place/apify/brands/uae_main_batch_10/output/raw/dataset_20260703_202521_group_1_C32ErJtY.json,760832,ec3e7f2db44bcbe1be5791deb1e8b66c252a84a089ca483ac51811043a3f22cf,s3://rii-data-dump/talabat/bronze/bronze/2026-07/04_enrichment_raw/Google_Place/apify/brands/uae_main_batch_10/output/raw/dataset_20260703_202521_group_1_C32ErJtY.json,bronze,04_enrichment_raw,2026-07,2026-09-23T18:10:30
Google_Place/apify/brands/uae_main_batch_06/output/raw/dataset_20260703_143626_group_2_JFA5x0Ia.json,760294,31d4f707ae8c197f76cab91abdb380e4e444d24b6727e041c2bb14a83351c231,s3://rii-data-dump/talabat/bronze/bronze/2026-07/04_enrichment_raw/Google_Place/apify/brands/uae_main_batch_06/output/raw/dataset_20260703_143626_group_2_JFA5x0Ia.json,bronze,04_enrichment_raw,2026-07,2026-09-23T18:10:30
Google_Place/apify/brands/uae_main_batch_06/output/raw/dataset_20260703_143455_group_8_v4AL1PF8.json,758107,87d51170d376c6828ad275ca523682cf24fbe08c9667dcad16a05b4dd249462d,s3://rii-data-dump/talabat/bronze/bronze/2026-07/04_enrichment_raw/Google_Place/apify/brands/uae_main_batch_06/output/raw/dataset_20260703_143455_group_8_v4AL1PF8.json,bronze,04_enrichment_raw,2026-07,2026-09-23T18:10:30
Google_Place/apify/brands/uae_main_batch_06/output/raw/dataset_20260703_143455_group_17_LrdDnPnI.json,757670,1f81ab53df3c545191e1582ca8067f87491dd6cf5147a3d27454b764180a2e08,s3://rii-data-dump/talabat/bronze/bronze/2026-07/04_enrichment_raw/Google_Place/apify/brands/uae_main_batch_06/output/raw/dataset_20260703_143455_group_17_LrdDnPnI.json,bronze,04_enrichment_raw,2026-07,2026-09-23T18:10:30
Google_Place/apify/brands/uae_main_batch_10/output/raw/dataset_20260703_202852_group_9_P3C7ZXot.json,757539,197389682f9bb711bda717be7ee4f8af1364e4ef80ba8ef903460ec2915dea24,s3://rii-data-dump/talabat/bronze/bronze/2026-07/04_enrichment_raw/Google_Place/apify/brands/uae_main_batch_10/output/raw/dataset_20260703_202852_group_9_P3C7ZXot.json,bronze,04_enrichment_raw,2026-07,2026-09-23T18:10:30
Google_Place/apify/brands/uae_main_batch_07/output/raw/dataset_20260703_152518_group_18_8xFk1oIx.json,757498,4a47e364ff514f061542385bf1ad2f1ba045d100dfac57fe5984f80dfeb0272a,s3://rii-data-dump/talabat/bronze/bronze/2026-07/04_enrichment_raw/Google_Place/apify/brands/uae_main_batch_07/output/raw/dataset_20260703_152518_group_18_8xFk1oIx.json,bronze,04_enrichment_raw,2026-07,2026-09-23T18:10:30
Google_Place/apify/brands/uae_main_batch_07/output/raw/dataset_20260703_152518_group_19_1BS9Ngz4.json,756376,31252d9456885d04b372c4186cf4a4e2eccbfb115a6ff9e03d79451b63977716,s3://rii-data-dump/talabat/bronze/bronze/2026-07/04_enrichment_raw/Google_Place/apify/brands/uae_main_batch_07/output/raw/dataset_20260703_152518_group_19_1BS9Ngz4.json,bronze,04_enrichment_raw,2026-07,2026-09-23T18:10:30
Google_Place/apify/brands/uae_main_batch_13/output/raw/dataset_20260704_125152_group_29_DhnTTAox.json,756164,010bb14d45761a5358e1da9b79ad17f046d3ba921aa7f47ba4328ba19431b1e0,s3://rii-data-dump/talabat/bronze/bronze/2026-07/04_enrichment_raw/Google_Place/apify/brands/uae_main_batch_13/output/raw/dataset_20260704_125152_group_29_DhnTTAox.json,bronze,04_enrichment_raw,2026-07,2026-09-23T18:10:30
Google_Place/apify/brands/uae_main_batch_12/output/raw/dataset_20260704_112600_group_3_eqq5U0cq.json,754956,87abeecd92fc559218d679c9db00a674a85f9c315ea71d8a82783711a10d450f,s3://rii-data-dump/talabat/bronze/bronze/2026-07/04_enrichment_raw/Google_Place/apify/brands/uae_main_batch_12/output/raw/dataset_20260704_112600_group_3_eqq5U0cq.json,bronze,04_enrichment_raw,2026-07,2026-09-23T18:10:30
Google_Place/apify/brands/uae_main_batch_13/output/raw/dataset_20260704_125353_group_17_TLOKF2z2.json,753469,65e13c4f5d6d39b599178f8de84af2001c5e60832ba8017597b347c90022c5de,s3://rii-data-dump/talabat/bronze/bronze/2026-07/04_enrichment_raw/Google_Place/apify/brands/uae_main_batch_13/output/raw/dataset_20260704_125353_group_17_TLOKF2z2.json,bronze,04_enrichment_raw,2026-07,2026-09-23T18:10:30
Google_Place/apify/brands/uae_main_batch_06/output/raw/dataset_20260703_143827_group_27_PfOWPOA1.json,753151,05ccea45604e17bdc28f4f2651f9ce6bc8bc23c9ff1d7277bded617cc7ecd33d,s3://rii-data-dump/talabat/bronze/bronze/2026-07/04_enrichment_raw/Google_Place/apify/brands/uae_main_batch_06/output/raw/dataset_20260703_143827_group_27_PfOWPOA1.json,bronze,04_enrichment_raw,2026-07,2026-09-23T18:10:30
Google_Place/apify/brands/uae_main_batch_10/output/raw/dataset_20260703_202853_group_3_jFt19tyN.json,749432,0030ddd07a47cb8869ca4419b0ea862f64aff63c7c3cd239d9e8871b5dc831b1,s3://rii-data-dump/talabat/bronze/bronze/2026-07/04_enrichment_raw/Google_Place/apify/brands/uae_main_batch_10/output/raw/dataset_20260703_202853_group_3_jFt19tyN.json,bronze,04_enrichment_raw,2026-07,2026-09-23T18:10:30
Google_Place/apify/brands/uae_main_batch_10/output/raw/dataset_20260703_202721_group_29_jtoKg9Ei.json,748825,50f193754ca97cdc70568fbff86be24ae768dc21bc22bb48a35654fb98016a02,s3://rii-data-dump/talabat/bronze/bronze/2026-07/04_enrichment_raw/Google_Place/apify/brands/uae_main_batch_10/output/raw/dataset_20260703_202721_group_29_jtoKg9Ei.json,bronze,04_enrichment_raw,2026-07,2026-09-23T18:10:30
address_audit/data/smear_branches_to_fetch.csv,748130,09feed7b540f585f287b914babac6240cb8c8ca4386821c68007947131aed72a,s3://rii-data-dump/talabat/silver/2026-09/07_addresses/address_audit/data/smear_branches_to_fetch.csv,silver,07_addresses,2026-09,2026-09-23T18:10:30
Google_Place/apify/brands/uae_main_batch_13/output/raw/dataset_20260704_125454_group_23_vjgW6hW9.json,747339,6a100fd5a5bf8d5795ab42edb9d796783ebf0a619dfae861a76f31ad4f1d82a4,s3://rii-data-dump/talabat/bronze/bronze/2026-07/04_enrichment_raw/Google_Place/apify/brands/uae_main_batch_13/output/raw/dataset_20260704_125454_group_23_vjgW6hW9.json,bronze,04_enrichment_raw,2026-07,2026-09-23T18:10:30
Google_Place/apify/brands/uae_main_batch_06/output/raw/dataset_20260703_143657_group_12_jnmgASl9.json,747011,aca5c3142ffce0a429e3957f92d1b18f0ec79826ed9be5e3e5101164fa2da4e1,s3://rii-data-dump/talabat/bronze/bronze/2026-07/04_enrichment_raw/Google_Place/apify/brands/uae_main_batch_06/output/raw/dataset_20260703_143657_group_12_jnmgASl9.json,bronze,04_enrichment_raw,2026-07,2026-09-23T18:10:30
Google_Place/apify/brands/uae_main_batch_11/output/raw/dataset_20260704_110415_group_2_btTcEagK.json,746619,2afaf89dcf8b8733b3095f65168a12e8032fe72ea2fe47c0b0b2b72a8e7609af,s3://rii-data-dump/talabat/bronze/bronze/2026-07/04_enrichment_raw/Google_Place/apify/brands/uae_main_batch_11/output/raw/dataset_20260704_110415_group_2_btTcEagK.json,bronze,04_enrichment_raw,2026-07,2026-09-23T18:10:30
Google_Place/apify/brands/uae_main_batch_12/output/raw/dataset_20260704_112458_group_26_vCce88Af.json,744861,027562028fb09b57caa09c4eac23b18a488e50e708618d334b8163f11f6d09dc,s3://rii-data-dump/talabat/bronze/bronze/2026-07/04_enrichment_raw/Google_Place/apify/brands/uae_main_batch_12/output/raw/dataset_20260704_112458_group_26_vCce88Af.json,bronze,04_enrichment_raw,2026-07,2026-09-23T18:10:30
Google_Place/apify/brands/uae_main_batch_06/output/raw/dataset_20260703_143727_group_22_pcirTLgZ.json,744243,da30577bf7836c6be324d7f096147d564326e69795c4fbbef27695ead0d9cae5,s3://rii-data-dump/talabat/bronze/bronze/2026-07/04_enrichment_raw/Google_Place/apify/brands/uae_main_batch_06/output/raw/dataset_20260703_143727_group_22_pcirTLgZ.json,bronze,04_enrichment_raw,2026-07,2026-09-23T18:10:30
Google_Place/apify/brands/uae_main_batch_08/output/raw/dataset_20260703_155858_group_17_PoOhbG1Y.json,743304,c0b9c3def597af5e210d1ea88fb44a10716bf60b64e36038b4e10be6fcaa4c9e,s3://rii-data-dump/talabat/bronze/bronze/2026-07/04_enrichment_raw/Google_Place/apify/brands/uae_main_batch_08/output/raw/dataset_20260703_155858_group_17_PoOhbG1Y.json,bronze,04_enrichment_raw,2026-07,2026-09-23T18:10:31
Google_Place/apify/brands/uae_main_batch_10/output/raw/dataset_20260703_202752_group_2_pcGICnKq.json,743101,a9134b651c76e2696dd66f3d7a20bde6c89ae2098030763e6f56d82158a8f429,s3://rii-data-dump/talabat/bronze/bronze/2026-07/04_enrichment_raw/Google_Place/apify/brands/uae_main_batch_10/output/raw/dataset_20260703_202752_group_2_pcGICnKq.json,bronze,04_enrichment_raw,2026-07,2026-09-23T18:10:31
Google_Place/apify/brands/uae_main_batch_08/output/raw/dataset_20260703_160059_group_11_wVhaFtjB.json,742185,0ae3932c2223bd573a629069aca2abf441fe5e5f040f98a47f7485794fa43781,s3://rii-data-dump/talabat/bronze/bronze/2026-07/04_enrichment_raw/Google_Place/apify/brands/uae_main_batch_08/output/raw/dataset_20260703_160059_group_11_wVhaFtjB.json,bronze,04_enrichment_raw,2026-07,2026-09-23T18:10:31
August_classification/data/apify_probe_results.json,741797,c4e64d10691069aa8c88a99664085158c2bfc75a1f4a2cca251a80b92889da46,s3://rii-data-dump/talabat/silver/2026-08/05_classification/August_classification/data/apify_probe_results.json,silver,05_classification,2026-08,2026-09-23T18:10:31
Google_Place/apify/brands/uae_main_batch_10/output/raw/dataset_20260703_202721_group_8_oqX5c1SO.json,741535,c5ff95803ae6e8c4e7f257149090b0803be866bdcfe0226b0f68bf02abb1bf84,s3://rii-data-dump/talabat/bronze/bronze/2026-07/04_enrichment_raw/Google_Place/apify/brands/uae_main_batch_10/output/raw/dataset_20260703_202721_group_8_oqX5c1SO.json,bronze,04_enrichment_raw,2026-07,2026-09-23T18:10:31
Google_Place/apify/brands/uae_main_batch_10/output/raw/dataset_20260703_203355_group_16_cPpzy5mH.json,740990,9a9e0b65ea3a6c2a51440122ffea559d2bd4020cc3bea9c77b3eba6482c73d12,s3://rii-data-dump/talabat/bronze/bronze/2026-07/04_enrichment_raw/Google_Place/apify/brands/uae_main_batch_10/output/raw/dataset_20260703_203355_group_16_cPpzy5mH.json,bronze,04_enrichment_raw,2026-07,2026-09-23T18:10:31
Google_Place/apify/brands/uae_main_batch_13/output/raw/dataset_20260704_125258_group_11_wkxdgUWo.json,740314,16ebe3af36427fcdca2fe73a26b4f497efa4418efcbe25362df9ca8f09e50923,s3://rii-data-dump/talabat/bronze/bronze/2026-07/04_enrichment_raw/Google_Place/apify/brands/uae_main_batch_13/output/raw/dataset_20260704_125258_group_11_wkxdgUWo.json,bronze,04_enrichment_raw,2026-07,2026-09-23T18:10:31
Google_Place/apify/brands/uae_main_batch_13/output/raw/dataset_20260704_124846_group_24_dpcaA0df.json,740281,43c95779a220bdd9df4a0c7e3face6a8c0a7fb25752838a5ee298076dd2f680e,s3://rii-data-dump/talabat/bronze/bronze/2026-07/04_enrichment_raw/Google_Place/apify/brands/uae_main_batch_13/output/raw/dataset_20260704_124846_group_24_dpcaA0df.json,bronze,04_enrichment_raw,2026-07,2026-09-23T18:10:31
Google_Place/apify/brands/uae_main_batch_14/output/raw/dataset_20260704_132004_group_18_eXihubHB.json,739305,ca2e30b42ff181faaeaffa7acff01aa0474ef4cfa2e197531d7f1c7e5a7815d6,s3://rii-data-dump/talabat/bronze/bronze/2026-07/04_enrichment_raw/Google_Place/apify/brands/uae_main_batch_14/output/raw/dataset_20260704_132004_group_18_eXihubHB.json,bronze,04_enrichment_raw,2026-07,2026-09-23T18:10:31
Google_Place/apify/brands/uae_main_batch_14/output/raw/dataset_20260704_131934_group_23_p7JaJJGg.json,739008,3084ed0a37f8d60211362154e5099a2f4c664fbec517a27227abbc701c848ee9,s3://rii-data-dump/talabat/bronze/bronze/2026-07/04_enrichment_raw/Google_Place/apify/brands/uae_main_batch_14/output/raw/dataset_20260704_131934_group_23_p7JaJJGg.json,bronze,04_enrichment_raw,2026-07,2026-09-23T18:10:31
Google_Place/apify/brands/uae_main_batch_14/output/raw/dataset_20260704_132004_group_26_EddAPMl4.json,738774,e40774f79f1cd82ae9f19a8bb3a924674d2a9852db1d78e7f38730d0f6fa9470,s3://rii-data-dump/talabat/bronze/bronze/2026-07/04_enrichment_raw/Google_Place/apify/brands/uae_main_batch_14/output/raw/dataset_20260704_132004_group_26_EddAPMl4.json,bronze,04_enrichment_raw,2026-07,2026-09-23T18:10:31
Google_Place/apify/brands/uae_main_batch_09/output/raw/dataset_20260703_163423_group_21_fa63ICa7.json,737887,06b081301b23461702dc6ab5c8abd5ab8925e7bc73d66aca8cf5b898c8075263,s3://rii-data-dump/talabat/bronze/bronze/2026-07/04_enrichment_raw/Google_Place/apify/brands/uae_main_batch_09/output/raw/dataset_20260703_163423_group_21_fa63ICa7.json,bronze,04_enrichment_raw,2026-07,2026-09-23T18:10:31
Google_Place/apify/brands/uae_main_batch_12/output/raw/dataset_20260704_112327_group_9_ROHxJ49w.json,736012,17eeedbbf847d75d7f9f7183f0d21943ff8b2b4f3f3b6b734e3525beef98ca19,s3://rii-data-dump/talabat/bronze/bronze/2026-07/04_enrichment_raw/Google_Place/apify/brands/uae_main_batch_12/output/raw/dataset_20260704_112327_group_9_ROHxJ49w.json,bronze,04_enrichment_raw,2026-07,2026-09-23T18:10:31
Google_Place/apify/brands/uae_main_batch_13/output/raw/dataset_20260704_125252_group_28_bsa5scjf.json,735761,2e557781bffb1b394fa4dbcb979cd2249e1690c91438fafd27dfc76a5e831388,s3://rii-data-dump/talabat/bronze/bronze/2026-07/04_enrichment_raw/Google_Place/apify/brands/uae_main_batch_13/output/raw/dataset_20260704_125252_group_28_bsa5scjf.json,bronze,04_enrichment_raw,2026-07,2026-09-23T18:10:31
Google_Place/apify/brands/uae_main_batch_06/output/raw/dataset_20260703_143455_group_25_2YLAKfkz.json,735598,361292b312e7d1c1d8929dd0eefd751e2a237b7a1e3de555d75c20a781ac89d7,s3://rii-data-dump/talabat/bronze/bronze/2026-07/04_enrichment_raw/Google_Place/apify/brands/uae_main_batch_06/output/raw/dataset_20260703_143455_group_25_2YLAKfkz.json,bronze,04_enrichment_raw,2026-07,2026-09-23T18:10:31
Google_Place/apify/brands/uae_main_batch_13/output/raw/dataset_20260704_125324_group_6_8NZfLjyf.json,734803,ee01a5023cf16f670971a3a74820e4ff34cb45ba726375abf2184be5e796c431,s3://rii-data-dump/talabat/bronze/bronze/2026-07/04_enrichment_raw/Google_Place/apify/brands/uae_main_batch_13/output/raw/dataset_20260704_125324_group_6_8NZfLjyf.json,bronze,04_enrichment_raw,2026-07,2026-09-23T18:10:31
Google_Place/apify/brands/uae_main_batch_12/output/raw/dataset_20260704_112730_group_2_goOyVO7t.json,732798,a111edbb2c0a93755318f6987ffc55da8b0324995ef6c1afb2fd34af95e9253a,s3://rii-data-dump/talabat/bronze/bronze/2026-07/04_enrichment_raw/Google_Place/apify/brands/uae_main_batch_12/output/raw/dataset_20260704_112730_group_2_goOyVO7t.json,bronze,04_enrichment_raw,2026-07,2026-09-23T18:10:31
Google_Place/apify/brands/uae_main_batch_11/output/raw/dataset_20260704_110544_group_13_cQvM5M4A.json,731684,719449df97c8567cf148f6572b1c1199e01812b4e107de853903ee213fa73f25,s3://rii-data-dump/talabat/bronze/bronze/2026-07/04_enrichment_raw/Google_Place/apify/brands/uae_main_batch_11/output/raw/dataset_20260704_110544_group_13_cQvM5M4A.json,bronze,04_enrichment_raw,2026-07,2026-09-23T18:10:31
Google_Place/apify/brands/uae_main_batch_12/output/raw/dataset_20260704_112459_group_22_Vwdouho9.json,730673,00d9230f002181233c102de7840e44bae75f3702348d47103ff4f5bb2d62e42c,s3://rii-data-dump/talabat/bronze/bronze/2026-07/04_enrichment_raw/Google_Place/apify/brands/uae_main_batch_12/output/raw/dataset_20260704_112459_group_22_Vwdouho9.json,bronze,04_enrichment_raw,2026-07,2026-09-23T18:10:31
Google_Place/apify/brands/uae_main_batch_10/output/raw/dataset_20260703_203023_group_5_ZBewFhzx.json,730538,62413e643fc413d599d18ded7f147dc193dd714369498e90523297aa742b778f,s3://rii-data-dump/talabat/bronze/bronze/2026-07/04_enrichment_raw/Google_Place/apify/brands/uae_main_batch_10/output/raw/dataset_20260703_203023_group_5_ZBewFhzx.json,bronze,04_enrichment_raw,2026-07,2026-09-23T18:10:31
area_classification/data/raw_to_clean_lookup.json,730469,820129dee11b83879faa36213ce36b607c7f900a7a4ca431562cecd0d3bb927e,s3://rii-data-dump/talabat/silver/2026-09/06_areas/area_classification/data/raw_to_clean_lookup.json,silver,06_areas,2026-09,2026-09-23T18:10:31
Google_Place/apify/brands/uae_main_batch_11/output/raw/dataset_20260704_110345_group_22_kf9y72g5.json,727092,ff0133dc1db0551347813f12e98ab3b87e4dbd83feeae2d29cbd911f07eed362,s3://rii-data-dump/talabat/bronze/bronze/2026-07/04_enrichment_raw/Google_Place/apify/brands/uae_main_batch_11/output/raw/dataset_20260704_110345_group_22_kf9y72g5.json,bronze,04_enrichment_raw,2026-07,2026-09-23T18:10:31
Google_Place/apify/brands/uae_main_batch_14/output/raw/dataset_20260704_132004_group_24_MtMUJWFq.json,726391,3ed885d5d308b84f9f327a499d5685e8cb558b4228fc5cb9548c1c5db9c57df9,s3://rii-data-dump/talabat/bronze/bronze/2026-07/04_enrichment_raw/Google_Place/apify/brands/uae_main_batch_14/output/raw/dataset_20260704_132004_group_24_MtMUJWFq.json,bronze,04_enrichment_raw,2026-07,2026-09-23T18:10:31
Google_Place/apify/brands/uae_main_batch_07/output/raw/dataset_20260703_152215_group_27_4irqdtzR.json,726276,8a5712120229058629453bbf68f0343f6b771c8ede002f36bc2e47eae206c060,s3://rii-data-dump/talabat/bronze/bronze/2026-07/04_enrichment_raw/Google_Place/apify/brands/uae_main_batch_07/output/raw/dataset_20260703_152215_group_27_4irqdtzR.json,bronze,04_enrichment_raw,2026-07,2026-09-23T18:10:31
Google_Place/talabat_menu/output/raw/batch_001_20260623_174216_MJepQmsa.json,725939,ed9e8320f6c03b4c1d87e2bd273f083b772eb22d6193d3513aa226e58b1be7be,s3://rii-data-dump/talabat/bronze/bronze/2026-06/04_enrichment_raw/Google_Place/talabat_menu/output/raw/batch_001_20260623_174216_MJepQmsa.json,bronze,04_enrichment_raw,2026-06,2026-09-23T18:10:31
apify/Apify_talabat/talabat_menu/output/raw/batch_001_20260623_174216_MJepQmsa.json,725939,ed9e8320f6c03b4c1d87e2bd273f083b772eb22d6193d3513aa226e58b1be7be,s3://rii-data-dump/talabat/bronze/bronze/2026-06/04_enrichment_raw/apify/Apify_talabat/talabat_menu/output/raw/batch_001_20260623_174216_MJepQmsa.json,bronze,04_enrichment_raw,2026-06,2026-09-23T18:10:31
Google_Place/apify/brands/uae_main_batch_12/output/raw/dataset_20260704_112600_group_23_VKvebRI3.json,725905,859160cdaee3409dc8c596d34ebe934ac09541d23c1c4b0a6bfc341ce6da51fb,s3://rii-data-dump/talabat/bronze/bronze/2026-07/04_enrichment_raw/Google_Place/apify/brands/uae_main_batch_12/output/raw/dataset_20260704_112600_group_23_VKvebRI3.json,bronze,04_enrichment_raw,2026-07,2026-09-23T18:10:31
Google_Place/apify/brands/uae_main_batch_13/output/raw/dataset_20260704_125255_group_2_qbzjGSyG.json,725719,a3cf16529b448c6ee80a80af1d4dc0d07f791dcabacfb99ffc1b597b63b4b70d,s3://rii-data-dump/talabat/bronze/bronze/2026-07/04_enrichment_raw/Google_Place/apify/brands/uae_main_batch_13/output/raw/dataset_20260704_125255_group_2_qbzjGSyG.json,bronze,04_enrichment_raw,2026-07,2026-09-23T18:10:31
Google_Place/apify/brands/uae_main_batch_14/output/raw/dataset_20260704_132036_group_28_jWmgSOlb.json,725542,7f03ad23bd11e45519228849527a3def925914a135e936daa4956130660231dc,s3://rii-data-dump/talabat/bronze/bronze/2026-07/04_enrichment_raw/Google_Place/apify/brands/uae_main_batch_14/output/raw/dataset_20260704_132036_group_28_jWmgSOlb.json,bronze,04_enrichment_raw,2026-07,2026-09-23T18:10:31
Google_Place/apify/brands/uae_main_batch_08/output/raw/dataset_20260703_160300_group_9_om2doUIO.json,725444,e6d5fcaae8abc0af42be7938f427547cf99f620f8eed5a171403430f3acace32,s3://rii-data-dump/talabat/bronze/bronze/2026-07/04_enrichment_raw/Google_Place/apify/brands/uae_main_batch_08/output/raw/dataset_20260703_160300_group_9_om2doUIO.json,bronze,04_enrichment_raw,2026-07,2026-09-23T18:10:31
Google_Place/apify/brands/baskin_robbins/output/raw/dataset_20260716_172523_group_b_agxx1JKX.json,723652,c46114a232cfdfce6d2352f7c3662adce211c08b4f9637704bad05f6f489a09d,s3://rii-data-dump/talabat/bronze/bronze/2026-07/04_enrichment_raw/Google_Place/apify/brands/baskin_robbins/output/raw/dataset_20260716_172523_group_b_agxx1JKX.json,bronze,04_enrichment_raw,2026-07,2026-09-23T18:10:31
Google_Place/apify/brands/uae_main_batch_08/output/raw/dataset_20260703_160602_group_14_fVoKsKZq.json,719273,65b9b4a6e86ff1404a59b0ca71161244658a17bd1be00e81980a0fa98f745c17,s3://rii-data-dump/talabat/bronze/bronze/2026-07/04_enrichment_raw/Google_Place/apify/brands/uae_main_batch_08/output/raw/dataset_20260703_160602_group_14_fVoKsKZq.json,bronze,04_enrichment_raw,2026-07,2026-09-23T18:10:31
Google_Place/apify/brands/uae_main_batch_09/output/raw/dataset_20260703_163021_group_8_tzIdqYOZ.json,717175,6e1dd0b55d568502fcd5fb71e030ad0bc555c13d2175ff86274f60629b99c8a2,s3://rii-data-dump/talabat/bronze/bronze/2026-07/04_enrichment_raw/Google_Place/apify/brands/uae_main_batch_09/output/raw/dataset_20260703_163021_group_8_tzIdqYOZ.json,bronze,04_enrichment_raw,2026-07,2026-09-23T18:10:31
Google_Place/apify/brands/uae_main_batch_09/output/raw/dataset_20260703_163221_group_20_ileyocQc.json,716663,5313b635d9fd0defc31754fdb0ce7d69befd7f2f3c86dd22f0345731c9ed8fd2,s3://rii-data-dump/talabat/bronze/bronze/2026-07/04_enrichment_raw/Google_Place/apify/brands/uae_main_batch_09/output/raw/dataset_20260703_163221_group_20_ileyocQc.json,bronze,04_enrichment_raw,2026-07,2026-09-23T18:10:31
export/IT_Team_Location/output/coordinate_correction_map.csv,716505,6135c616d7132d61d9250a4d3d578cf434478896ab949874ac0485ad1c842b60,s3://rii-data-dump/talabat/gold/2026-07/exports/export/IT_Team_Location/output/coordinate_correction_map.csv,gold,exports,2026-07,2026-09-23T18:10:31
Google_Place/apify/brands/uae_main_batch_11/output/raw/dataset_20260704_110316_group_30_zOsIqbTt.json,716061,f16612bc8f27fc34d67621ce55476b3fa0bd43b83bfd8e69ddf012f5d9be656e,s3://rii-data-dump/talabat/bronze/bronze/2026-07/04_enrichment_raw/Google_Place/apify/brands/uae_main_batch_11/output/raw/dataset_20260704_110316_group_30_zOsIqbTt.json,bronze,04_enrichment_raw,2026-07,2026-09-23T18:10:31
address_audit/data/branch_own_address.pre_wrong_emirate.csv,715803,38e9d850c26b2c35bba7717425909c876ce3c449b06b605432f90082c2991540,s3://rii-data-dump/talabat/silver/2026-09/07_addresses/address_audit/data/branch_own_address.pre_wrong_emirate.csv,silver,07_addresses,2026-09,2026-09-23T18:10:31
Google_Place/apify/brands/uae_main_batch_11/output/raw/dataset_20260704_110514_group_15_lqGVK09q.json,714379,e28053c85187899f9804db71ae0691f264777e56fabb1f81f03f9a5e7e7397af,s3://rii-data-dump/talabat/bronze/bronze/2026-07/04_enrichment_raw/Google_Place/apify/brands/uae_main_batch_11/output/raw/dataset_20260704_110514_group_15_lqGVK09q.json,bronze,04_enrichment_raw,2026-07,2026-09-23T18:10:31
Google_Place/apify/brands/uae_fast_default_15/output/raw/dataset_20260702_145422_merged_all.json,713777,5ac17dac75dde9bb9449ed13cacff830dc56a910ed133403b1e2d1315d6d3066,s3://rii-data-dump/talabat/bronze/bronze/2026-07/04_enrichment_raw/Google_Place/apify/brands/uae_fast_default_15/output/raw/dataset_20260702_145422_merged_all.json,bronze,04_enrichment_raw,2026-07,2026-09-23T18:10:31
Google_Place/apify/brands/uae_main_batch_06/output/raw/dataset_20260703_143355_group_15_qfYa9UZB.json,713539,3f9af214eb482bc2c772b56c4e3c9b93b7e8f85ea7ef7fa57a3c399b5828c9fd,s3://rii-data-dump/talabat/bronze/bronze/2026-07/04_enrichment_raw/Google_Place/apify/brands/uae_main_batch_06/output/raw/dataset_20260703_143355_group_15_qfYa9UZB.json,bronze,04_enrichment_raw,2026-07,2026-09-23T18:10:31
Restaurant Identifier/data/non_restaurants_run2.jsonl,712871,81da18cf0932d8c67b5100d771e8ef1648e678cf76e924b542b03b6876542fcb,s3://rii-data-dump/talabat/bronze/bronze/_cross_month/02_listings/Restaurant Identifier/data/non_restaurants_run2.jsonl,bronze,02_listings,_cross_month,2026-09-23T18:10:31
Google_Place/apify/brands/uae_main_batch_07/output/raw/dataset_20260703_152417_group_25_ZTcKkdJ0.json,712504,eab0544dcaecfb293389694a40814cd06b2d9cd6c9f15989b258103de5970e4e,s3://rii-data-dump/talabat/bronze/bronze/2026-07/04_enrichment_raw/Google_Place/apify/brands/uae_main_batch_07/output/raw/dataset_20260703_152417_group_25_ZTcKkdJ0.json,bronze,04_enrichment_raw,2026-07,2026-09-23T18:10:31
Google_Place/apify/brands/uae_main_batch_11/output/raw/dataset_20260704_110415_group_23_ycLP0Doi.json,711356,c0530adb520968173fd65fffa883912c7b4f6e971e5a2a6a476fc49428eaa631,s3://rii-data-dump/talabat/bronze/bronze/2026-07/04_enrichment_raw/Google_Place/apify/brands/uae_main_batch_11/output/raw/dataset_20260704_110415_group_23_ycLP0Doi.json,bronze,04_enrichment_raw,2026-07,2026-09-23T18:10:31
Google_Place/apify/brands/uae_main_batch_06/output/raw/dataset_20260703_143958_group_20_4CksdHDE.json,711195,0fb73a95b372ca42db6508e47e17901127f2cd01748f92403e21dc42558c454e,s3://rii-data-dump/talabat/bronze/bronze/2026-07/04_enrichment_raw/Google_Place/apify/brands/uae_main_batch_06/output/raw/dataset_20260703_143958_group_20_4CksdHDE.json,bronze,04_enrichment_raw,2026-07,2026-09-23T18:10:31
Google_Place/apify/brands/uae_main_batch_10/output/raw/dataset_20260703_202823_group_20_FygrHxBg.json,709923,ad67bc8af2ede4013c4317876d43c7a872c3cbe8b27bf93cbbb1aaf4cc778bff,s3://rii-data-dump/talabat/bronze/bronze/2026-07/04_enrichment_raw/Google_Place/apify/brands/uae_main_batch_10/output/raw/dataset_20260703_202823_group_20_FygrHxBg.json,bronze,04_enrichment_raw,2026-07,2026-09-23T18:10:31
Google_Place/apify/brands/uae_main_batch_12/output/raw/dataset_20260704_112700_group_25_oVUJPoyE.json,709920,cbfe9d8280b53657c8f419405659a04d88a46330caf1bd4bf3103779e3e18854,s3://rii-data-dump/talabat/bronze/bronze/2026-07/04_enrichment_raw/Google_Place/apify/brands/uae_main_batch_12/output/raw/dataset_20260704_112700_group_25_oVUJPoyE.json,bronze,04_enrichment_raw,2026-07,2026-09-23T18:10:31
Google_Place/apify/brands/uae_main_batch_13/output/raw/dataset_20260704_125227_group_14_z0RNHhqn.json,709871,cd0b0789d76ca6ee1b01971ca1abdbf58abbf145aa41304c9a9117d534bb58ee,s3://rii-data-dump/talabat/bronze/bronze/2026-07/04_enrichment_raw/Google_Place/apify/brands/uae_main_batch_13/output/raw/dataset_20260704_125227_group_14_z0RNHhqn.json,bronze,04_enrichment_raw,2026-07,2026-09-23T18:10:31
Google_Place/apify/brands/uae_main_batch_09/output/raw/dataset_20260703_163322_group_11_GPAb4z9g.json,708119,455fd2f9769c8eec042d641fc854634311796f60b6748cd242733db1dc42b698,s3://rii-data-dump/talabat/bronze/bronze/2026-07/04_enrichment_raw/Google_Place/apify/brands/uae_main_batch_09/output/raw/dataset_20260703_163322_group_11_GPAb4z9g.json,bronze,04_enrichment_raw,2026-07,2026-09-23T18:10:31
Google_Place/apify/brands/uae_main_batch_14/output/raw/dataset_20260704_131934_group_2_P6mAqOye.json,706696,63bd91364835ab28e7e105b2d97748a4459fb13847c63099efd8b369aa44d50b,s3://rii-data-dump/talabat/bronze/bronze/2026-07/04_enrichment_raw/Google_Place/apify/brands/uae_main_batch_14/output/raw/dataset_20260704_131934_group_2_P6mAqOye.json,bronze,04_enrichment_raw,2026-07,2026-09-23T18:10:31
Google_Place/apify/brands/uae_main_batch_07/output/raw/dataset_20260703_152448_group_6_k9B7iZD0.json,706336,f8057712cd65bc384b00520da70aa6ece9d677e3973b70fd1b8e89729f4e7f05,s3://rii-data-dump/talabat/bronze/bronze/2026-07/04_enrichment_raw/Google_Place/apify/brands/uae_main_batch_07/output/raw/dataset_20260703_152448_group_6_k9B7iZD0.json,bronze,04_enrichment_raw,2026-07,2026-09-23T18:10:31
Google_Place/apify/brands/uae_main_batch_12/output/raw/dataset_20260704_112328_group_29_2rHLC9Hg.json,703447,8c8d54ea51ad5c51251261fa9cf90dd053cfbadfd73ef32eec420f914c55ffd0,s3://rii-data-dump/talabat/bronze/bronze/2026-07/04_enrichment_raw/Google_Place/apify/brands/uae_main_batch_12/output/raw/dataset_20260704_112328_group_29_2rHLC9Hg.json,bronze,04_enrichment_raw,2026-07,2026-09-23T18:10:31
Google_Place/apify/brands/uae_main_batch_12/output/raw/dataset_20260704_112428_group_28_xY6pAxbu.json,703186,5371ff4f2aaf41a961bc97fae3137bfd15bf818d5095089bca9ce08385076d8d,s3://rii-data-dump/talabat/bronze/bronze/2026-07/04_enrichment_raw/Google_Place/apify/brands/uae_main_batch_12/output/raw/dataset_20260704_112428_group_28_xY6pAxbu.json,bronze,04_enrichment_raw,2026-07,2026-09-23T18:10:31
Google_Place/apify/brands/uae_main_batch_13/output/raw/dataset_20260704_125224_group_13_kuxXlBIg.json,702992,9b6865031df26bd745304df60e482888489a1d91148a3f3b12ee1d7826ec634f,s3://rii-data-dump/talabat/bronze/bronze/2026-07/04_enrichment_raw/Google_Place/apify/brands/uae_main_batch_13/output/raw/dataset_20260704_125224_group_13_kuxXlBIg.json,bronze,04_enrichment_raw,2026-07,2026-09-23T18:10:31
Google_Place/apify/brands/uae_main_batch_08/output/raw/dataset_20260703_160331_group_13_igvLlZnl.json,702767,429aa360f0f62586ead6ea98af24577573addf19bf8fb27e2bd8ec0ace30cfbf,s3://rii-data-dump/talabat/bronze/bronze/2026-07/04_enrichment_raw/Google_Place/apify/brands/uae_main_batch_08/output/raw/dataset_20260703_160331_group_13_igvLlZnl.json,bronze,04_enrichment_raw,2026-07,2026-09-23T18:10:31
Google_Place/apify/brands/uae_main_batch_06/output/raw/dataset_20260703_143657_group_26_gTZbANWU.json,701159,5b9cb684d6238e43c3d3beda44747dfc9132b128d2a73d599990b588e14ebb37,s3://rii-data-dump/talabat/bronze/bronze/2026-07/04_enrichment_raw/Google_Place/apify/brands/uae_main_batch_06/output/raw/dataset_20260703_143657_group_26_gTZbANWU.json,bronze,04_enrichment_raw,2026-07,2026-09-23T18:10:31
Google_Place/apify/brands/uae_main_batch_07/output/raw/dataset_20260703_152518_group_2_rIHKJuA7.json,700768,f3f29659a2426835870e1a47873d99e78befe40e8f3deac1d3280870c68cef76,s3://rii-data-dump/talabat/bronze/bronze/2026-07/04_enrichment_raw/Google_Place/apify/brands/uae_main_batch_07/output/raw/dataset_20260703_152518_group_2_rIHKJuA7.json,bronze,04_enrichment_raw,2026-07,2026-09-23T18:10:31
Google_Place/apify/brands/uae_main_batch_08/output/raw/dataset_20260703_160129_group_7_ecUfvS04.json,700281,3f33d8c8036e226b60988667ec861ed23c1f63374b1bf802915ee5073c77466e,s3://rii-data-dump/talabat/bronze/bronze/2026-07/04_enrichment_raw/Google_Place/apify/brands/uae_main_batch_08/output/raw/dataset_20260703_160129_group_7_ecUfvS04.json,bronze,04_enrichment_raw,2026-07,2026-09-23T18:10:31
Google_Place/apify/brands/uae_main_batch_11/output/raw/dataset_20260704_110714_group_12_ASEkZxn8.json,699848,a651c5eef11ebe85995d3bac8801d22159baf306301a6580c3a548518cac96a2,s3://rii-data-dump/talabat/bronze/bronze/2026-07/04_enrichment_raw/Google_Place/apify/brands/uae_main_batch_11/output/raw/dataset_20260704_110714_group_12_ASEkZxn8.json,bronze,04_enrichment_raw,2026-07,2026-09-23T18:10:31
Google_Place/apify/brands/uae_main_batch_08/output/raw/dataset_20260703_160230_group_5_I48gSK5e.json,699698,327c3e5c51fdafceb8e342dd5c71b9c646a7c5c6595ebbb62a6444bfe515fed5,s3://rii-data-dump/talabat/bronze/bronze/2026-07/04_enrichment_raw/Google_Place/apify/brands/uae_main_batch_08/output/raw/dataset_20260703_160230_group_5_I48gSK5e.json,bronze,04_enrichment_raw,2026-07,2026-09-23T18:10:31
Google_Place/apify/brands/uae_main_batch_13/output/raw/dataset_20260704_125529_group_1_xioHcztR.json,699676,e76b9784ba864812195a5ff0fd539ca8775e888ab1a7204be56d92dbdd453fe6,s3://rii-data-dump/talabat/bronze/bronze/2026-07/04_enrichment_raw/Google_Place/apify/brands/uae_main_batch_13/output/raw/dataset_20260704_125529_group_1_xioHcztR.json,bronze,04_enrichment_raw,2026-07,2026-09-23T18:10:31
Google_Place/apify/brands/uae_main_batch_08/output/raw/dataset_20260703_160129_group_18_EEFQuBog.json,696230,0164c87acf915416e7a2b2d8d3ba94f377fdd8c98e7c06843eeae0d854fe762e,s3://rii-data-dump/talabat/bronze/bronze/2026-07/04_enrichment_raw/Google_Place/apify/brands/uae_main_batch_08/output/raw/dataset_20260703_160129_group_18_EEFQuBog.json,bronze,04_enrichment_raw,2026-07,2026-09-23T18:10:31
Google_Place/apify/brands/uae_validation_chains/output/uae_validation_chains_processed.csv,694952,1726289b82fbb613e383be32ee89615dcffbe01160e4d795ffeb2801a0a3b0ab,s3://rii-data-dump/talabat/bronze/bronze/_cross_month/04_enrichment_raw/Google_Place/apify/brands/uae_validation_chains/output/uae_validation_chains_processed.csv,bronze,04_enrichment_raw,_cross_month,2026-09-23T18:10:31
Google_Place/apify/brands/uae_main_batch_09/output/raw/dataset_20260703_163353_group_25_jjfyylXh.json,693904,291aa9243780cd3c1d463dbcc890c025b8c58045e592e83d0e04872c65ce3d5a,s3://rii-data-dump/talabat/bronze/bronze/2026-07/04_enrichment_raw/Google_Place/apify/brands/uae_main_batch_09/output/raw/dataset_20260703_163353_group_25_jjfyylXh.json,bronze,04_enrichment_raw,2026-07,2026-09-23T18:10:31
Google_Place/apify/brands/uae_main_batch_14/output/raw/dataset_20260704_131934_group_11_KQSApkeU.json,693459,96bc89c24beee001b8ccc8dbdb86541534e089d64e9519666f62810bf92d0d11,s3://rii-data-dump/talabat/bronze/bronze/2026-07/04_enrichment_raw/Google_Place/apify/brands/uae_main_batch_14/output/raw/dataset_20260704_131934_group_11_KQSApkeU.json,bronze,04_enrichment_raw,2026-07,2026-09-23T18:10:31
Google_Place/apify/brands/uae_main_batch_10/output/raw/dataset_20260703_202922_group_11_okAIvDIa.json,692947,d087d77a589f76aa301dde9ade13cb3d74120fedcb72f0d74f6163847d5d534b,s3://rii-data-dump/talabat/bronze/bronze/2026-07/04_enrichment_raw/Google_Place/apify/brands/uae_main_batch_10/output/raw/dataset_20260703_202922_group_11_okAIvDIa.json,bronze,04_enrichment_raw,2026-07,2026-09-23T18:10:31
August_classification/data/restaurants_WITHOUT_address.csv,692081,5b017e2a2796dc8c9d826712cbd84934f17bf504431b9e1189fdf4e11c587774,s3://rii-data-dump/talabat/silver/2026-08/05_classification/August_classification/data/restaurants_WITHOUT_address.csv,silver,05_classification,2026-08,2026-09-23T18:10:31
Google_Place/apify/brands/uae_main_batch_13/output/raw/dataset_20260704_125602_group_4_4sNW6dmL.json,688740,0652054b57929b4cbb80f4536c02dcab1386a0fe0280bf8fac03a74f0eabcaae,s3://rii-data-dump/talabat/bronze/bronze/2026-07/04_enrichment_raw/Google_Place/apify/brands/uae_main_batch_13/output/raw/dataset_20260704_125602_group_4_4sNW6dmL.json,bronze,04_enrichment_raw,2026-07,2026-09-23T18:10:31
Google_Place/apify/brands/uae_main_batch_11/output/raw/dataset_20260704_110648_group_27_gn5ZK7kA.json,688494,2410d7fbdfb19b35ef8b9b05c6c7d62b8c1b537bbadabd8d401664c9a54ca5c1,s3://rii-data-dump/talabat/bronze/bronze/2026-07/04_enrichment_raw/Google_Place/apify/brands/uae_main_batch_11/output/raw/dataset_20260704_110648_group_27_gn5ZK7kA.json,bronze,04_enrichment_raw,2026-07,2026-09-23T18:10:31
Google_Place/apify/brands/uae_main_batch_12/output/raw/dataset_20260704_112700_group_18_OFk2IcCy.json,683458,c85f14781896063ebb2d2b334e19a0cff4a208ef32b3fa01d1fd834b6fce734d,s3://rii-data-dump/talabat/bronze/bronze/2026-07/04_enrichment_raw/Google_Place/apify/brands/uae_main_batch_12/output/raw/dataset_20260704_112700_group_18_OFk2IcCy.json,bronze,04_enrichment_raw,2026-07,2026-09-23T18:10:31
Google_Place/apify/brands/uae_main_batch_12/output/raw/dataset_20260704_112901_group_30_8yX8AEVT.json,680230,cec3ce31e93ec08632716c5f1506ad30d0f549125b7210570eca7a4c32fc48f1,s3://rii-data-dump/talabat/bronze/bronze/2026-07/04_enrichment_raw/Google_Place/apify/brands/uae_main_batch_12/output/raw/dataset_20260704_112901_group_30_8yX8AEVT.json,bronze,04_enrichment_raw,2026-07,2026-09-23T18:10:31
Google_Place/apify/brands/uae_main_batch_06/output/raw/dataset_20260703_143656_group_6_j5jOrnoN.json,678354,3b913f7e9f26efbb4fcf4e71cca734aa227fee10e04310c707475eb8926e2a37,s3://rii-data-dump/talabat/bronze/bronze/2026-07/04_enrichment_raw/Google_Place/apify/brands/uae_main_batch_06/output/raw/dataset_20260703_143656_group_6_j5jOrnoN.json,bronze,04_enrichment_raw,2026-07,2026-09-23T18:10:31
Google_Place/apify/brands/uae_main_batch_11/output/raw/dataset_20260704_110415_group_6_UPLWIszk.json,677224,07bf39dcf765cb8579a676c85d3b26fcea001426740c6cecad180259bce04d0e,s3://rii-data-dump/talabat/bronze/bronze/2026-07/04_enrichment_raw/Google_Place/apify/brands/uae_main_batch_11/output/raw/dataset_20260704_110415_group_6_UPLWIszk.json,bronze,04_enrichment_raw,2026-07,2026-09-23T18:10:31
Google_Place/apify/brands/uae_main_batch_14/output/raw/dataset_20260704_132205_group_29_rgA6ygrq.json,676844,4e3bf8964de18c055288aed256a68db3180fb1d19b1b8312a7294fb11cf77d0d,s3://rii-data-dump/talabat/bronze/bronze/2026-07/04_enrichment_raw/Google_Place/apify/brands/uae_main_batch_14/output/raw/dataset_20260704_132205_group_29_rgA6ygrq.json,bronze,04_enrichment_raw,2026-07,2026-09-23T18:10:31
Google_Place/apify/brands/uae_main_batch_14/output/raw/dataset_20260704_132004_group_21_oOaYlU9v.json,676463,fd440db9a0412893bd73c86900f610fcd9d65c3a9c33c66e11fb266fa7d779e0,s3://rii-data-dump/talabat/bronze/bronze/2026-07/04_enrichment_raw/Google_Place/apify/brands/uae_main_batch_14/output/raw/dataset_20260704_132004_group_21_oOaYlU9v.json,bronze,04_enrichment_raw,2026-07,2026-09-23T18:10:31
Google_Place/apify/brands/uae_main_batch_13/output/raw/dataset_20260704_125258_group_30_5Mec8lCE.json,673683,b0f57c97efc481a6197e901ad1b1959f8a22f98416a3bdd47cfefae378a13547,s3://rii-data-dump/talabat/bronze/bronze/2026-07/04_enrichment_raw/Google_Place/apify/brands/uae_main_batch_13/output/raw/dataset_20260704_125258_group_30_5Mec8lCE.json,bronze,04_enrichment_raw,2026-07,2026-09-23T18:10:31
Google_Place/apify/brands/uae_main_batch_09/output/raw/dataset_20260703_163051_group_9_eiPe3oGE.json,672821,821e88afb9e105a072ce91a1daaeeefd09e23f553fced1f266d15156245f816e,s3://rii-data-dump/talabat/bronze/bronze/2026-07/04_enrichment_raw/Google_Place/apify/brands/uae_main_batch_09/output/raw/dataset_20260703_163051_group_9_eiPe3oGE.json,bronze,04_enrichment_raw,2026-07,2026-09-23T18:10:31
Google_Place/apify/brands/uae_main_batch_07/output/raw/dataset_20260703_152318_group_26_d71Fa8ci.json,671377,fecc0f35468a30c9fb3a11eb0eedd0ca7630b5acc02fd6b5161e58b42afd1a63,s3://rii-data-dump/talabat/bronze/bronze/2026-07/04_enrichment_raw/Google_Place/apify/brands/uae_main_batch_07/output/raw/dataset_20260703_152318_group_26_d71Fa8ci.json,bronze,04_enrichment_raw,2026-07,2026-09-23T18:10:31
Google_Place/apify/brands/uae_main_batch_08/output/raw/dataset_20260703_160129_group_28_xhG57gX0.json,671082,1c796664ee7a176017555d0a3299aa38bc53d398474615532a3155db7b170e30,s3://rii-data-dump/talabat/bronze/bronze/2026-07/04_enrichment_raw/Google_Place/apify/brands/uae_main_batch_08/output/raw/dataset_20260703_160129_group_28_xhG57gX0.json,bronze,04_enrichment_raw,2026-07,2026-09-23T18:10:31
Google_Place/apify/brands/uae_main_batch_11/output/raw/dataset_20260704_110314_group_29_coZH4z5U.json,671069,36b69485fa7d0daa465da4d3c8f44ebd48fa0d54b705bc650813882da46d587a,s3://rii-data-dump/talabat/bronze/bronze/2026-07/04_enrichment_raw/Google_Place/apify/brands/uae_main_batch_11/output/raw/dataset_20260704_110314_group_29_coZH4z5U.json,bronze,04_enrichment_raw,2026-07,2026-09-23T18:10:31
Google_Place/apify/brands/uae_main_batch_09/output/raw/dataset_20260703_162819_group_24_ZrOBNU66.json,669813,f3f08936d1dc3df5235c60392483b6c58d8a28f31dacb48defec2065eb0928c7,s3://rii-data-dump/talabat/bronze/bronze/2026-07/04_enrichment_raw/Google_Place/apify/brands/uae_main_batch_09/output/raw/dataset_20260703_162819_group_24_ZrOBNU66.json,bronze,04_enrichment_raw,2026-07,2026-09-23T18:10:31
menu/unique_menu_categories.csv,668685,29da85c277b5de692266acf59c81b7f2786c5b58297a2f6d80b0aff562a90f5a,s3://rii-data-dump/talabat/silver/2026-06/03_std_terms/review/menu/unique_menu_categories.csv,silver,03_std_terms/review,2026-06,2026-09-23T18:10:31
Google_Place/apify/brands/uae_main_batch_13/output/raw/dataset_20260704_125423_group_16_blgWefPx.json,668453,378a506ac09b347ea5018987f9503f42aea5012f4e40a26aa52ccfd732f1a419,s3://rii-data-dump/talabat/bronze/bronze/2026-07/04_enrichment_raw/Google_Place/apify/brands/uae_main_batch_13/output/raw/dataset_20260704_125423_group_16_blgWefPx.json,bronze,04_enrichment_raw,2026-07,2026-09-23T18:10:31
map_version2/arabica/output/raw/dataset_20260706_143818_group_a_MCWmvWyq.json,668290,68d14bab75df13d23bb49c1e86e0fca8fbcc0376a725cb079fc26a5a9f71ba05,s3://rii-data-dump/talabat/silver/2026-07/05_classification/map_version2/arabica/output/raw/dataset_20260706_143818_group_a_MCWmvWyq.json,silver,05_classification,2026-07,2026-09-23T18:10:31
Google_Place/apify/brands/arabica/output/raw/dataset_20260706_143818_group_a_MCWmvWyq.json,668290,68d14bab75df13d23bb49c1e86e0fca8fbcc0376a725cb079fc26a5a9f71ba05,s3://rii-data-dump/talabat/bronze/bronze/2026-07/04_enrichment_raw/Google_Place/apify/brands/arabica/output/raw/dataset_20260706_143818_group_a_MCWmvWyq.json,bronze,04_enrichment_raw,2026-07,2026-09-23T18:10:31
Google_Place/apify/brands/uae_main_batch_10/output/raw/dataset_20260703_202621_group_27_PFe6RSkM.json,666967,08067ae1f116d3aea22b22432323d2ecdac9ea31dc9252eca26948ff63782c98,s3://rii-data-dump/talabat/bronze/bronze/2026-07/04_enrichment_raw/Google_Place/apify/brands/uae_main_batch_10/output/raw/dataset_20260703_202621_group_27_PFe6RSkM.json,bronze,04_enrichment_raw,2026-07,2026-09-23T18:10:31
Google_Place/apify/brands/uae_main_batch_09/output/raw/dataset_20260703_163121_group_4_oXknqtgF.json,665080,438f00daffe8b43271f43608d205d95713b17c06a647b222b6b320c060765801,s3://rii-data-dump/talabat/bronze/bronze/2026-07/04_enrichment_raw/Google_Place/apify/brands/uae_main_batch_09/output/raw/dataset_20260703_163121_group_4_oXknqtgF.json,bronze,04_enrichment_raw,2026-07,2026-09-23T18:10:31
Google_Place/apify/brands/uae_main_batch_07/output/raw/dataset_20260703_152215_group_24_8bBYAWs0.json,664930,4e677c023f9e13f2511bd823dab912f582b0277ebf64834caa262ceba0e46769,s3://rii-data-dump/talabat/bronze/bronze/2026-07/04_enrichment_raw/Google_Place/apify/brands/uae_main_batch_07/output/raw/dataset_20260703_152215_group_24_8bBYAWs0.json,bronze,04_enrichment_raw,2026-07,2026-09-23T18:10:31
Google_Place/talabat_menu/output/raw/batch_001_20260623_175111_rBr4Chw5.json,664666,df3a77945fda4bfabaf77391f01db043ba77bf90528f8881f54bed34714b9606,s3://rii-data-dump/talabat/bronze/bronze/2026-06/04_enrichment_raw/Google_Place/talabat_menu/output/raw/batch_001_20260623_175111_rBr4Chw5.json,bronze,04_enrichment_raw,2026-06,2026-09-23T18:10:31
apify/Apify_talabat/talabat_menu/output/raw/batch_001_20260623_175111_rBr4Chw5.json,664666,df3a77945fda4bfabaf77391f01db043ba77bf90528f8881f54bed34714b9606,s3://rii-data-dump/talabat/bronze/bronze/2026-06/04_enrichment_raw/apify/Apify_talabat/talabat_menu/output/raw/batch_001_20260623_175111_rBr4Chw5.json,bronze,04_enrichment_raw,2026-06,2026-09-23T18:10:31
Google_Place/apify/brands/uae_main_batch_08/output/raw/dataset_20260703_160129_group_21_fVncCs8Z.json,661421,aeb0fcef892449e3009a373446310faba95cac3215e57a73c472a4147789b120,s3://rii-data-dump/talabat/bronze/bronze/2026-07/04_enrichment_raw/Google_Place/apify/brands/uae_main_batch_08/output/raw/dataset_20260703_160129_group_21_fVncCs8Z.json,bronze,04_enrichment_raw,2026-07,2026-09-23T18:10:32
Google_Place/apify/brands/uae_main_batch_10/output/raw/dataset_20260703_202751_group_24_kUmYAIr5.json,659710,88c7d37e10c9bb547b1c5bd561ff1d0d356d7a45fe5cec7f16ff08660678dafd,s3://rii-data-dump/talabat/bronze/bronze/2026-07/04_enrichment_raw/Google_Place/apify/brands/uae_main_batch_10/output/raw/dataset_20260703_202751_group_24_kUmYAIr5.json,bronze,04_enrichment_raw,2026-07,2026-09-23T18:10:32
Google_Place/apify/brands/uae_main_batch_12/output/raw/dataset_20260704_112428_group_24_9e7BoV3H.json,659545,16a4a295727691af47906a09f1930097ccd1998fd12e3adf18ff73a6b76ea6d0,s3://rii-data-dump/talabat/bronze/bronze/2026-07/04_enrichment_raw/Google_Place/apify/brands/uae_main_batch_12/output/raw/dataset_20260704_112428_group_24_9e7BoV3H.json,bronze,04_enrichment_raw,2026-07,2026-09-23T18:10:32
map_version2/burger_king/output/raw/dataset_20260706_165518_group_a_LYMUHzl4.json,658844,9f1c0dd7670df895ae354a92b78ccdf6650781fd2feaed21078e56c6a0c606f5,s3://rii-data-dump/talabat/silver/2026-07/05_classification/map_version2/burger_king/output/raw/dataset_20260706_165518_group_a_LYMUHzl4.json,silver,05_classification,2026-07,2026-09-23T18:10:32
Google_Place/apify/brands/burger_king/output/raw/dataset_20260706_165518_group_a_LYMUHzl4.json,658844,9f1c0dd7670df895ae354a92b78ccdf6650781fd2feaed21078e56c6a0c606f5,s3://rii-data-dump/talabat/bronze/bronze/2026-07/04_enrichment_raw/Google_Place/apify/brands/burger_king/output/raw/dataset_20260706_165518_group_a_LYMUHzl4.json,bronze,04_enrichment_raw,2026-07,2026-09-23T18:10:32
Google_Place/apify/brands/uae_main_batch_08/output/raw/dataset_20260703_160230_group_20_IbXA6aSJ.json,658710,52734e2077805e485a38430b0ab86c78c3accf217f8782a39bdddc4875d95453,s3://rii-data-dump/talabat/bronze/bronze/2026-07/04_enrichment_raw/Google_Place/apify/brands/uae_main_batch_08/output/raw/dataset_20260703_160230_group_20_IbXA6aSJ.json,bronze,04_enrichment_raw,2026-07,2026-09-23T18:10:32
August_menu/data/august_verified_locations.csv,658685,c82306881ab38d5dc2a5de4d247f80f0f8ef00de6731488f60bfa53873983300,s3://rii-data-dump/talabat/silver/2026-08/05_classification/August_menu/data/august_verified_locations.csv,silver,05_classification,2026-08,2026-09-23T18:10:32
Google_Place/apify/brands/uae_main_batch_09/output/raw/dataset_20260703_163151_group_15_xN2VVSW7.json,656638,fd0d4690b1e83684530166a2cabbb58674ba0a621d7b01485af5ceed3cf7a1ae,s3://rii-data-dump/talabat/bronze/bronze/2026-07/04_enrichment_raw/Google_Place/apify/brands/uae_main_batch_09/output/raw/dataset_20260703_163151_group_15_xN2VVSW7.json,bronze,04_enrichment_raw,2026-07,2026-09-23T18:10:32
Google_Place/apify/brands/uae_main_batch_07/output/raw/dataset_20260703_152319_group_21_SGnJmhno.json,654767,dcf48cf3b6b0bca5b68cd2fd613c3bc198126a059a6cd422c7b5a42a608715d4,s3://rii-data-dump/talabat/bronze/bronze/2026-07/04_enrichment_raw/Google_Place/apify/brands/uae_main_batch_07/output/raw/dataset_20260703_152319_group_21_SGnJmhno.json,bronze,04_enrichment_raw,2026-07,2026-09-23T18:10:32
Google_Place/apify/brands/uae_main_batch_10/output/raw/dataset_20260703_202823_group_12_Yty6dY6t.json,652373,2737f79829ee5f7dbb3cdb7fa5bb535c9188acde9ede710c2fad3eaa558b1249,s3://rii-data-dump/talabat/bronze/bronze/2026-07/04_enrichment_raw/Google_Place/apify/brands/uae_main_batch_10/output/raw/dataset_20260703_202823_group_12_Yty6dY6t.json,bronze,04_enrichment_raw,2026-07,2026-09-23T18:10:32
Google_Place/apify/brands/uae_main_batch_07/output/raw/dataset_20260703_152518_group_1_H3qboBvU.json,648675,2399726ffa4108b6e6f1e73b41b15a069e420f508a1e4b63a91b903b47ab6bd8,s3://rii-data-dump/talabat/bronze/bronze/2026-07/04_enrichment_raw/Google_Place/apify/brands/uae_main_batch_07/output/raw/dataset_20260703_152518_group_1_H3qboBvU.json,bronze,04_enrichment_raw,2026-07,2026-09-23T18:10:32
Google_Place/talabat_menu/output/raw/batch_001_20260623_173936_VvGUHLRg.json,647122,af9805602cc90fa4c9a953311fa0fc7016db2fa042d7c518c061b450d3fee8af,s3://rii-data-dump/talabat/bronze/bronze/2026-06/04_enrichment_raw/Google_Place/talabat_menu/output/raw/batch_001_20260623_173936_VvGUHLRg.json,bronze,04_enrichment_raw,2026-06,2026-09-23T18:10:32
apify/Apify_talabat/talabat_menu/output/raw/batch_001_20260623_173936_VvGUHLRg.json,647122,af9805602cc90fa4c9a953311fa0fc7016db2fa042d7c518c061b450d3fee8af,s3://rii-data-dump/talabat/bronze/bronze/2026-06/04_enrichment_raw/apify/Apify_talabat/talabat_menu/output/raw/batch_001_20260623_173936_VvGUHLRg.json,bronze,04_enrichment_raw,2026-06,2026-09-23T18:10:32
Google_Place/apify/brands/uae_main_batch_10/output/raw/dataset_20260703_202952_group_13_SdeNzmjM.json,646336,8b27912531ab869bc122edaf72b72aa14676652348467b1732d56b9df3c389f9,s3://rii-data-dump/talabat/bronze/bronze/2026-07/04_enrichment_raw/Google_Place/apify/brands/uae_main_batch_10/output/raw/dataset_20260703_202952_group_13_SdeNzmjM.json,bronze,04_enrichment_raw,2026-07,2026-09-23T18:10:32
Google_Place/apify/brands/uae_main_batch_14/output/raw/dataset_20260704_132206_group_25_dvHdmCGv.json,646240,dca3f53ef129916ee95d693d4b32f69367038d891313f14419ddb4d2fe8eb855,s3://rii-data-dump/talabat/bronze/bronze/2026-07/04_enrichment_raw/Google_Place/apify/brands/uae_main_batch_14/output/raw/dataset_20260704_132206_group_25_dvHdmCGv.json,bronze,04_enrichment_raw,2026-07,2026-09-23T18:10:32
Google_Place/apify/brands/uae_main_batch_10/output/raw/dataset_20260703_202722_group_21_rSDn3MpI.json,636140,04ecd1cd3ff75cbaa527ee6c3cb065f441ad623c6db8ac569fc8a49073a27835,s3://rii-data-dump/talabat/bronze/bronze/2026-07/04_enrichment_raw/Google_Place/apify/brands/uae_main_batch_10/output/raw/dataset_20260703_202722_group_21_rSDn3MpI.json,bronze,04_enrichment_raw,2026-07,2026-09-23T18:10:32
Google_Place/apify/brands/uae_main_batch_09/output/raw/dataset_20260703_163051_group_27_w9uIfDTU.json,635195,cea514ab9ca290249d02e2d809d4cfac03144a3ace50866a76a1b65115546833,s3://rii-data-dump/talabat/bronze/bronze/2026-07/04_enrichment_raw/Google_Place/apify/brands/uae_main_batch_09/output/raw/dataset_20260703_163051_group_27_w9uIfDTU.json,bronze,04_enrichment_raw,2026-07,2026-09-23T18:10:32
Google_Place/apify/brands/uae_main_batch_08/output/raw/dataset_20260703_160300_group_22_6BDJ3i5F.json,634989,e43b6ee9c8ee506b86fd2905e720c9a2be975f1dbde8e84e6e966588cbc3dce1,s3://rii-data-dump/talabat/bronze/bronze/2026-07/04_enrichment_raw/Google_Place/apify/brands/uae_main_batch_08/output/raw/dataset_20260703_160300_group_22_6BDJ3i5F.json,bronze,04_enrichment_raw,2026-07,2026-09-23T18:10:32
Google_Place/apify/brands/uae_main_batch_09/output/raw/dataset_20260703_163252_group_28_ucKt0tWL.json,634422,3fc7a1758e5d79cdc5732d2602d7ae64c19dcf51b6af1fcd594325121f38a921,s3://rii-data-dump/talabat/bronze/bronze/2026-07/04_enrichment_raw/Google_Place/apify/brands/uae_main_batch_09/output/raw/dataset_20260703_163252_group_28_ucKt0tWL.json,bronze,04_enrichment_raw,2026-07,2026-09-23T18:10:32
Google_Place/apify/brands/uae_main_batch_06/output/raw/dataset_20260703_143656_group_4_X9ovvQCG.json,631714,b9485151996047dc3f441ead545f78b29ae109206e57b5e4795921862d9903ae,s3://rii-data-dump/talabat/bronze/bronze/2026-07/04_enrichment_raw/Google_Place/apify/brands/uae_main_batch_06/output/raw/dataset_20260703_143656_group_4_X9ovvQCG.json,bronze,04_enrichment_raw,2026-07,2026-09-23T18:10:32
listing_comparison/output/batch_2026-08-11_area_corrected.jsonl,629666,72203ea474ed590dfc247c15dd77e44b25f0da5b5322d09fcb70086ece2e1778,s3://rii-data-dump/talabat/silver/_cross_month/01_listing_compare/listing_comparison/output/batch_2026-08-11_area_corrected.jsonl,silver,01_listing_compare,_cross_month,2026-09-23T18:10:32
Google_Place/apify/brands/uae_main_batch_12/output/raw/dataset_20260704_112730_group_4_eLPHug3D.json,624996,868155168d1c5002254b3f930df9eebb99bbf88e69ddfb621c19e45cf15df0e8,s3://rii-data-dump/talabat/bronze/bronze/2026-07/04_enrichment_raw/Google_Place/apify/brands/uae_main_batch_12/output/raw/dataset_20260704_112730_group_4_eLPHug3D.json,bronze,04_enrichment_raw,2026-07,2026-09-23T18:10:32
Google_Place/apify/brands/uae_main_batch_12/output/raw/dataset_20260704_112931_group_21_k7ylRtGc.json,623830,d2bcb117f5a5aeeaee1e5f82b60346c394cd0630539229cadfef1f018d939ce0,s3://rii-data-dump/talabat/bronze/bronze/2026-07/04_enrichment_raw/Google_Place/apify/brands/uae_main_batch_12/output/raw/dataset_20260704_112931_group_21_k7ylRtGc.json,bronze,04_enrichment_raw,2026-07,2026-09-23T18:10:32
Google_Place/apify/brands/texas_chicken/output/raw/dataset_20260907_120724_group_a_4hindNtJ.json,623171,aa421fdfe8a3e5997e88db46f17a44e07be5d0d236280a7ea239d6687dc06ee4,s3://rii-data-dump/talabat/bronze/bronze/2026-09/04_enrichment_raw/Google_Place/apify/brands/texas_chicken/output/raw/dataset_20260907_120724_group_a_4hindNtJ.json,bronze,04_enrichment_raw,2026-09,2026-09-23T18:10:32
map_version2/five_guys/output/raw/dataset_20260706_143441_group_a_Oc6ZA8jB.json,616249,4378d5d39c0ba79703d0c7f6f4fadfd8279d15861f020fed3b21b2c7ccc23193,s3://rii-data-dump/talabat/silver/2026-07/05_classification/map_version2/five_guys/output/raw/dataset_20260706_143441_group_a_Oc6ZA8jB.json,silver,05_classification,2026-07,2026-09-23T18:10:32
Google_Place/apify/brands/five_guys/output/raw/dataset_20260706_143441_group_a_Oc6ZA8jB.json,616249,4378d5d39c0ba79703d0c7f6f4fadfd8279d15861f020fed3b21b2c7ccc23193,s3://rii-data-dump/talabat/bronze/bronze/2026-07/04_enrichment_raw/Google_Place/apify/brands/five_guys/output/raw/dataset_20260706_143441_group_a_Oc6ZA8jB.json,bronze,04_enrichment_raw,2026-07,2026-09-23T18:10:32
Google_Place/apify/brands/uae_main_batch_07/output/raw/dataset_20260703_152920_group_28_TVSicrvN.json,614386,791f00cf99e8b79b8b69ca1d8ce2c020a08b8a7a1be65a4c4449436b5ad6c624,s3://rii-data-dump/talabat/bronze/bronze/2026-07/04_enrichment_raw/Google_Place/apify/brands/uae_main_batch_07/output/raw/dataset_20260703_152920_group_28_TVSicrvN.json,bronze,04_enrichment_raw,2026-07,2026-09-23T18:10:32
Google_Place/apify/brands/uae_main_batch_11/output/raw/dataset_20260704_110722_group_28_kHoKqT5B.json,608455,fe4b30df610965670b065edc21394c82aed0791e77a1a14cf44c8c27bb5736be,s3://rii-data-dump/talabat/bronze/bronze/2026-07/04_enrichment_raw/Google_Place/apify/brands/uae_main_batch_11/output/raw/dataset_20260704_110722_group_28_kHoKqT5B.json,bronze,04_enrichment_raw,2026-07,2026-09-23T18:10:32
Google_Place/apify/brands/local/output/raw/dataset_20260604_181508_batch_4_82sNJKVO.json,606648,9b74604c0d42872176b765ab3230f0c1def9cdd445487c178eaece7634cfcfe9,s3://rii-data-dump/talabat/bronze/bronze/2026-06/04_enrichment_raw/Google_Place/apify/brands/local/output/raw/dataset_20260604_181508_batch_4_82sNJKVO.json,bronze,04_enrichment_raw,2026-06,2026-09-23T18:10:32
apify/Apify_talabat/brands/local/output/raw/dataset_20260604_181508_batch_4_82sNJKVO.json,606648,9b74604c0d42872176b765ab3230f0c1def9cdd445487c178eaece7634cfcfe9,s3://rii-data-dump/talabat/bronze/bronze/2026-06/04_enrichment_raw/apify/Apify_talabat/brands/local/output/raw/dataset_20260604_181508_batch_4_82sNJKVO.json,bronze,04_enrichment_raw,2026-06,2026-09-23T18:10:32
Google_Place/apify/brands/uae_main_batch_09/output/raw/dataset_20260703_163353_group_29_o6gmFinF.json,588528,bc77fcfd4ff5fd799c76e1a645c2f1cf09424f40730e845317788dba6626d0ab,s3://rii-data-dump/talabat/bronze/bronze/2026-07/04_enrichment_raw/Google_Place/apify/brands/uae_main_batch_09/output/raw/dataset_20260703_163353_group_29_o6gmFinF.json,bronze,04_enrichment_raw,2026-07,2026-09-23T18:10:32
Google_Place/apify/brands/uae_main_batch_07/output/raw/dataset_20260703_152548_group_3_dXBcm0gc.json,587076,1bb8f039589895278c59edee8606df3bfa543731d08da57c89bd8d19d9adbd54,s3://rii-data-dump/talabat/bronze/bronze/2026-07/04_enrichment_raw/Google_Place/apify/brands/uae_main_batch_07/output/raw/dataset_20260703_152548_group_3_dXBcm0gc.json,bronze,04_enrichment_raw,2026-07,2026-09-23T18:10:32
Google_Place/tav/output/platform_scrape/enrichment_20260705_195733.json,586995,321926f9428349e4b87daffa2ad8af1946d9c45834317da7a40debb0ca9cb7f5,s3://rii-data-dump/talabat/bronze/bronze/2026-07/04_enrichment_raw/Google_Place/tav/output/platform_scrape/enrichment_20260705_195733.json,bronze,04_enrichment_raw,2026-07,2026-09-23T18:10:32
Google_Place/apify/brands/local/output/raw/dataset_20260604_181509_batch_1_8gSjuXO3.json,583434,16d6eeb9ca4433a36ec978af07e6ba44c583b954cb9eb6c2a2ca4b8bcbe15f33,s3://rii-data-dump/talabat/bronze/bronze/2026-06/04_enrichment_raw/Google_Place/apify/brands/local/output/raw/dataset_20260604_181509_batch_1_8gSjuXO3.json,bronze,04_enrichment_raw,2026-06,2026-09-23T18:10:32
apify/Apify_talabat/brands/local/output/raw/dataset_20260604_181509_batch_1_8gSjuXO3.json,583434,16d6eeb9ca4433a36ec978af07e6ba44c583b954cb9eb6c2a2ca4b8bcbe15f33,s3://rii-data-dump/talabat/bronze/bronze/2026-06/04_enrichment_raw/apify/Apify_talabat/brands/local/output/raw/dataset_20260604_181509_batch_1_8gSjuXO3.json,bronze,04_enrichment_raw,2026-06,2026-09-23T18:10:32
Google_Place/apify/brands/uae_main_batch_09/output/raw/dataset_20260703_163222_group_19_jyencvrV.json,582354,fcb3867c5b0dac1c373815aa8ca604b280ea5621d03f90ba2d8471320bfdb4bd,s3://rii-data-dump/talabat/bronze/bronze/2026-07/04_enrichment_raw/Google_Place/apify/brands/uae_main_batch_09/output/raw/dataset_20260703_163222_group_19_jyencvrV.json,bronze,04_enrichment_raw,2026-07,2026-09-23T18:10:32
map_version2/pickl/output/raw/dataset_20260706_143605_group_a_onTSy3WP.json,581774,429fe65aaddb0ef907d15a06f885d88e49bb3203f0702f1395d4b885c3c1b74a,s3://rii-data-dump/talabat/silver/2026-07/05_classification/map_version2/pickl/output/raw/dataset_20260706_143605_group_a_onTSy3WP.json,silver,05_classification,2026-07,2026-09-23T18:10:32
Google_Place/apify/brands/pickl/output/raw/dataset_20260706_143605_group_a_onTSy3WP.json,581774,429fe65aaddb0ef907d15a06f885d88e49bb3203f0702f1395d4b885c3c1b74a,s3://rii-data-dump/talabat/bronze/bronze/2026-07/04_enrichment_raw/Google_Place/apify/brands/pickl/output/raw/dataset_20260706_143605_group_a_onTSy3WP.json,bronze,04_enrichment_raw,2026-07,2026-09-23T18:10:32
Google_Place/apify/brands/uae_main_batch_10/output/raw/dataset_20260703_202853_group_18_cpfapZgt.json,579443,9615b7f4bea663f456e9ff1768d997da4d40df23404609bc36e601623e3d9082,s3://rii-data-dump/talabat/bronze/bronze/2026-07/04_enrichment_raw/Google_Place/apify/brands/uae_main_batch_10/output/raw/dataset_20260703_202853_group_18_cpfapZgt.json,bronze,04_enrichment_raw,2026-07,2026-09-23T18:10:32
Google_Place/apify/output/retest_500_strict/UAE_Other_UAE_Entities.xlsx,578724,923d0baf4b1be78b4924662f118da2212ce6ddd1d819ddd8e0148f5d7c810c7e,s3://rii-data-dump/talabat/bronze/bronze/_cross_month/04_enrichment_raw/Google_Place/apify/output/retest_500_strict/UAE_Other_UAE_Entities.xlsx,bronze,04_enrichment_raw,_cross_month,2026-09-23T18:10:32
Google_Place/apify/brands/uae_main_batch_06/output/raw/dataset_20260703_143858_group_24_eLx7oTMy.json,577030,0c492f0be0d96fb45e86b80f1708a34bde9c708b3d828985fd707f9e0b1fc996,s3://rii-data-dump/talabat/bronze/bronze/2026-07/04_enrichment_raw/Google_Place/apify/brands/uae_main_batch_06/output/raw/dataset_20260703_143858_group_24_eLx7oTMy.json,bronze,04_enrichment_raw,2026-07,2026-09-23T18:10:32
Google_Place/apify/brands/hardees/output/raw/dataset_20260907_115249_group_a_FZEyQ7Ho.json,576969,e7e9bad3e8e408efee1c1b11cbf228bba2a5a1816a06d064a280c097c9c48c4e,s3://rii-data-dump/talabat/bronze/bronze/2026-09/04_enrichment_raw/Google_Place/apify/brands/hardees/output/raw/dataset_20260907_115249_group_a_FZEyQ7Ho.json,bronze,04_enrichment_raw,2026-09,2026-09-23T18:10:32
Google_Place/apify/brands/uae_main_batch_12/output/raw/dataset_20260704_113234_group_12_9KHpPwHj.json,569598,86bc732ca81e080457360618c75ec33e301e56d804876bd874fe8e73b44bf07b,s3://rii-data-dump/talabat/bronze/bronze/2026-07/04_enrichment_raw/Google_Place/apify/brands/uae_main_batch_12/output/raw/dataset_20260704_113234_group_12_9KHpPwHj.json,bronze,04_enrichment_raw,2026-07,2026-09-23T18:10:32
area_classification/data/taxonomy_assignments.json,555715,6c4bd193de4e749dc2c388df125017f4f28f764946c6fcf5a1679ac09e92935c,s3://rii-data-dump/talabat/silver/2026-09/06_areas/area_classification/data/taxonomy_assignments.json,silver,06_areas,2026-09,2026-09-23T18:10:32
map_version2/tim_hortons/output/raw/dataset_20260706_173118_group_a_HXP4E9jE.json,550269,b49a3ac7571e80078a7b8ca6c1b669039c6da0ee5541773e0ecbd445cc704aff,s3://rii-data-dump/talabat/silver/2026-07/05_classification/map_version2/tim_hortons/output/raw/dataset_20260706_173118_group_a_HXP4E9jE.json,silver,05_classification,2026-07,2026-09-23T18:10:32
Google_Place/apify/brands/tim_hortons/output/raw/dataset_20260706_173118_group_a_HXP4E9jE.json,550269,b49a3ac7571e80078a7b8ca6c1b669039c6da0ee5541773e0ecbd445cc704aff,s3://rii-data-dump/talabat/bronze/bronze/2026-07/04_enrichment_raw/Google_Place/apify/brands/tim_hortons/output/raw/dataset_20260706_173118_group_a_HXP4E9jE.json,bronze,04_enrichment_raw,2026-07,2026-09-23T18:10:32
map_version2/filli_cafe/output/raw/dataset_20260706_143651_merged_all.json,545151,08554e4d560f34b879d4705e10a0ee5b8eeb7f95423e0d8ced419420dfce3b0c,s3://rii-data-dump/talabat/silver/2026-07/05_classification/map_version2/filli_cafe/output/raw/dataset_20260706_143651_merged_all.json,silver,05_classification,2026-07,2026-09-23T18:10:32
Google_Place/apify/brands/filli_cafe/output/raw/dataset_20260706_143651_merged_all.json,545151,08554e4d560f34b879d4705e10a0ee5b8eeb7f95423e0d8ced419420dfce3b0c,s3://rii-data-dump/talabat/bronze/bronze/2026-07/04_enrichment_raw/Google_Place/apify/brands/filli_cafe/output/raw/dataset_20260706_143651_merged_all.json,bronze,04_enrichment_raw,2026-07,2026-09-23T18:10:32
Google_Place/apify/brands/uae_main_batch_07/output/raw/dataset_20260703_152719_group_5_ZgA85X4t.json,531008,66aee8f3de82cfbd40565d4179f0eaff03076a1f24071631bed16cb5e2f4e84b,s3://rii-data-dump/talabat/bronze/bronze/2026-07/04_enrichment_raw/Google_Place/apify/brands/uae_main_batch_07/output/raw/dataset_20260703_152719_group_5_ZgA85X4t.json,bronze,04_enrichment_raw,2026-07,2026-09-23T18:10:32
Google_Place/apify/brands/uae_main_batch_07/output/raw/dataset_20260703_152548_group_29_uuakMmMJ.json,527366,06c8445dfbbf0f11a84e7f478fc694a3779c629b210e4591f6d8299bd2ab7bce,s3://rii-data-dump/talabat/bronze/bronze/2026-07/04_enrichment_raw/Google_Place/apify/brands/uae_main_batch_07/output/raw/dataset_20260703_152548_group_29_uuakMmMJ.json,bronze,04_enrichment_raw,2026-07,2026-09-23T18:10:32
Google_Place/apify/brands/dominos/output/raw/dataset_20260604_170238_recovered_m702Z8ru.json,518817,c0c624cf6d47fcb4c3d0b3352bfbeb306fca3573938d681a748a908fddacb040,s3://rii-data-dump/talabat/bronze/bronze/2026-06/04_enrichment_raw/Google_Place/apify/brands/dominos/output/raw/dataset_20260604_170238_recovered_m702Z8ru.json,bronze,04_enrichment_raw,2026-06,2026-09-23T18:10:32
apify/Apify_talabat/brands/dominos/output/raw/dataset_20260604_170238_recovered_m702Z8ru.json,518817,c0c624cf6d47fcb4c3d0b3352bfbeb306fca3573938d681a748a908fddacb040,s3://rii-data-dump/talabat/bronze/bronze/2026-06/04_enrichment_raw/apify/Apify_talabat/brands/dominos/output/raw/dataset_20260604_170238_recovered_m702Z8ru.json,bronze,04_enrichment_raw,2026-06,2026-09-23T18:10:32
map_version2/burger_king/output/raw/dataset_20260706_165348_group_b_yksNEZ64.json,500049,7130ac13ef244df8ecf58044758754c42f36d00fcac71c1eec368eefd1689d94,s3://rii-data-dump/talabat/silver/2026-07/05_classification/map_version2/burger_king/output/raw/dataset_20260706_165348_group_b_yksNEZ64.json,silver,05_classification,2026-07,2026-09-23T18:10:32
Google_Place/apify/brands/burger_king/output/raw/dataset_20260706_165348_group_b_yksNEZ64.json,500049,7130ac13ef244df8ecf58044758754c42f36d00fcac71c1eec368eefd1689d94,s3://rii-data-dump/talabat/bronze/bronze/2026-07/04_enrichment_raw/Google_Place/apify/brands/burger_king/output/raw/dataset_20260706_165348_group_b_yksNEZ64.json,bronze,04_enrichment_raw,2026-07,2026-09-23T18:10:32
Google_Place/bonus_directory/output/Dropped_NonFoodService_Entities.csv,494192,679650134fb325dbee0c60b7989e9b95f832a7bfd9254af0e40ebc038256051f,s3://rii-data-dump/talabat/bronze/bronze/_cross_month/04_enrichment_raw/Google_Place/bonus_directory/output/Dropped_NonFoodService_Entities.csv,bronze,04_enrichment_raw,_cross_month,2026-09-23T18:10:32
map_version2/dunkin_donuts/output/raw/dataset_20260706_143646_group_a_iPiU6BW7.json,494131,20c017d5e4110987ba0d8e48323170b013ffd8b789c350cd17ff1274080c99f1,s3://rii-data-dump/talabat/silver/2026-07/05_classification/map_version2/dunkin_donuts/output/raw/dataset_20260706_143646_group_a_iPiU6BW7.json,silver,05_classification,2026-07,2026-09-23T18:10:32
Google_Place/apify/brands/dunkin_donuts/output/raw/dataset_20260706_143646_group_a_iPiU6BW7.json,494131,20c017d5e4110987ba0d8e48323170b013ffd8b789c350cd17ff1274080c99f1,s3://rii-data-dump/talabat/bronze/bronze/2026-07/04_enrichment_raw/Google_Place/apify/brands/dunkin_donuts/output/raw/dataset_20260706_143646_group_a_iPiU6BW7.json,bronze,04_enrichment_raw,2026-07,2026-09-23T18:10:32
map_version2/dunkin_donuts/output/raw/dataset_20260706_143445_group_b_Jd0fFC1m.json,491483,b13412f5d89ced4500f1e3347dc5e0044b3ba1ad79b0217195efdddf0be3be4d,s3://rii-data-dump/talabat/silver/2026-07/05_classification/map_version2/dunkin_donuts/output/raw/dataset_20260706_143445_group_b_Jd0fFC1m.json,silver,05_classification,2026-07,2026-09-23T18:10:32
Google_Place/apify/brands/dunkin_donuts/output/raw/dataset_20260706_143445_group_b_Jd0fFC1m.json,491483,b13412f5d89ced4500f1e3347dc5e0044b3ba1ad79b0217195efdddf0be3be4d,s3://rii-data-dump/talabat/bronze/bronze/2026-07/04_enrichment_raw/Google_Place/apify/brands/dunkin_donuts/output/raw/dataset_20260706_143445_group_b_Jd0fFC1m.json,bronze,04_enrichment_raw,2026-07,2026-09-23T18:10:32
Google_Place/apify/brands/uae_fast_default_07/output/raw/dataset_20260702_144928_group_2_Dnzl0vWb.json,490700,1c9737019c1f93714096a246dd8649ff353fef087cdc81b8974647e23e7f675a,s3://rii-data-dump/talabat/bronze/bronze/2026-07/04_enrichment_raw/Google_Place/apify/brands/uae_fast_default_07/output/raw/dataset_20260702_144928_group_2_Dnzl0vWb.json,bronze,04_enrichment_raw,2026-07,2026-09-23T18:10:32
menu/Findings_Menu_Export.xlsx,489390,a6df2bd0855569b6416d6c57b136cd08e7a65334730ca83beed8dc7835b8f11f,s3://rii-data-dump/talabat/silver/2026-06/03_std_terms/review/menu/Findings_Menu_Export.xlsx,silver,03_std_terms/review,2026-06,2026-09-23T18:10:32
Restaurant Identifier/data/non_restaurants.jsonl,483680,e81c5134d5780d43b817c4c593fefb9ff8dd7a5eb5d4fa18517af5bc6ae854c6,s3://rii-data-dump/talabat/bronze/bronze/_cross_month/02_listings/Restaurant Identifier/data/non_restaurants.jsonl,bronze,02_listings,_cross_month,2026-09-23T18:10:32
August_menu/data/location_duplicate_report.csv,480691,efe273f8c0aa72fc9b4850b0259671938fc1efc09c19ffd0d60ace0e6e32bd9f,s3://rii-data-dump/talabat/silver/2026-08/05_classification/August_menu/data/location_duplicate_report.csv,silver,05_classification,2026-08,2026-09-23T18:10:32
Google_Place/apify/brands/dominos/output/raw/dataset_20260604_171231_east_YLuMGRov.json,475369,f915b12a4387c42e99325a63bd4657995e5da2cc869af7947f31a2107a59c26a,s3://rii-data-dump/talabat/bronze/bronze/2026-06/04_enrichment_raw/Google_Place/apify/brands/dominos/output/raw/dataset_20260604_171231_east_YLuMGRov.json,bronze,04_enrichment_raw,2026-06,2026-09-23T18:10:32
apify/Apify_talabat/brands/dominos/output/raw/dataset_20260604_171231_east_YLuMGRov.json,475369,f915b12a4387c42e99325a63bd4657995e5da2cc869af7947f31a2107a59c26a,s3://rii-data-dump/talabat/bronze/bronze/2026-06/04_enrichment_raw/apify/Apify_talabat/brands/dominos/output/raw/dataset_20260604_171231_east_YLuMGRov.json,bronze,04_enrichment_raw,2026-06,2026-09-23T18:10:32
August_classification/data_sep/restaurants_classified.jsonl,472844,b1ff42898d44b526192e1b480273217db632d88a9cdd4f5555ca959cb6f1ca15,s3://rii-data-dump/talabat/silver/2026-08/05_classification/August_classification/data_sep/restaurants_classified.jsonl,silver,05_classification,2026-08,2026-09-23T18:10:32
Google_Place/apify/brands/dominos/output/raw/dataset_20260604_170239_recovered_FH9zihIv.json,470151,f2cfa6b0a2ed509143f87de45310bad6f1b2093fc6ac19298866341fa1546311,s3://rii-data-dump/talabat/bronze/bronze/2026-06/04_enrichment_raw/Google_Place/apify/brands/dominos/output/raw/dataset_20260604_170239_recovered_FH9zihIv.json,bronze,04_enrichment_raw,2026-06,2026-09-23T18:10:32
apify/Apify_talabat/brands/dominos/output/raw/dataset_20260604_170239_recovered_FH9zihIv.json,470151,f2cfa6b0a2ed509143f87de45310bad6f1b2093fc6ac19298866341fa1546311,s3://rii-data-dump/talabat/bronze/bronze/2026-06/04_enrichment_raw/apify/Apify_talabat/brands/dominos/output/raw/dataset_20260604_170239_recovered_FH9zihIv.json,bronze,04_enrichment_raw,2026-06,2026-09-23T18:10:32
map_version2/albaik/output/raw/dataset_20260706_172916_merged_all.json,461023,11b3fa347ef3aecc81814e171fe90307dfc32e1ad127e51983db48c623ea79da,s3://rii-data-dump/talabat/silver/2026-07/05_classification/map_version2/albaik/output/raw/dataset_20260706_172916_merged_all.json,silver,05_classification,2026-07,2026-09-23T18:10:32
Google_Place/apify/brands/albaik/output/raw/dataset_20260706_172916_merged_all.json,461023,11b3fa347ef3aecc81814e171fe90307dfc32e1ad127e51983db48c623ea79da,s3://rii-data-dump/talabat/bronze/bronze/2026-07/04_enrichment_raw/Google_Place/apify/brands/albaik/output/raw/dataset_20260706_172916_merged_all.json,bronze,04_enrichment_raw,2026-07,2026-09-23T18:10:32
Google_Place/apify/brands/uae_validation_default/input.json,453413,9d2c9152e642fa912bbbb41538c47b50e400a280a2acbc75844d0d434db57e7c,s3://rii-data-dump/talabat/bronze/bronze/_cross_month/04_enrichment_raw/Google_Place/apify/brands/uae_validation_default/input.json,bronze,04_enrichment_raw,_cross_month,2026-09-23T18:10:32
Google_Place/apify/brands/dominos/output/raw/dataset_20260604_171331_abu_dhabi_PJJ8hayT.json,448157,a27f6429912061cac02c664f8f1ba340a7e3824dfeaad207c8d471386381a1e0,s3://rii-data-dump/talabat/bronze/bronze/2026-06/04_enrichment_raw/Google_Place/apify/brands/dominos/output/raw/dataset_20260604_171331_abu_dhabi_PJJ8hayT.json,bronze,04_enrichment_raw,2026-06,2026-09-23T18:10:32
apify/Apify_talabat/brands/dominos/output/raw/dataset_20260604_171331_abu_dhabi_PJJ8hayT.json,448157,a27f6429912061cac02c664f8f1ba340a7e3824dfeaad207c8d471386381a1e0,s3://rii-data-dump/talabat/bronze/bronze/2026-06/04_enrichment_raw/apify/Apify_talabat/brands/dominos/output/raw/dataset_20260604_171331_abu_dhabi_PJJ8hayT.json,bronze,04_enrichment_raw,2026-06,2026-09-23T18:10:32
unified/data/unified_202609_new_items_by_restaurant.csv,438534,4013873fe932b89a0616a89d54e082e9c182a6052eb3f065c08aa70ac0057540,s3://rii-data-dump/talabat/silver/2026-09/08_validation/unified/data/unified_202609_new_items_by_restaurant.csv,silver,08_validation,2026-09,2026-09-23T18:10:33
Google_Place/apify/brands/uae_fast_default_12/output/raw/dataset_20260702_145346_group_1_ZqQxEtKc.json,436376,1ed7bf6ee1ff9a1e3638ecba6666c05fe7d0feebf6d081cf738fd61be0babfb0,s3://rii-data-dump/talabat/bronze/bronze/2026-07/04_enrichment_raw/Google_Place/apify/brands/uae_fast_default_12/output/raw/dataset_20260702_145346_group_1_ZqQxEtKc.json,bronze,04_enrichment_raw,2026-07,2026-09-23T18:10:33
listing_comparison/output/sept_full_2026-09-08_area_corrected.jsonl,434352,68ced8062139ff113b644a608d6d3e8cff5706725dd1976a40a832839f12bad7,s3://rii-data-dump/talabat/silver/2026-09/01_listing_compare/listing_comparison/output/sept_full_2026-09-08_area_corrected.jsonl,silver,01_listing_compare,2026-09,2026-09-23T18:10:33
map_version2/zaatar_w_zeit/output/raw/dataset_20260706_143642_merged_all.json,429674,c17e1b5e286e2db4e3597c1cbf75fa35893690141968c12cb1bed117deb3ff3b,s3://rii-data-dump/talabat/silver/2026-07/05_classification/map_version2/zaatar_w_zeit/output/raw/dataset_20260706_143642_merged_all.json,silver,05_classification,2026-07,2026-09-23T18:10:33
Google_Place/apify/brands/zaatar_w_zeit/output/raw/dataset_20260706_143642_merged_all.json,429674,c17e1b5e286e2db4e3597c1cbf75fa35893690141968c12cb1bed117deb3ff3b,s3://rii-data-dump/talabat/bronze/bronze/2026-07/04_enrichment_raw/Google_Place/apify/brands/zaatar_w_zeit/output/raw/dataset_20260706_143642_merged_all.json,bronze,04_enrichment_raw,2026-07,2026-09-23T18:10:33
Google_Place/map/output/NotYetSearched_Branches.json,428029,e606ff1e492c85436d6057484ab79b72cda6dff95ecc0b258bb7636c12ff60e0,s3://rii-data-dump/talabat/bronze/bronze/_cross_month/04_enrichment_raw/Google_Place/map/output/NotYetSearched_Branches.json,bronze,04_enrichment_raw,_cross_month,2026-09-23T18:10:33
Google_Place/apify/output/retest_500_strict/UAE_Retest_500_Matched.json,427414,cbc01173083c4c52b95d61a9e63040f24f56bf9899af238bb23371fb4bd1a9a4,s3://rii-data-dump/talabat/bronze/bronze/_cross_month/04_enrichment_raw/Google_Place/apify/output/retest_500_strict/UAE_Retest_500_Matched.json,bronze,04_enrichment_raw,_cross_month,2026-09-23T18:10:33
menu/data/snapshots/snapshot_20260618_142237.json,423175,207635eeaae6736a279504fd92750449b7233353ef83cfb8e5f77536eac0e267,s3://rii-data-dump/talabat/bronze/bronze/2026-06/03_menus_raw/menu/data/snapshots/snapshot_20260618_142237.json,bronze,03_menus_raw,2026-06,2026-09-23T18:10:33
menu/data/reports/delta_20260618_142237.json,423175,207635eeaae6736a279504fd92750449b7233353ef83cfb8e5f77536eac0e267,s3://rii-data-dump/talabat/silver/2026-06/09_delta/menu/data/reports/delta_20260618_142237.json,silver,09_delta,2026-06,2026-09-23T18:10:33
Google_Place/apify/brands/local/output/raw/dataset_20260604_181508_batch_6_4hq2dIkY.json,420971,b84685a803e445e7fbfa3ceac2798ed5d51e1e6694d3d8ab60f009286fc0ea1f,s3://rii-data-dump/talabat/bronze/bronze/2026-06/04_enrichment_raw/Google_Place/apify/brands/local/output/raw/dataset_20260604_181508_batch_6_4hq2dIkY.json,bronze,04_enrichment_raw,2026-06,2026-09-23T18:10:33
apify/Apify_talabat/brands/local/output/raw/dataset_20260604_181508_batch_6_4hq2dIkY.json,420971,b84685a803e445e7fbfa3ceac2798ed5d51e1e6694d3d8ab60f009286fc0ea1f,s3://rii-data-dump/talabat/bronze/bronze/2026-06/04_enrichment_raw/apify/Apify_talabat/brands/local/output/raw/dataset_20260604_181508_batch_6_4hq2dIkY.json,bronze,04_enrichment_raw,2026-06,2026-09-23T18:10:33
menu/data/snapshots/snapshot_20260618_142129.json,420505,a37194e6b8431c3039bdf11cb4d523453bd641990c9d03e376e0baa38a49e8c9,s3://rii-data-dump/talabat/bronze/bronze/2026-06/03_menus_raw/menu/data/snapshots/snapshot_20260618_142129.json,bronze,03_menus_raw,2026-06,2026-09-23T18:10:33
menu/data/reports/delta_20260618_142129.json,420505,a37194e6b8431c3039bdf11cb4d523453bd641990c9d03e376e0baa38a49e8c9,s3://rii-data-dump/talabat/silver/2026-06/09_delta/menu/data/reports/delta_20260618_142129.json,silver,09_delta,2026-06,2026-09-23T18:10:33
Google_Place/tav/output/production/production_chunk_20260705_182730.jsonl,416253,3f3e1e215151f9546a8ce387203893b1629711096f2eedfc224536ebf6f71512,s3://rii-data-dump/talabat/bronze/bronze/2026-07/04_enrichment_raw/Google_Place/tav/output/production/production_chunk_20260705_182730.jsonl,bronze,04_enrichment_raw,2026-07,2026-09-23T18:10:33
Google_Place/tav/output/production/production_chunk_20260705_193117.jsonl,413072,941fe7ba5298eaa72549987c75eccdf477ee5b82774cf2fc21d55df588763133,s3://rii-data-dump/talabat/bronze/bronze/2026-07/04_enrichment_raw/Google_Place/tav/output/production/production_chunk_20260705_193117.jsonl,bronze,04_enrichment_raw,2026-07,2026-09-23T18:10:33
Google_Place/apify/mnc_apify/output/MNC_UAE_Combined.json,412701,d18a2a7f7b4c50dd93c7ce6e27af033c7a6aa945c22044b8143214c4e22bd821,s3://rii-data-dump/talabat/bronze/bronze/_cross_month/04_enrichment_raw/Google_Place/apify/mnc_apify/output/MNC_UAE_Combined.json,bronze,04_enrichment_raw,_cross_month,2026-09-23T18:10:33
Google_Place/tav/output/production/production_chunk_20260705_191538.jsonl,410747,b2b4d72e911a83d4e798c42ce376edd5b2f1fa51d57418082d90969ac519984a,s3://rii-data-dump/talabat/bronze/bronze/2026-07/04_enrichment_raw/Google_Place/tav/output/production/production_chunk_20260705_191538.jsonl,bronze,04_enrichment_raw,2026-07,2026-09-23T18:10:33
Google_Place/tav/output/production/production_chunk_20260705_190811.jsonl,410398,b59e205ef49311152195e44e312c943590eb83e0f35f9e6935f7d3cc4916905b,s3://rii-data-dump/talabat/bronze/bronze/2026-07/04_enrichment_raw/Google_Place/tav/output/production/production_chunk_20260705_190811.jsonl,bronze,04_enrichment_raw,2026-07,2026-09-23T18:10:33
Google_Place/apify/brands/hardees/output/raw/dataset_20260907_115048_group_b_axT02t6Z.json,408540,ef80e9a1c681ec7ca201e083380d75dab774651693e66d34dca69150bd65883c,s3://rii-data-dump/talabat/bronze/bronze/2026-09/04_enrichment_raw/Google_Place/apify/brands/hardees/output/raw/dataset_20260907_115048_group_b_axT02t6Z.json,bronze,04_enrichment_raw,2026-09,2026-09-23T18:10:33
map_version2/caribou_coffee/output/raw/dataset_20260706_143545_group_b_natRoc1P.json,406169,9dcff7a229a4fbf98aa7ffe430b906477424d1e49e674f8e68ea3c032586f35e,s3://rii-data-dump/talabat/silver/2026-07/05_classification/map_version2/caribou_coffee/output/raw/dataset_20260706_143545_group_b_natRoc1P.json,silver,05_classification,2026-07,2026-09-23T18:10:33
Google_Place/apify/brands/caribou_coffee/output/raw/dataset_20260706_143545_group_b_natRoc1P.json,406169,9dcff7a229a4fbf98aa7ffe430b906477424d1e49e674f8e68ea3c032586f35e,s3://rii-data-dump/talabat/bronze/bronze/2026-07/04_enrichment_raw/Google_Place/apify/brands/caribou_coffee/output/raw/dataset_20260706_143545_group_b_natRoc1P.json,bronze,04_enrichment_raw,2026-07,2026-09-23T18:10:33
Google_Place/tav/output/production/production_chunk_20260705_184518.jsonl,405765,ca80326e9cabf831d0938f4dce0ba1d1798efde8fd3c9f52c77e8d4b7a660c0e,s3://rii-data-dump/talabat/bronze/bronze/2026-07/04_enrichment_raw/Google_Place/tav/output/production/production_chunk_20260705_184518.jsonl,bronze,04_enrichment_raw,2026-07,2026-09-23T18:10:33
Google_Place/tav/output/production/production_chunk_20260705_185254.jsonl,405253,1deb9dbe1c8a1ef422b6f08fb2c2aa954e61f4a1afb30b2c16cb76cc26c2d1bf,s3://rii-data-dump/talabat/bronze/bronze/2026-07/04_enrichment_raw/Google_Place/tav/output/production/production_chunk_20260705_185254.jsonl,bronze,04_enrichment_raw,2026-07,2026-09-23T18:10:33
Google_Place/tav/output/production/production_chunk_20260705_193827.jsonl,405115,8844b45e50826537e458d020335fce907a8bbcc2b21b6372d169c62084785811,s3://rii-data-dump/talabat/bronze/bronze/2026-07/04_enrichment_raw/Google_Place/tav/output/production/production_chunk_20260705_193827.jsonl,bronze,04_enrichment_raw,2026-07,2026-09-23T18:10:33
Google_Place/tav/output/production/production_chunk_20260705_192334.jsonl,403599,a10a2e379c261b319c98122e94da31a77773e155503e32d2eb29255c3e1113da,s3://rii-data-dump/talabat/bronze/bronze/2026-07/04_enrichment_raw/Google_Place/tav/output/production/production_chunk_20260705_192334.jsonl,bronze,04_enrichment_raw,2026-07,2026-09-23T18:10:33
Google_Place/apify/output/retest_500/UAE_Retest_500.xlsx,403576,f488354e79d00b215d881a0300ea13db325e1796212948fef0c5ec84d84c088b,s3://rii-data-dump/talabat/bronze/bronze/_cross_month/04_enrichment_raw/Google_Place/apify/output/retest_500/UAE_Retest_500.xlsx,bronze,04_enrichment_raw,_cross_month,2026-09-23T18:10:33
Google_Place/tav/output/production/production_chunk_20260705_183654.jsonl,403532,7bd3f4aa361686c46487ca436035c7e05c5914e16e02b4c0737133a612288548,s3://rii-data-dump/talabat/bronze/bronze/2026-07/04_enrichment_raw/Google_Place/tav/output/production/production_chunk_20260705_183654.jsonl,bronze,04_enrichment_raw,2026-07,2026-09-23T18:10:33
map_version2/caribou_coffee/output/raw/dataset_20260706_143613_group_a_u0ODLoIx.json,402820,b1ba98eb0971063541d3e228b2f7b888f3c7fa154c5190d67b6600e7d2e52b99,s3://rii-data-dump/talabat/silver/2026-07/05_classification/map_version2/caribou_coffee/output/raw/dataset_20260706_143613_group_a_u0ODLoIx.json,silver,05_classification,2026-07,2026-09-23T18:10:33
Google_Place/apify/brands/caribou_coffee/output/raw/dataset_20260706_143613_group_a_u0ODLoIx.json,402820,b1ba98eb0971063541d3e228b2f7b888f3c7fa154c5190d67b6600e7d2e52b99,s3://rii-data-dump/talabat/bronze/bronze/2026-07/04_enrichment_raw/Google_Place/apify/brands/caribou_coffee/output/raw/dataset_20260706_143613_group_a_u0ODLoIx.json,bronze,04_enrichment_raw,2026-07,2026-09-23T18:10:33
Google_Place/tav/output/production/production_chunk_20260705_185952.jsonl,400426,b0142156ae255544bae1b450ad00f9e8ab7c66b271bcd13240cd6bc273360570,s3://rii-data-dump/talabat/bronze/bronze/2026-07/04_enrichment_raw/Google_Place/tav/output/production/production_chunk_20260705_185952.jsonl,bronze,04_enrichment_raw,2026-07,2026-09-23T18:10:33
map_version2/caffe_nero/output/raw/dataset_20260706_143514_merged_all.json,396760,f3ed20efb65bf8f4cd29bc2c148c7f9d39200db017b91be58a43682f48f16ab8,s3://rii-data-dump/talabat/silver/2026-07/05_classification/map_version2/caffe_nero/output/raw/dataset_20260706_143514_merged_all.json,silver,05_classification,2026-07,2026-09-23T18:10:33
Google_Place/apify/brands/caffe_nero/output/raw/dataset_20260706_143514_merged_all.json,396760,f3ed20efb65bf8f4cd29bc2c148c7f9d39200db017b91be58a43682f48f16ab8,s3://rii-data-dump/talabat/bronze/bronze/2026-07/04_enrichment_raw/Google_Place/apify/brands/caffe_nero/output/raw/dataset_20260706_143514_merged_all.json,bronze,04_enrichment_raw,2026-07,2026-09-23T18:10:33
August_classification/data_sep/google_maps_details.jsonl,389528,65acd3ae5e1c4ca585ecfdd68c228134df54104e95aab34b2569cf170bc1affb,s3://rii-data-dump/talabat/bronze/bronze/2026-08/04_enrichment_raw/August_classification/data_sep/google_maps_details.jsonl,bronze,04_enrichment_raw,2026-08,2026-09-23T18:10:33
listing_comparison/output/batch_2026-09-08_identity_classification.csv,385193,e86ae003748bb4973a2898500abd37df1206aedee8083674d63ba76bb5ca135d,s3://rii-data-dump/talabat/silver/_cross_month/01_listing_compare/listing_comparison/output/batch_2026-09-08_identity_classification.csv,silver,01_listing_compare,_cross_month,2026-09-23T18:10:33
listing_comparison/output/sept_2026-09-08_identity_classification.csv,385193,e86ae003748bb4973a2898500abd37df1206aedee8083674d63ba76bb5ca135d,s3://rii-data-dump/talabat/silver/2026-09/01_listing_compare/listing_comparison/output/sept_2026-09-08_identity_classification.csv,silver,01_listing_compare,2026-09,2026-09-23T18:10:33
Google_Place/apify/brands/uae_fast_default_17/output/raw/dataset_20260702_145654_group_3_SnSKcsT3.json,379357,84c6d1ff4efee2573c332c1b1ce0938746e0205ce277fd8484509cb696b74246,s3://rii-data-dump/talabat/bronze/bronze/2026-07/04_enrichment_raw/Google_Place/apify/brands/uae_fast_default_17/output/raw/dataset_20260702_145654_group_3_SnSKcsT3.json,bronze,04_enrichment_raw,2026-07,2026-09-23T18:10:33
menu_refresh/data/refresh_202609/newitems/translate_mapping.csv,373443,0234af5ae21c921c3c067d7600cdaf71cc1fb5656fbba3dff9bf8c70a0371bb8,s3://rii-data-dump/talabat/silver/2026-09/02_sanitize/menu_refresh/data/refresh_202609/newitems/translate_mapping.csv,silver,02_sanitize,2026-09,2026-09-23T18:10:33
map_version2/popeyes/output/raw/dataset_20260706_143521_merged_all.json,373100,ab600bb5b7941ec2664df22320d8835d20109aec34e78bd12620fd584daa2cd8,s3://rii-data-dump/talabat/silver/2026-07/05_classification/map_version2/popeyes/output/raw/dataset_20260706_143521_merged_all.json,silver,05_classification,2026-07,2026-09-23T18:10:33
Google_Place/apify/brands/popeyes/output/raw/dataset_20260706_143521_merged_all.json,373100,ab600bb5b7941ec2664df22320d8835d20109aec34e78bd12620fd584daa2cd8,s3://rii-data-dump/talabat/bronze/bronze/2026-07/04_enrichment_raw/Google_Place/apify/brands/popeyes/output/raw/dataset_20260706_143521_merged_all.json,bronze,04_enrichment_raw,2026-07,2026-09-23T18:10:33
listing_comparison/output/batch_2026-08-11_area_corrected.csv,371599,b5b578f4bc1896c58049a16fef70273a933c2658e627289127e139437aaad236,s3://rii-data-dump/talabat/silver/_cross_month/01_listing_compare/listing_comparison/output/batch_2026-08-11_area_corrected.csv,silver,01_listing_compare,_cross_month,2026-09-23T18:10:33
Google_Place/apify/brands/uae_fast_default_18/output/raw/dataset_20260702_145630_group_3_9fLU3SVl.json,364696,5408b9127c67de3df5cac30b3cf74d57b09ef52fa4fd5f97a86d7a0f96634970,s3://rii-data-dump/talabat/bronze/bronze/2026-07/04_enrichment_raw/Google_Place/apify/brands/uae_fast_default_18/output/raw/dataset_20260702_145630_group_3_9fLU3SVl.json,bronze,04_enrichment_raw,2026-07,2026-09-23T18:10:33
september/data/sept_restaurants_for_classification.jsonl,357624,35d08b1cac504e98594ae1f0b2601eb999f5c368fb9115785c3dee6e423b842b,s3://rii-data-dump/talabat/silver/2026-09/05_classification/september/data/sept_restaurants_for_classification.jsonl,silver,05_classification,2026-09,2026-09-23T18:10:33
menu_refresh/data/ingredients_dropped.csv,354473,35556b20a00df1b8683f36c467c494c5f2fc3812067b4057798daaa6421cdb2c,s3://rii-data-dump/talabat/silver/2026-08/04_ingredients/menu_refresh/data/ingredients_dropped.csv,silver,04_ingredients,2026-08,2026-09-23T18:10:33
Google_Place/apify/brands/uae_fast_default_13/output/raw/dataset_20260702_150251_group_2_xsPoyxak.json,353282,abdc7e6c746376401b7e5b4ce85e29d7b13501a536e2400a8387fe3884f1ff6b,s3://rii-data-dump/talabat/bronze/bronze/2026-07/04_enrichment_raw/Google_Place/apify/brands/uae_fast_default_13/output/raw/dataset_20260702_150251_group_2_xsPoyxak.json,bronze,04_enrichment_raw,2026-07,2026-09-23T18:10:33
Google_Place/apify/brands/uae_fast_default_14/output/raw/dataset_20260702_145321_group_2_2FQ19vDu.json,349405,54cfbbe58b9dfc288db1e74d2d0830e889b1b7e8f30fca18b4e3a4f94b63eaf8,s3://rii-data-dump/talabat/bronze/bronze/2026-07/04_enrichment_raw/Google_Place/apify/brands/uae_fast_default_14/output/raw/dataset_20260702_145321_group_2_2FQ19vDu.json,bronze,04_enrichment_raw,2026-07,2026-09-23T18:10:33
Google_Place/apify/brands/uae_fast_default_18/output/raw/dataset_20260702_145453_group_1_k0WBDGKr.json,345584,92e597c4254142e8f6dd47b62dc1fbb4a08bfebe0f4e450be9ea6a70d8420832,s3://rii-data-dump/talabat/bronze/bronze/2026-07/04_enrichment_raw/Google_Place/apify/brands/uae_fast_default_18/output/raw/dataset_20260702_145453_group_1_k0WBDGKr.json,bronze,04_enrichment_raw,2026-07,2026-09-23T18:10:33
Google_Place/apify/brands/uae_fast_default_18/output/raw/dataset_20260702_145707_group_2_8cJiPnX1.json,344151,1e8b3c9d8479371f538b80419cad4561250c8422966722a2f165c114459815aa,s3://rii-data-dump/talabat/bronze/bronze/2026-07/04_enrichment_raw/Google_Place/apify/brands/uae_fast_default_18/output/raw/dataset_20260702_145707_group_2_8cJiPnX1.json,bronze,04_enrichment_raw,2026-07,2026-09-23T18:10:33
map_version2/tim_hortons/output/raw/dataset_20260706_172947_group_b_d39qrG6N.json,338741,bbc01f6c8da9f5ecf49234c03941fdd44ed77329468d1071ccd76a037603c0cb,s3://rii-data-dump/talabat/silver/2026-07/05_classification/map_version2/tim_hortons/output/raw/dataset_20260706_172947_group_b_d39qrG6N.json,silver,05_classification,2026-07,2026-09-23T18:10:33
Google_Place/apify/brands/tim_hortons/output/raw/dataset_20260706_172947_group_b_d39qrG6N.json,338741,bbc01f6c8da9f5ecf49234c03941fdd44ed77329468d1071ccd76a037603c0cb,s3://rii-data-dump/talabat/bronze/bronze/2026-07/04_enrichment_raw/Google_Place/apify/brands/tim_hortons/output/raw/dataset_20260706_172947_group_b_d39qrG6N.json,bronze,04_enrichment_raw,2026-07,2026-09-23T18:10:33
Google_Place/apify/brands/all_local_brands/output/Local.json,328708,32025d5933c3bdd9cc1b0d47f214aad107f95e08b8a79a1b16b0b34cfd761830,s3://rii-data-dump/talabat/bronze/bronze/_cross_month/04_enrichment_raw/Google_Place/apify/brands/all_local_brands/output/Local.json,bronze,04_enrichment_raw,_cross_month,2026-09-23T18:10:33
Google_Place/apify/brands/uae_fast_default_16/output/raw/dataset_20260702_145825_group_1_TvzVX6wn.json,328654,0cbc3752d570a52fef20c22c8f5eadbfd5c304181c41ff897c782f93aefd319e,s3://rii-data-dump/talabat/bronze/bronze/2026-07/04_enrichment_raw/Google_Place/apify/brands/uae_fast_default_16/output/raw/dataset_20260702_145825_group_1_TvzVX6wn.json,bronze,04_enrichment_raw,2026-07,2026-09-23T18:10:33
Google_Place/apify/brands/uae_fast_default_10/output/raw/dataset_20260702_145536_group_2_CO7S7lg4.json,325608,7533df20a1a46380f5f2a76a19dd98d69db4ce616f3e71c5e64e63e7f1314257,s3://rii-data-dump/talabat/bronze/bronze/2026-07/04_enrichment_raw/Google_Place/apify/brands/uae_fast_default_10/output/raw/dataset_20260702_145536_group_2_CO7S7lg4.json,bronze,04_enrichment_raw,2026-07,2026-09-23T18:10:33
Google_Place/apify/brands/uae_fast_default_09/output/raw/dataset_20260702_145232_group_3_UAxgNqpF.json,323648,39c122e3c94b2de523a889fcc8e95f540e1e3bd339c98d1821cda67c6016a9b3,s3://rii-data-dump/talabat/bronze/bronze/2026-07/04_enrichment_raw/Google_Place/apify/brands/uae_fast_default_09/output/raw/dataset_20260702_145232_group_3_UAxgNqpF.json,bronze,04_enrichment_raw,2026-07,2026-09-23T18:10:33
images/data/september_logos/761926/logo.PNG,322289,,s3://rii-data-dump/inside 2026-09 logos zip,gold,logos,2026-09,2026-09-23T18:10:33
images/data/september_logos/610955/logo.jpeg,319298,,s3://rii-data-dump/inside 2026-09 logos zip,gold,logos,2026-09,2026-09-23T18:10:33
Google_Place/apify/brands/uae_fast_default_11/output/raw/dataset_20260702_150019_group_3_TVlzACxs.json,318644,be02607e902cd009405117a7d0b19edf618be61722a48e1c219000cf250f9f67,s3://rii-data-dump/talabat/bronze/bronze/2026-07/04_enrichment_raw/Google_Place/apify/brands/uae_fast_default_11/output/raw/dataset_20260702_150019_group_3_TVlzACxs.json,bronze,04_enrichment_raw,2026-07,2026-09-23T18:10:33
map_version2/jollibee/output/raw/dataset_20260706_143704_merged_all.json,315451,972a7904c06d2070145dc73d12ff91a6ac22ca84574c21784900a4b7fe5d2176,s3://rii-data-dump/talabat/silver/2026-07/05_classification/map_version2/jollibee/output/raw/dataset_20260706_143704_merged_all.json,silver,05_classification,2026-07,2026-09-23T18:10:33
Google_Place/apify/brands/jollibee/output/raw/dataset_20260706_143704_merged_all.json,315451,972a7904c06d2070145dc73d12ff91a6ac22ca84574c21784900a4b7fe5d2176,s3://rii-data-dump/talabat/bronze/bronze/2026-07/04_enrichment_raw/Google_Place/apify/brands/jollibee/output/raw/dataset_20260706_143704_merged_all.json,bronze,04_enrichment_raw,2026-07,2026-09-23T18:10:33
images/data/september_images_confirmed.jsonl,315367,bcd454b623bdd9bac4dbcc40d1aadf0be006dc292d0838a82aa7c240c3292a73,s3://rii-data-dump/talabat/bronze/bronze/2026-09/05_images_raw/images/data/september_images_confirmed.jsonl,bronze,05_images_raw,2026-09,2026-09-23T18:10:33
map_version2/output/Final_NotSearched_Branches.json,314010,2362f1b878e4e77c6d62f46dc0ef06f9bd2e6da5108d46246993bf421fe38a33,s3://rii-data-dump/talabat/silver/_cross_month/05_classification/map_version2/output/Final_NotSearched_Branches.json,silver,05_classification,_cross_month,2026-09-23T18:10:33
Google_Place/map_v2/output/Final_NotSearched_Branches.json,314010,2362f1b878e4e77c6d62f46dc0ef06f9bd2e6da5108d46246993bf421fe38a33,s3://rii-data-dump/talabat/bronze/bronze/_cross_month/04_enrichment_raw/Google_Place/map_v2/output/Final_NotSearched_Branches.json,bronze,04_enrichment_raw,_cross_month,2026-09-23T18:10:33
Google_Place/apify/brands/uae_fast_default_17/output/raw/dataset_20260702_145956_group_2_H6AeqAbs.json,311658,d7659c867bc7066758c8b7418e90fcdc5af13991dee7f3ebceb8f318302fc42a,s3://rii-data-dump/talabat/bronze/bronze/2026-07/04_enrichment_raw/Google_Place/apify/brands/uae_fast_default_17/output/raw/dataset_20260702_145956_group_2_H6AeqAbs.json,bronze,04_enrichment_raw,2026-07,2026-09-23T18:10:33
Google_Place/apify/brands/uae_fast_default_10/output/raw/dataset_20260702_145333_group_1_0gm6d5ZK.json,310122,97918d6850d23525d1f175d98c280e29ca1552db04604d6522248a499986579c,s3://rii-data-dump/talabat/bronze/bronze/2026-07/04_enrichment_raw/Google_Place/apify/brands/uae_fast_default_10/output/raw/dataset_20260702_145333_group_1_0gm6d5ZK.json,bronze,04_enrichment_raw,2026-07,2026-09-23T18:10:33
Google_Place/apify/brands/uae_fast_default_07/output/raw/dataset_20260702_145404_group_3_9BGvv6b9.json,309050,4e7755b24f81d25f44b656e07a54a6de9e9136e6b5277c0719551d20c1eaf3fe,s3://rii-data-dump/talabat/bronze/bronze/2026-07/04_enrichment_raw/Google_Place/apify/brands/uae_fast_default_07/output/raw/dataset_20260702_145404_group_3_9BGvv6b9.json,bronze,04_enrichment_raw,2026-07,2026-09-23T18:10:33
map_version2/shake_shack/output/raw/dataset_20260706_143643_merged_all.json,306424,e7857edb5e2c0a533ff6a895bd5c105392b8b4e0c213308c588021d429f46f73,s3://rii-data-dump/talabat/silver/2026-07/05_classification/map_version2/shake_shack/output/raw/dataset_20260706_143643_merged_all.json,silver,05_classification,2026-07,2026-09-23T18:10:33
Google_Place/apify/brands/shake_shack/output/raw/dataset_20260706_143643_merged_all.json,306424,e7857edb5e2c0a533ff6a895bd5c105392b8b4e0c213308c588021d429f46f73,s3://rii-data-dump/talabat/bronze/bronze/2026-07/04_enrichment_raw/Google_Place/apify/brands/shake_shack/output/raw/dataset_20260706_143643_merged_all.json,bronze,04_enrichment_raw,2026-07,2026-09-23T18:10:33
Google_Place/apify/brands/uae_fast_default_08/output/raw/dataset_20260702_145636_group_3_vIP1T6t9.json,305772,cb822d644b31f2d5ef313c1b4580d85d413b57b1f402e2bbbb1a48e366474e09,s3://rii-data-dump/talabat/bronze/bronze/2026-07/04_enrichment_raw/Google_Place/apify/brands/uae_fast_default_08/output/raw/dataset_20260702_145636_group_3_vIP1T6t9.json,bronze,04_enrichment_raw,2026-07,2026-09-23T18:10:33
Google_Place/apify/brands/uae_fast_default_07/output/raw/dataset_20260702_144928_group_1_lbWKJ6FF.json,305367,870c060c7639c7b1009e5a40dd70db52866c6e940b40202cec551907deb77607,s3://rii-data-dump/talabat/bronze/bronze/2026-07/04_enrichment_raw/Google_Place/apify/brands/uae_fast_default_07/output/raw/dataset_20260702_144928_group_1_lbWKJ6FF.json,bronze,04_enrichment_raw,2026-07,2026-09-23T18:10:33
August_classification/data/restaurants_WITH_address.json,304772,35d21a73b797377dbd8babb5ef22b9c46697eccf6a4c3b526dcdf3dfaca43fc3,s3://rii-data-dump/talabat/silver/2026-08/05_classification/August_classification/data/restaurants_WITH_address.json,silver,05_classification,2026-08,2026-09-23T18:10:33
menu/classification/sample_output/sample_classified_fixed.json,298789,47ddba5fd372510ece726a2dabb5a3b5a71eba56725b7b5a538fca25c16350e3,s3://rii-data-dump/talabat/silver/2026-06/03_std_terms/menu/classification/sample_output/sample_classified_fixed.json,silver,03_std_terms,2026-06,2026-09-23T18:10:33
september/data/september_google_details_202609.csv,295499,88834b0b400b97cbca7d2949f2e1ddc3ac30481edc2a9711025e077372a3338d,s3://rii-data-dump/talabat/bronze/bronze/2026-09/04_enrichment_raw/september/data/september_google_details_202609.csv,bronze,04_enrichment_raw,2026-09,2026-09-23T18:10:34
Google_Place/apify/brands/wingstop/output/raw/dataset_20260907_120754_merged_all.json,295451,686802a4b53ce3ec814282dfe89dcae110c2deb93ce1bc19f1f580268de6fc54,s3://rii-data-dump/talabat/bronze/bronze/2026-09/04_enrichment_raw/Google_Place/apify/brands/wingstop/output/raw/dataset_20260907_120754_merged_all.json,bronze,04_enrichment_raw,2026-09,2026-09-23T18:10:34
menu/classification/sample_output/sample_classified.json,294693,78424917415af21141dd4fc213313fe4b3d80357712b9ba435bdd946178a2296,s3://rii-data-dump/talabat/silver/2026-06/03_std_terms/menu/classification/sample_output/sample_classified.json,silver,03_std_terms,2026-06,2026-09-23T18:10:34
Google_Place/apify/brands/uae_fast_default_13/output/raw/dataset_20260702_145547_group_3_irrr0KLi.json,292918,94762d105923d9093ba8993cf93ae07b62f0592a716047326e4e802e0f0b8493,s3://rii-data-dump/talabat/bronze/bronze/2026-07/04_enrichment_raw/Google_Place/apify/brands/uae_fast_default_13/output/raw/dataset_20260702_145547_group_3_irrr0KLi.json,bronze,04_enrichment_raw,2026-07,2026-09-23T18:10:34
Google_Place/apify/brands/uae_fast_default_16/output/raw/dataset_20260702_145825_group_3_QvectMaT.json,288148,2c88407542cbb9883ff62c4d03f2ac34827b045880c1250435fb701e5aa02eab,s3://rii-data-dump/talabat/bronze/bronze/2026-07/04_enrichment_raw/Google_Place/apify/brands/uae_fast_default_16/output/raw/dataset_20260702_145825_group_3_QvectMaT.json,bronze,04_enrichment_raw,2026-07,2026-09-23T18:10:34
tavily/cache/reclass_autosave.json,286730,e87ee32009803ff8ba3cd69b14481697f7ae96578fd469be1005d45fc5bc0647,s3://rii-data-dump/talabat/bronze/bronze/_cross_month/04_enrichment_raw/tavily/cache/reclass_autosave.json,bronze,04_enrichment_raw,_cross_month,2026-09-23T18:10:34
september/data/menus/translate_mapping.csv,286500,8b250f22e09e95d4f72e4d7d71ad9011448436474d85581f08146627c338c22f,s3://rii-data-dump/talabat/silver/2026-09/02_sanitize/september/data/menus/translate_mapping.csv,silver,02_sanitize,2026-09,2026-09-23T18:10:34
Google_Place/apify/brands/local/output/LOCAL_UAE.json,282918,90b3faec308cd04d94c325cc6bc9b4f8db5b6f5e6dd0538cd7c729c3936b1a94,s3://rii-data-dump/talabat/bronze/bronze/_cross_month/04_enrichment_raw/Google_Place/apify/brands/local/output/LOCAL_UAE.json,bronze,04_enrichment_raw,_cross_month,2026-09-23T18:10:34
apify/Apify_talabat/brands/local/output/LOCAL_UAE.json,282918,90b3faec308cd04d94c325cc6bc9b4f8db5b6f5e6dd0538cd7c729c3936b1a94,s3://rii-data-dump/talabat/bronze/bronze/_cross_month/04_enrichment_raw/apify/Apify_talabat/brands/local/output/LOCAL_UAE.json,bronze,04_enrichment_raw,_cross_month,2026-09-23T18:10:34
Google_Place/apify/brands/uae_fast_default_16/output/raw/dataset_20260702_145250_group_2_OWurHynS.json,282486,a549af3fb7c3cde633da6e7e22eaa590291d4f180813b9fa0820a639f1761c88,s3://rii-data-dump/talabat/bronze/bronze/2026-07/04_enrichment_raw/Google_Place/apify/brands/uae_fast_default_16/output/raw/dataset_20260702_145250_group_2_OWurHynS.json,bronze,04_enrichment_raw,2026-07,2026-09-23T18:10:34
september/data/known_branch_ids_202609.json,281359,a9e115beefe47b3ace1560d3540941d539746c2de9fff4fb8ab2cfccc5c8740d,s3://rii-data-dump/talabat/bronze/bronze/2026-09/02_listings/september/data/known_branch_ids_202609.json,bronze,02_listings,2026-09,2026-09-23T18:10:34
map_version2/filli_cafe/output/raw/dataset_20260706_143651_group_b_s0d2AaE6.json,281020,d68e074b7cbafc97e03535451c401cf4e42cf13cb970f8b121344730be9ba52b,s3://rii-data-dump/talabat/silver/2026-07/05_classification/map_version2/filli_cafe/output/raw/dataset_20260706_143651_group_b_s0d2AaE6.json,silver,05_classification,2026-07,2026-09-23T18:10:34
Google_Place/apify/brands/filli_cafe/output/raw/dataset_20260706_143651_group_b_s0d2AaE6.json,281020,d68e074b7cbafc97e03535451c401cf4e42cf13cb970f8b121344730be9ba52b,s3://rii-data-dump/talabat/bronze/bronze/2026-07/04_enrichment_raw/Google_Place/apify/brands/filli_cafe/output/raw/dataset_20260706_143651_group_b_s0d2AaE6.json,bronze,04_enrichment_raw,2026-07,2026-09-23T18:10:34
september/data/menus/restaurant_status.jsonl.with_empty.bak,279485,b1abe649b636ce23f8712af39afc0c9fae62d99e30283b901fc43565e7a2d1af,s3://rii-data-dump/talabat/silver/2026-09/02_sanitize/september/data/menus/restaurant_status.jsonl.with_empty.bak,silver,02_sanitize,2026-09,2026-09-23T18:10:34
Google_Place/apify/brands/uae_fast_default_17/output/raw/dataset_20260702_145523_group_1_pjEmShmM.json,277013,e220a0520871bccdb09cde9b1f0e64bccacfc2e86a3c9517a9ce00990cd56b74,s3://rii-data-dump/talabat/bronze/bronze/2026-07/04_enrichment_raw/Google_Place/apify/brands/uae_fast_default_17/output/raw/dataset_20260702_145523_group_1_pjEmShmM.json,bronze,04_enrichment_raw,2026-07,2026-09-23T18:10:34
area_classification/data/cache/tavily_final.json,276020,134eea357c0f3d04e0e1a9d9e2db41cef432024346d30850bba84433e19932e2,s3://rii-data-dump/talabat/silver/2026-09/06_areas/area_classification/data/cache/tavily_final.json,silver,06_areas,2026-09,2026-09-23T18:10:34
september/data/menus/restaurant_status.jsonl,275696,26c40386db24089cdfe05d83334e008b758bc5727024b2b2ddc32c820322780f,s3://rii-data-dump/talabat/silver/2026-09/02_sanitize/september/data/menus/restaurant_status.jsonl,silver,02_sanitize,2026-09,2026-09-23T18:10:34
Google_Place/apify/brands/uae_fast_default_08/output/raw/dataset_20260702_145535_group_2_uJ7xphzL.json,275128,ac25fe401cf293496411f8c7e4a912fbefc0a1af38263bd36906b4d0136ce16c,s3://rii-data-dump/talabat/bronze/bronze/2026-07/04_enrichment_raw/Google_Place/apify/brands/uae_fast_default_08/output/raw/dataset_20260702_145535_group_2_uJ7xphzL.json,bronze,04_enrichment_raw,2026-07,2026-09-23T18:10:34
september/data/sept_menu_targets.jsonl.with_empty.bak,270604,dbc229316d3225d7b3616bce746926d127ce932945e0417a161ee5b7aff46099,s3://rii-data-dump/talabat/silver/2026-09/05_classification/september/data/sept_menu_targets.jsonl.with_empty.bak,silver,05_classification,2026-09,2026-09-23T18:10:34
Google_Place/apify/brands/uae_fast_default_08/output/raw/dataset_20260702_145232_group_1_x8NPbRf9.json,270561,1b0ab310b140ee611a180963ec9454afe944e6522edcc95cae005e2337e2fe80,s3://rii-data-dump/talabat/bronze/bronze/2026-07/04_enrichment_raw/Google_Place/apify/brands/uae_fast_default_08/output/raw/dataset_20260702_145232_group_1_x8NPbRf9.json,bronze,04_enrichment_raw,2026-07,2026-09-23T18:10:34
september/data/september_new_listings_202609.csv,270227,7aaef230bbef9fcc703646bc4f6cda5dc5b3c953c31d68b05291cf0893a9063b,s3://rii-data-dump/talabat/silver/2026-09/01_listing_compare/september/data/september_new_listings_202609.csv,silver,01_listing_compare,2026-09,2026-09-23T18:10:34
unified/data/unified_202609_city_check.csv,268287,f0119f9352ac417413df2fe5a7d01a1a9fc11f56a73e7ea536da40ebf14ac5a7,s3://rii-data-dump/talabat/silver/2026-09/08_validation/unified/data/unified_202609_city_check.csv,silver,08_validation,2026-09,2026-09-23T18:10:34
september/data/sept_menu_targets.jsonl,267015,9280c229da5af0a379ecf0e558eba910993bcf088d5c8b0c4644faf43284287f,s3://rii-data-dump/talabat/silver/2026-09/05_classification/september/data/sept_menu_targets.jsonl,silver,05_classification,2026-09,2026-09-23T18:10:34
september/data/sept_restaurants_shipped.jsonl,267015,9280c229da5af0a379ecf0e558eba910993bcf088d5c8b0c4644faf43284287f,s3://rii-data-dump/talabat/silver/2026-09/05_classification/september/data/sept_restaurants_shipped.jsonl,silver,05_classification,2026-09,2026-09-23T18:10:34
address_audit/data/blank_address_ll_results.csv,266866,832cf0c9b1b01d87fa77a77b80cf7e40044de88119a03c37b4db5b96d22ba7ec,s3://rii-data-dump/talabat/silver/2026-09/07_addresses/address_audit/data/blank_address_ll_results.csv,silver,07_addresses,2026-09,2026-09-23T18:10:34
september/data/september_new_listings_202609_with_city.csv,264382,983f8c0107787884b6fdcd38c7e93d127e4b67e1b8c6fca15114293d3a14d271,s3://rii-data-dump/talabat/silver/2026-09/01_listing_compare/september/data/september_new_listings_202609_with_city.csv,silver,01_listing_compare,2026-09,2026-09-23T18:10:34
Google_Place/apify/brands/uae_fast_default_15/output/raw/dataset_20260702_145321_group_2_MYwheqIm.json,264292,3a96f0c845f754528174393aaef3a67940a640e027c255320f6e6bf35c941945,s3://rii-data-dump/talabat/bronze/bronze/2026-07/04_enrichment_raw/Google_Place/apify/brands/uae_fast_default_15/output/raw/dataset_20260702_145321_group_2_MYwheqIm.json,bronze,04_enrichment_raw,2026-07,2026-09-23T18:10:34
map_version2/filli_cafe/output/raw/dataset_20260706_143621_group_a_43wf906I.json,264134,222df40ce4a53dc192477543db3f9d04c9d4ae59cf8f5bf320e7376a192a6613,s3://rii-data-dump/talabat/silver/2026-07/05_classification/map_version2/filli_cafe/output/raw/dataset_20260706_143621_group_a_43wf906I.json,silver,05_classification,2026-07,2026-09-23T18:10:34
Google_Place/apify/brands/filli_cafe/output/raw/dataset_20260706_143621_group_a_43wf906I.json,264134,222df40ce4a53dc192477543db3f9d04c9d4ae59cf8f5bf320e7376a192a6613,s3://rii-data-dump/talabat/bronze/bronze/2026-07/04_enrichment_raw/Google_Place/apify/brands/filli_cafe/output/raw/dataset_20260706_143621_group_a_43wf906I.json,bronze,04_enrichment_raw,2026-07,2026-09-23T18:10:34
export/IT_Team_Location/output/city_coordinate_mismatch.csv,263846,6f4049dd49500becd8655accc97ab9370eb49ccaa0ffbdc2b25b255f4f6050d2,s3://rii-data-dump/talabat/gold/2026-07/exports/export/IT_Team_Location/output/city_coordinate_mismatch.csv,gold,exports,2026-07,2026-09-23T18:10:34
Google_Place/apify/brands/uae_fast_default_11/output/raw/dataset_20260702_145416_group_1_GaLsMZKX.json,258290,c2aed99a00443a4664667b9e94d3491da1d3923448ac10e8320cfea80eb262d2,s3://rii-data-dump/talabat/bronze/bronze/2026-07/04_enrichment_raw/Google_Place/apify/brands/uae_fast_default_11/output/raw/dataset_20260702_145416_group_1_GaLsMZKX.json,bronze,04_enrichment_raw,2026-07,2026-09-23T18:10:34
menu_refresh/data/refresh_202609/stdterm/ingredients_dropped_vs_taxonomy_file.csv,257462,7ee97699aadb44c5a09517f77a3a3bc7a063012fa14902f3cd53169ad4d6e1d2,s3://rii-data-dump/talabat/silver/2026-09/03_std_terms/menu_refresh/data/refresh_202609/stdterm/ingredients_dropped_vs_taxonomy_file.csv,silver,03_std_terms,2026-09,2026-09-23T18:10:34
address_audit/data/wrong_emirate_ll_results.csv,255109,efb8b5e195e3ccb5d894d624f6b579d61560542075b6317ee7198c95b15eaae4,s3://rii-data-dump/talabat/silver/2026-09/07_addresses/address_audit/data/wrong_emirate_ll_results.csv,silver,07_addresses,2026-09,2026-09-23T18:10:34
map_version2/popeyes/output/raw/dataset_20260706_143521_group_a_ScHedWkI.json,254940,46b03a7c99910be03be3d416444ee82d026d1772bac3b5f204e8251076e4800a,s3://rii-data-dump/talabat/silver/2026-07/05_classification/map_version2/popeyes/output/raw/dataset_20260706_143521_group_a_ScHedWkI.json,silver,05_classification,2026-07,2026-09-23T18:10:34
Google_Place/apify/brands/popeyes/output/raw/dataset_20260706_143521_group_a_ScHedWkI.json,254940,46b03a7c99910be03be3d416444ee82d026d1772bac3b5f204e8251076e4800a,s3://rii-data-dump/talabat/bronze/bronze/2026-07/04_enrichment_raw/Google_Place/apify/brands/popeyes/output/raw/dataset_20260706_143521_group_a_ScHedWkI.json,bronze,04_enrichment_raw,2026-07,2026-09-23T18:10:34
listing_comparison/output/sept_full_2026-09-08_area_corrected.csv,253036,c06febfa08ee61a13d5e0eb935775b024a034da94cc5df00df9bd5102856dba2,s3://rii-data-dump/talabat/silver/2026-09/01_listing_compare/listing_comparison/output/sept_full_2026-09-08_area_corrected.csv,silver,01_listing_compare,2026-09,2026-09-23T18:10:34
Google_Place/tav/output/platform_scrape/enrichment_20260705_195733_revalidated.csv,252319,3ba94ea650a1f9e45d6ae45a5c550c457451f0d75064d3dce2d1c8296dbc2ead,s3://rii-data-dump/talabat/bronze/bronze/2026-07/04_enrichment_raw/Google_Place/tav/output/platform_scrape/enrichment_20260705_195733_revalidated.csv,bronze,04_enrichment_raw,2026-07,2026-09-23T18:10:34
map_version2/albaik/output/raw/dataset_20260706_172916_group_b_8hYiDMXR.json,249042,ea6a0e22f5bcd1f5dc16ac6c2dcc49b771f7e3b2017b3ae67e6dbdb83ccabced,s3://rii-data-dump/talabat/silver/2026-07/05_classification/map_version2/albaik/output/raw/dataset_20260706_172916_group_b_8hYiDMXR.json,silver,05_classification,2026-07,2026-09-23T18:10:34
Google_Place/apify/brands/albaik/output/raw/dataset_20260706_172916_group_b_8hYiDMXR.json,249042,ea6a0e22f5bcd1f5dc16ac6c2dcc49b771f7e3b2017b3ae67e6dbdb83ccabced,s3://rii-data-dump/talabat/bronze/bronze/2026-07/04_enrichment_raw/Google_Place/apify/brands/albaik/output/raw/dataset_20260706_172916_group_b_8hYiDMXR.json,bronze,04_enrichment_raw,2026-07,2026-09-23T18:10:34
map_version2/german_doner_kebab/output/raw/dataset_20260706_143538_merged_all.json,248624,826e9180da757f5b16fe4a7908ac7bb53fcf881d87039a3bb418bfe6c2397d0d,s3://rii-data-dump/talabat/silver/2026-07/05_classification/map_version2/german_doner_kebab/output/raw/dataset_20260706_143538_merged_all.json,silver,05_classification,2026-07,2026-09-23T18:10:34
Google_Place/apify/brands/german_doner_kebab/output/raw/dataset_20260706_143538_merged_all.json,248624,826e9180da757f5b16fe4a7908ac7bb53fcf881d87039a3bb418bfe6c2397d0d,s3://rii-data-dump/talabat/bronze/bronze/2026-07/04_enrichment_raw/Google_Place/apify/brands/german_doner_kebab/output/raw/dataset_20260706_143538_merged_all.json,bronze,04_enrichment_raw,2026-07,2026-09-23T18:10:34
september/data/september_new_listings_202609_deduped.csv.with_empty.bak,248077,8883baf9a4adbe963f784b3c2ef520cdb0db846ce0245cbe6ac3f45ff12573d7,s3://rii-data-dump/talabat/silver/2026-09/01_listing_compare/september/data/september_new_listings_202609_deduped.csv.with_empty.bak,silver,01_listing_compare,2026-09,2026-09-23T18:10:34
Google_Place/tav/output/platform_scrape/enrichment_20260705_195733.csv,245230,fbd0810db9f5d688e6477d63feb09deb11228f9ecf2b5801a39d9708e7f86d09,s3://rii-data-dump/talabat/bronze/bronze/2026-07/04_enrichment_raw/Google_Place/tav/output/platform_scrape/enrichment_20260705_195733.csv,bronze,04_enrichment_raw,2026-07,2026-09-23T18:10:34
september/data/september_new_listings_202609_deduped.csv,244895,5c8d1799c0f274d0b56e7e7b2cb97f82265675948059e2f2e3d60817f2e1207e,s3://rii-data-dump/talabat/silver/2026-09/01_listing_compare/september/data/september_new_listings_202609_deduped.csv,silver,01_listing_compare,2026-09,2026-09-23T18:10:34
Google_Place/apify/sept_chicken/SEPT_CHICKEN_UAE_Combined.json,244682,8564d93b8b0082b13837bcc6f75109c01cfb81525d0f29cd5d5987f370692ff3,s3://rii-data-dump/talabat/bronze/bronze/2026-09/04_enrichment_raw/Google_Place/apify/sept_chicken/SEPT_CHICKEN_UAE_Combined.json,bronze,04_enrichment_raw,2026-09,2026-09-23T18:10:34
Google_Place/apify/brands/uae_fast_default_13/output/raw/dataset_20260702_145647_group_1_3Ysz0PkL.json,243121,f6769944d5de6ed096ffe42942ac391d862d37b5027bf8f85b3eb3a8a1d2ca55,s3://rii-data-dump/talabat/bronze/bronze/2026-07/04_enrichment_raw/Google_Place/apify/brands/uae_fast_default_13/output/raw/dataset_20260702_145647_group_1_3Ysz0PkL.json,bronze,04_enrichment_raw,2026-07,2026-09-23T18:10:34
menu_refresh/data/refresh_202609/stdterm/non_menu_verdicts_to_confirm.csv,239601,fec784d3445560ce9ae7a6b75b9d59c6de9b035062daf7af565d448ac04cdbe1,s3://rii-data-dump/talabat/silver/2026-09/03_std_terms/menu_refresh/data/refresh_202609/stdterm/non_menu_verdicts_to_confirm.csv,silver,03_std_terms,2026-09,2026-09-23T18:10:34
Restaurant Identifier/data/non_restaurants_sep.jsonl,239447,e614ebe39c9babe4cf6d9a356e4ba4f9fff2c661ed3e1180dae0216bb1bd540c,s3://rii-data-dump/talabat/bronze/bronze/2026-09/02_listings/Restaurant Identifier/data/non_restaurants_sep.jsonl,bronze,02_listings,2026-09,2026-09-23T18:10:34
export/IT_Team_Location/output/city_fill_map.csv,237577,f908ee5ed4cebd185fc143bae61455fbdd632415aba8edf702018793847e3881,s3://rii-data-dump/talabat/gold/2026-07/exports/export/IT_Team_Location/output/city_fill_map.csv,gold,exports,2026-07,2026-09-23T18:10:34
Google_Place/apify/mnc_apify/output/MNC_UAE_Combined.csv,237506,00d9ca93e4ae4a6b3479b0b5712c8d9563c4ebf80d33ad43974e8f595d9a3415,s3://rii-data-dump/talabat/bronze/bronze/_cross_month/04_enrichment_raw/Google_Place/apify/mnc_apify/output/MNC_UAE_Combined.csv,bronze,04_enrichment_raw,_cross_month,2026-09-23T18:10:34
August_menu/data/august_brand_location_summary.csv,237310,fe1ea693576ca939500d445470b0a23fe574d8952ba64ced1cc481fbe2b47784,s3://rii-data-dump/talabat/silver/2026-08/05_classification/August_menu/data/august_brand_location_summary.csv,silver,05_classification,2026-08,2026-09-23T18:10:34
unified/data/unified_202609_label_harmonisation.csv,234121,a6faef5b04183839021d77f5ef8b933bf104b82d21c401d8fd92d185636cd6da,s3://rii-data-dump/talabat/silver/2026-09/08_validation/unified/data/unified_202609_label_harmonisation.csv,silver,08_validation,2026-09,2026-09-23T18:10:34
Google_Place/apify/brands/uae_fast_default_14/output/raw/dataset_20260702_145725_group_3_TAmuuiTF.json,231476,7c997506553e03d315f103519c636fb68e5565645424091350df0025072f249e,s3://rii-data-dump/talabat/bronze/bronze/2026-07/04_enrichment_raw/Google_Place/apify/brands/uae_fast_default_14/output/raw/dataset_20260702_145725_group_3_TAmuuiTF.json,bronze,04_enrichment_raw,2026-07,2026-09-23T18:10:34
Google_Place/apify/brands/uae_fast_default_15/output/raw/dataset_20260702_145422_group_3_0cA2FqQH.json,231407,bf761a3abae86cf647f752948b8c375fbb2c5ec068299c8cb0e998878beaf14f,s3://rii-data-dump/talabat/bronze/bronze/2026-07/04_enrichment_raw/Google_Place/apify/brands/uae_fast_default_15/output/raw/dataset_20260702_145422_group_3_0cA2FqQH.json,bronze,04_enrichment_raw,2026-07,2026-09-23T18:10:34
map_version2/caffe_nero/output/raw/dataset_20260706_143514_group_b_utea7nMT.json,230578,1df1aad7c0e00660ae286c09e3e228d213e9376a0fecb31abec763a0d5736bd0,s3://rii-data-dump/talabat/silver/2026-07/05_classification/map_version2/caffe_nero/output/raw/dataset_20260706_143514_group_b_utea7nMT.json,silver,05_classification,2026-07,2026-09-23T18:10:34
Google_Place/apify/brands/caffe_nero/output/raw/dataset_20260706_143514_group_b_utea7nMT.json,230578,1df1aad7c0e00660ae286c09e3e228d213e9376a0fecb31abec763a0d5736bd0,s3://rii-data-dump/talabat/bronze/bronze/2026-07/04_enrichment_raw/Google_Place/apify/brands/caffe_nero/output/raw/dataset_20260706_143514_group_b_utea7nMT.json,bronze,04_enrichment_raw,2026-07,2026-09-23T18:10:34
export/location_sanitization/maping_address.csv,229350,5cbf2ef0545bbbd3881431de35264369bbe4f176302b0cdc2ade780a589f3e39,s3://rii-data-dump/talabat/gold/2026-07/exports/export/location_sanitization/maping_address.csv,gold,exports,2026-07,2026-09-23T18:10:34
Google_Place/Google_map/output/results/DIY_Batch02_OtherEntities_20260703_102756.json,227227,4878970c9a0ee3759202ee62ea9e151cdb974c13f4dd205b770a7d49642c5c4a,s3://rii-data-dump/talabat/bronze/bronze/2026-07/04_enrichment_raw/Google_Place/Google_map/output/results/DIY_Batch02_OtherEntities_20260703_102756.json,bronze,04_enrichment_raw,2026-07,2026-09-23T18:10:34
Google_Place/apify/brands/uae_fast_default_09/output/raw/dataset_20260702_150038_group_1_Ya9jGS8N.json,225252,a9765173ce75e573a2c92887c8c021d19a71e4049738a622f87a0cb00642757b,s3://rii-data-dump/talabat/bronze/bronze/2026-07/04_enrichment_raw/Google_Place/apify/brands/uae_fast_default_09/output/raw/dataset_20260702_150038_group_1_Ya9jGS8N.json,bronze,04_enrichment_raw,2026-07,2026-09-23T18:10:34
menu/data/snapshots/snapshot_20260618_142329.json,223409,8f1c963ee3db4f8793a8154b1fad9169588f2c63adfbb09859e2e83a4ebb3b68,s3://rii-data-dump/talabat/bronze/bronze/2026-06/03_menus_raw/menu/data/snapshots/snapshot_20260618_142329.json,bronze,03_menus_raw,2026-06,2026-09-23T18:10:34
menu/data/reports/delta_20260618_142329.json,223409,8f1c963ee3db4f8793a8154b1fad9169588f2c63adfbb09859e2e83a4ebb3b68,s3://rii-data-dump/talabat/silver/2026-06/09_delta/menu/data/reports/delta_20260618_142329.json,silver,09_delta,2026-06,2026-09-23T18:10:34
Google_Place/apify/brands/uae_fast_default_09/output/raw/dataset_20260702_145605_group_2_gwyz0dGR.json,221905,3f2acd881ed011866ca22df27afd12a43ae956449fccbfa93bf05817c32f147c,s3://rii-data-dump/talabat/bronze/bronze/2026-07/04_enrichment_raw/Google_Place/apify/brands/uae_fast_default_09/output/raw/dataset_20260702_145605_group_2_gwyz0dGR.json,bronze,04_enrichment_raw,2026-07,2026-09-23T18:10:35
Google_Place/apify/brands/nash_hot_chicken/output/raw/dataset_20260907_120723_merged_all.json,221363,8bb0ac0f732fc4790b2f82892600b4ed8ff707812596a220777e74ccf1fe33cc,s3://rii-data-dump/talabat/bronze/bronze/2026-09/04_enrichment_raw/Google_Place/apify/brands/nash_hot_chicken/output/raw/dataset_20260907_120723_merged_all.json,bronze,04_enrichment_raw,2026-09,2026-09-23T18:10:35
map_version2/zaatar_w_zeit/output/raw/dataset_20260706_143611_group_b_gfuVeKQp.json,220985,4ee53029d6ac2aca296608f88717ce07f11f80003ab4da92aa63e076ae8e7cd1,s3://rii-data-dump/talabat/silver/2026-07/05_classification/map_version2/zaatar_w_zeit/output/raw/dataset_20260706_143611_group_b_gfuVeKQp.json,silver,05_classification,2026-07,2026-09-23T18:10:35
Google_Place/apify/brands/zaatar_w_zeit/output/raw/dataset_20260706_143611_group_b_gfuVeKQp.json,220985,4ee53029d6ac2aca296608f88717ce07f11f80003ab4da92aa63e076ae8e7cd1,s3://rii-data-dump/talabat/bronze/bronze/2026-07/04_enrichment_raw/Google_Place/apify/brands/zaatar_w_zeit/output/raw/dataset_20260706_143611_group_b_gfuVeKQp.json,bronze,04_enrichment_raw,2026-07,2026-09-23T18:10:35
Google_Place/tav/output/production/production_chunk_20260705_182730.csv,219652,33ab93bed59673778eb22564e3e9c99b5d1c034529123803878bcfba974a8132,s3://rii-data-dump/talabat/bronze/bronze/2026-07/04_enrichment_raw/Google_Place/tav/output/production/production_chunk_20260705_182730.csv,bronze,04_enrichment_raw,2026-07,2026-09-23T18:10:35
Google_Place/apify/brands/uae_fast_default_15/output/raw/dataset_20260702_145221_group_1_GoowD809.json,218084,1c326d6942bdd3e9a32eee3014e0f2cbd4a0a2aa628a9db29d249e6b7239d516,s3://rii-data-dump/talabat/bronze/bronze/2026-07/04_enrichment_raw/Google_Place/apify/brands/uae_fast_default_15/output/raw/dataset_20260702_145221_group_1_GoowD809.json,bronze,04_enrichment_raw,2026-07,2026-09-23T18:10:35
August_classification/data_sep/stage2_places.json,216940,31de67485a76a326a6298ca95fd343c6a6b09055a1256b7614f12213184fa5bf,s3://rii-data-dump/talabat/silver/2026-08/05_classification/August_classification/data_sep/stage2_places.json,silver,05_classification,2026-08,2026-09-23T18:10:35
Google_Place/tav/output/production/production_chunk_20260705_193117.csv,215537,5f6caf50b68b807d6948837a5d5656fbb2e3b29952ba5c0a563eb416fe1364da,s3://rii-data-dump/talabat/bronze/bronze/2026-07/04_enrichment_raw/Google_Place/tav/output/production/production_chunk_20260705_193117.csv,bronze,04_enrichment_raw,2026-07,2026-09-23T18:10:35
Google_Place/apify/brands/uae_fast_default_11/output/raw/dataset_20260702_145010_group_2_TlbLNAnB.json,215306,7a8a3f1f76e53cb8a121a0120ecc0bdc07206d31d1f26051ba6c6fc5548198be,s3://rii-data-dump/talabat/bronze/bronze/2026-07/04_enrichment_raw/Google_Place/apify/brands/uae_fast_default_11/output/raw/dataset_20260702_145010_group_2_TlbLNAnB.json,bronze,04_enrichment_raw,2026-07,2026-09-23T18:10:35
listing_comparison/output/sept_2026-09-08_area_corrected.jsonl,213802,76fed91c09fd37e888112b65f5872342c2f63acd4e817e46f8e296df52c79ce9,s3://rii-data-dump/talabat/silver/2026-09/01_listing_compare/listing_comparison/output/sept_2026-09-08_area_corrected.jsonl,silver,01_listing_compare,2026-09,2026-09-23T18:10:35
Google_Place/apify/brands/uae_fast_default_14/output/raw/dataset_20260702_145624_group_1_04elOanG.json,213248,9c8195dc3276ad1dd0289c93a40c9a8a760372008f2aeafb3f1c6b1233afa7cc,s3://rii-data-dump/talabat/bronze/bronze/2026-07/04_enrichment_raw/Google_Place/apify/brands/uae_fast_default_14/output/raw/dataset_20260702_145624_group_1_04elOanG.json,bronze,04_enrichment_raw,2026-07,2026-09-23T18:10:35
August_classification/data_sep/restaurants_classified.csv,212371,a1f4e98d1c28c6c737d4acdbe264b326a48fce5e8e33075ff2fa89850d8958f3,s3://rii-data-dump/talabat/silver/2026-08/05_classification/August_classification/data_sep/restaurants_classified.csv,silver,05_classification,2026-08,2026-09-23T18:10:35
Google_Place/tav/output/production/production_chunk_20260705_190811.csv,212280,3900a469db8c4c00591d2e23f1842a30de7cdc54ba259e088885eed1737c9861,s3://rii-data-dump/talabat/bronze/bronze/2026-07/04_enrichment_raw/Google_Place/tav/output/production/production_chunk_20260705_190811.csv,bronze,04_enrichment_raw,2026-07,2026-09-23T18:10:35
map_version2/albaik/output/raw/dataset_20260706_172916_group_a_wfrCuW6w.json,211984,907a6b1a4422371452b244b2469ab62cdedf5b78515eef73cfb27ce45eed1575,s3://rii-data-dump/talabat/silver/2026-07/05_classification/map_version2/albaik/output/raw/dataset_20260706_172916_group_a_wfrCuW6w.json,silver,05_classification,2026-07,2026-09-23T18:10:35
Google_Place/apify/brands/albaik/output/raw/dataset_20260706_172916_group_a_wfrCuW6w.json,211984,907a6b1a4422371452b244b2469ab62cdedf5b78515eef73cfb27ce45eed1575,s3://rii-data-dump/talabat/bronze/bronze/2026-07/04_enrichment_raw/Google_Place/apify/brands/albaik/output/raw/dataset_20260706_172916_group_a_wfrCuW6w.json,bronze,04_enrichment_raw,2026-07,2026-09-23T18:10:35
Google_Place/tav/output/production/production_chunk_20260705_191538.csv,211076,891e67524087968dd5f70ee97dedc374c8f2e026f9c3c2f4776a0f09f049b5e2,s3://rii-data-dump/talabat/bronze/bronze/2026-07/04_enrichment_raw/Google_Place/tav/output/production/production_chunk_20260705_191538.csv,bronze,04_enrichment_raw,2026-07,2026-09-23T18:10:35
Google_Place/apify/output/full_summary/All_NotFound_So_Far.csv,210984,64e0f65f0602e706262112e6d1026a48327a3cb8e6d89fc1fea79dfdbd227f42,s3://rii-data-dump/talabat/bronze/bronze/_cross_month/04_enrichment_raw/Google_Place/apify/output/full_summary/All_NotFound_So_Far.csv,bronze,04_enrichment_raw,_cross_month,2026-09-23T18:10:35
map_version2/zaatar_w_zeit/output/raw/dataset_20260706_143642_group_a_Igrf2XT3.json,208692,359913b599158a03e45366bf23a5ad0419edab2175ee092e4ca09d8f37e96931,s3://rii-data-dump/talabat/silver/2026-07/05_classification/map_version2/zaatar_w_zeit/output/raw/dataset_20260706_143642_group_a_Igrf2XT3.json,silver,05_classification,2026-07,2026-09-23T18:10:35
Google_Place/apify/brands/zaatar_w_zeit/output/raw/dataset_20260706_143642_group_a_Igrf2XT3.json,208692,359913b599158a03e45366bf23a5ad0419edab2175ee092e4ca09d8f37e96931,s3://rii-data-dump/talabat/bronze/bronze/2026-07/04_enrichment_raw/Google_Place/apify/brands/zaatar_w_zeit/output/raw/dataset_20260706_143642_group_a_Igrf2XT3.json,bronze,04_enrichment_raw,2026-07,2026-09-23T18:10:35
listing_comparison/output/geocode_cache.json,207983,6521d6bb6cafef6ef85cd4eeef8891cb7aea1f34a432a0b5fcd921acea689aa6,s3://rii-data-dump/talabat/silver/_cross_month/01_listing_compare/listing_comparison/output/geocode_cache.json,silver,01_listing_compare,_cross_month,2026-09-23T18:10:35
Google_Place/tav/output/production/production_chunk_20260705_184518.csv,207647,338bf98113271c78cf3ef14b5f9da03fdec0a6aaaa70097914ce3bbb251b30fa,s3://rii-data-dump/talabat/bronze/bronze/2026-07/04_enrichment_raw/Google_Place/tav/output/production/production_chunk_20260705_184518.csv,bronze,04_enrichment_raw,2026-07,2026-09-23T18:10:35
Google_Place/tav/output/production/production_chunk_20260705_185254.csv,207591,8c4a411b42b65b270769734ca722e73f3ebe5f7942a7935e34cc80b116acd0fa,s3://rii-data-dump/talabat/bronze/bronze/2026-07/04_enrichment_raw/Google_Place/tav/output/production/production_chunk_20260705_185254.csv,bronze,04_enrichment_raw,2026-07,2026-09-23T18:10:35
Google_Place/tav/output/production/production_chunk_20260705_193827.csv,207314,8391233fc4c242e5fe2610ee1d4ce7854d1dc18c4827bbbf7f4cac5031c637c2,s3://rii-data-dump/talabat/bronze/bronze/2026-07/04_enrichment_raw/Google_Place/tav/output/production/production_chunk_20260705_193827.csv,bronze,04_enrichment_raw,2026-07,2026-09-23T18:10:35
Google_Place/apify/output/KFC_UAE.json,207222,17a1ac06e1d59b28d30139a2b0b20835204031ace6459c6301ea1f4860cf4963,s3://rii-data-dump/talabat/bronze/bronze/_cross_month/04_enrichment_raw/Google_Place/apify/output/KFC_UAE.json,bronze,04_enrichment_raw,_cross_month,2026-09-23T18:10:35
Google_Place/apify/brands/kfc/output/KFC_UAE.json,207222,17a1ac06e1d59b28d30139a2b0b20835204031ace6459c6301ea1f4860cf4963,s3://rii-data-dump/talabat/bronze/bronze/_cross_month/04_enrichment_raw/Google_Place/apify/brands/kfc/output/KFC_UAE.json,bronze,04_enrichment_raw,_cross_month,2026-09-23T18:10:35
apify/Apify_talabat/output/KFC_UAE.json,207222,17a1ac06e1d59b28d30139a2b0b20835204031ace6459c6301ea1f4860cf4963,s3://rii-data-dump/talabat/bronze/bronze/_cross_month/04_enrichment_raw/apify/Apify_talabat/output/KFC_UAE.json,bronze,04_enrichment_raw,_cross_month,2026-09-23T18:10:35
apify/Apify_talabat/brands/kfc/output/KFC_UAE.json,207222,17a1ac06e1d59b28d30139a2b0b20835204031ace6459c6301ea1f4860cf4963,s3://rii-data-dump/talabat/bronze/bronze/_cross_month/04_enrichment_raw/apify/Apify_talabat/brands/kfc/output/KFC_UAE.json,bronze,04_enrichment_raw,_cross_month,2026-09-23T18:10:35
Google_Place/apify/brands/nandos/output/raw/dataset_20260907_120623_merged_all.json,207143,08d00cf88e019608878ca268be0aea922646b11eeb0df043044d6ca00d2d013b,s3://rii-data-dump/talabat/bronze/bronze/2026-09/04_enrichment_raw/Google_Place/apify/brands/nandos/output/raw/dataset_20260907_120623_merged_all.json,bronze,04_enrichment_raw,2026-09,2026-09-23T18:10:35
Google_Place/apify/brands/uae_main_batch_01/input.json,206218,69b72eb79f23685b4648897bc61ae521c5e3c52886fdd90cced2f926195d37b2,s3://rii-data-dump/talabat/bronze/bronze/_cross_month/04_enrichment_raw/Google_Place/apify/brands/uae_main_batch_01/input.json,bronze,04_enrichment_raw,_cross_month,2026-09-23T18:10:35
Google_Place/apify/brands/uae_main_batch_12/input.json,205798,eb60ff35f75d718bec495ab74a25fb15d73ab303de3b7086c50bca6a8fa3143b,s3://rii-data-dump/talabat/bronze/bronze/_cross_month/04_enrichment_raw/Google_Place/apify/brands/uae_main_batch_12/input.json,bronze,04_enrichment_raw,_cross_month,2026-09-23T18:10:35
Google_Place/apify/brands/uae_main_batch_14/input.json,205645,052a559b6366ebdecdd0af57435781daea21026a726c296fd9d0effe152b9c15,s3://rii-data-dump/talabat/bronze/bronze/_cross_month/04_enrichment_raw/Google_Place/apify/brands/uae_main_batch_14/input.json,bronze,04_enrichment_raw,_cross_month,2026-09-23T18:10:35
Google_Place/tav/output/production/production_chunk_20260705_192334.csv,205592,62af3e66436da4152be10ef0a51b83483124af8fb22d8a790f2f0ed67213da77,s3://rii-data-dump/talabat/bronze/bronze/2026-07/04_enrichment_raw/Google_Place/tav/output/production/production_chunk_20260705_192334.csv,bronze,04_enrichment_raw,2026-07,2026-09-23T18:10:35
Google_Place/apify/brands/uae_main_batch_09/input.json,205505,00af02af2bd4343a4a084d33a1c1a7ce4b56dba11b8e6988150e710d79bf832f,s3://rii-data-dump/talabat/bronze/bronze/_cross_month/04_enrichment_raw/Google_Place/apify/brands/uae_main_batch_09/input.json,bronze,04_enrichment_raw,_cross_month,2026-09-23T18:10:35
images/data/september_logo_targets.jsonl,205199,ce5ac4a6340b8643ac2a125805d6b6281fb155c4e4cccdb4f0b67671dc8ba32c,s3://rii-data-dump/talabat/bronze/bronze/2026-09/05_images_raw/images/data/september_logo_targets.jsonl,bronze,05_images_raw,2026-09,2026-09-23T18:10:35
Google_Place/apify/brands/uae_main_batch_07/input.json,204964,73ed0acf4896e7cac3d3368eebce21601bddcff3a86e127562af58bffb3d99d5,s3://rii-data-dump/talabat/bronze/bronze/_cross_month/04_enrichment_raw/Google_Place/apify/brands/uae_main_batch_07/input.json,bronze,04_enrichment_raw,_cross_month,2026-09-23T18:10:35
Google_Place/apify/brands/uae_main_batch_08/input.json,204659,b8a2e345fee526424cf05ff6f35d3095574c9835db54f807c50f2307aaa8bb33,s3://rii-data-dump/talabat/bronze/bronze/_cross_month/04_enrichment_raw/Google_Place/apify/brands/uae_main_batch_08/input.json,bronze,04_enrichment_raw,_cross_month,2026-09-23T18:10:35
Google_Place/tav/output/production/production_chunk_20260705_183654.csv,204634,1d510be9e0b3df2f91103212ae7e7be4dde43381b6c4564fc5d8401fdf11a740,s3://rii-data-dump/talabat/bronze/bronze/2026-07/04_enrichment_raw/Google_Place/tav/output/production/production_chunk_20260705_183654.csv,bronze,04_enrichment_raw,2026-07,2026-09-23T18:10:35
Google_Place/apify/brands/uae_main_batch_10/input.json,204507,7d8316ac626f48c1fc1fe341f6d6fd83c8bf2c047006f770f26ba79311e07064,s3://rii-data-dump/talabat/bronze/bronze/_cross_month/04_enrichment_raw/Google_Place/apify/brands/uae_main_batch_10/input.json,bronze,04_enrichment_raw,_cross_month,2026-09-23T18:10:35
Google_Place/apify/output/checkpoints/main_account_checkpoints.json,204295,e4f14ee06d38ec6f98380ed9f9a68e9f28d2e12b0b88d99b773fef64b6aaa755,s3://rii-data-dump/talabat/bronze/bronze/_cross_month/04_enrichment_raw/Google_Place/apify/output/checkpoints/main_account_checkpoints.json,bronze,04_enrichment_raw,_cross_month,2026-09-23T18:10:35
Google_Place/apify/brands/uae_main_batch_03/input.json,204139,85efb10b822a249228955a474f233e549dd02beaf070a4930b9031478772c3eb,s3://rii-data-dump/talabat/bronze/bronze/_cross_month/04_enrichment_raw/Google_Place/apify/brands/uae_main_batch_03/input.json,bronze,04_enrichment_raw,_cross_month,2026-09-23T18:10:35
Google_Place/apify/brands/uae_main_batch_05/input.json,203620,ea2a929b8046e5849cd3078f470e4261fbc241e324bbf59e92fc3049ab4d4f93,s3://rii-data-dump/talabat/bronze/bronze/_cross_month/04_enrichment_raw/Google_Place/apify/brands/uae_main_batch_05/input.json,bronze,04_enrichment_raw,_cross_month,2026-09-23T18:10:35
Google_Place/apify/brands/uae_main_batch_13/input.json,203544,483134a50b3663c474f3282dcd099fbc8871b75ab519fae7acf20f8c423f1d15,s3://rii-data-dump/talabat/bronze/bronze/_cross_month/04_enrichment_raw/Google_Place/apify/brands/uae_main_batch_13/input.json,bronze,04_enrichment_raw,_cross_month,2026-09-23T18:10:35
Google_Place/apify/brands/uae_main_batch_06/input.json,203450,d15ba4ba1256e478e7ceac37fd7b0731ed16471efa8c8afbb78efcc4e181a867,s3://rii-data-dump/talabat/bronze/bronze/_cross_month/04_enrichment_raw/Google_Place/apify/brands/uae_main_batch_06/input.json,bronze,04_enrichment_raw,_cross_month,2026-09-23T18:10:35
Google_Place/apify/brands/uae_main_batch_04/input.json,203199,0e9662eac2235ff2a08b14ddd9a04504938b68fe389e7e631d7a3cc637d91a78,s3://rii-data-dump/talabat/bronze/bronze/_cross_month/04_enrichment_raw/Google_Place/apify/brands/uae_main_batch_04/input.json,bronze,04_enrichment_raw,_cross_month,2026-09-23T18:10:35
Google_Place/tav/output/production/production_chunk_20260705_185952.csv,202919,b741cd895776c90ae49948bbcd8529ebf6b23a35d9cca5457d472e6b719d3cc2,s3://rii-data-dump/talabat/bronze/bronze/2026-07/04_enrichment_raw/Google_Place/tav/output/production/production_chunk_20260705_185952.csv,bronze,04_enrichment_raw,2026-07,2026-09-23T18:10:35
Google_Place/apify/brands/uae_main_batch_11/input.json,202773,370e06e416abefc955b8e735bd7791d68aadd9828094096932761d6f0e6378a1,s3://rii-data-dump/talabat/bronze/bronze/_cross_month/04_enrichment_raw/Google_Place/apify/brands/uae_main_batch_11/input.json,bronze,04_enrichment_raw,_cross_month,2026-09-23T18:10:35
Google_Place/apify/brands/uae_fast_default_12/output/raw/dataset_20260702_145517_group_2_GJusWCkN.json,198730,67a5abb3248a92489733f8a6b652915400b02d271f1dc63dc390950eed453e36,s3://rii-data-dump/talabat/bronze/bronze/2026-07/04_enrichment_raw/Google_Place/apify/brands/uae_fast_default_12/output/raw/dataset_20260702_145517_group_2_GJusWCkN.json,bronze,04_enrichment_raw,2026-07,2026-09-23T18:10:35
listing_scraper/smoke_results/area_probe_ranked.json.aug.bak,197571,0dfaf0f13482e8f353585e19a93696b03a383c1ade6e970ba18bc1f2ced910dc,s3://rii-data-dump/talabat/bronze/bronze/2026-08/01_zones/listing_scraper/smoke_results/area_probe_ranked.json.aug.bak,bronze,01_zones,2026-08,2026-09-23T18:10:35
listing_comparison/output/areaname_failed.jsonl,196242,522f8be381e17d623eee3e1ed5570ca6a1c5f2c8b7079ffb1a370c1072af7a56,s3://rii-data-dump/talabat/silver/_cross_month/01_listing_compare/listing_comparison/output/areaname_failed.jsonl,silver,01_listing_compare,_cross_month,2026-09-23T18:10:35
september/data/newly_found_202609.jsonl,194922,bb00ad80dab67017082b2d2aeeac5e411bd304877ff94c7bdeea2ed9b9e909ed,s3://rii-data-dump/talabat/bronze/bronze/2026-09/02_listings/september/data/newly_found_202609.jsonl,bronze,02_listings,2026-09,2026-09-23T18:10:35
Google_Place/apify/brands/uae_fast_default_10/output/raw/dataset_20260702_145302_group_3_z5SZKifi.json,194845,0d86acff57410c0079ab0c83fa640a313c400b091f07a1a7c11200dc9f3ff7dc,s3://rii-data-dump/talabat/bronze/bronze/2026-07/04_enrichment_raw/Google_Place/apify/brands/uae_fast_default_10/output/raw/dataset_20260702_145302_group_3_z5SZKifi.json,bronze,04_enrichment_raw,2026-07,2026-09-23T18:10:35
map_version2/mcdonalds/output/MCDONALDS_UAE.json,193443,510825c9eaa58b7ec50460de367696079b09f601235f16c0b68444878a66d310,s3://rii-data-dump/talabat/silver/_cross_month/05_classification/map_version2/mcdonalds/output/MCDONALDS_UAE.json,silver,05_classification,_cross_month,2026-09-23T18:10:35
Google_Place/apify/brands/mcdonalds/output/MCDONALDS_UAE.json,193443,510825c9eaa58b7ec50460de367696079b09f601235f16c0b68444878a66d310,s3://rii-data-dump/talabat/bronze/bronze/_cross_month/04_enrichment_raw/Google_Place/apify/brands/mcdonalds/output/MCDONALDS_UAE.json,bronze,04_enrichment_raw,_cross_month,2026-09-23T18:10:35
unified/data/july_city_fixes.json,191962,aec588d507f411123a26e5bca8f4f9d69d5837535a9a5455b69dd32933d73a30,s3://rii-data-dump/talabat/silver/2026-07/06_areas/unified/data/july_city_fixes.json,silver,06_areas,2026-07,2026-09-23T18:10:35
september/data/zone_snapshot_202609.json,189730,b7ae13b764fece98f01d3dc42b1fc67354e5e545353107c60694e8ae186fbf6c,s3://rii-data-dump/talabat/bronze/bronze/2026-09/01_zones/september/data/zone_snapshot_202609.json,bronze,01_zones,2026-09,2026-09-23T18:10:35
september/data/zone_snapshot_202609.chainid.bak,187120,91504b2d2bbe5343158a302bfe2dd22c77ad6a041580c3506e4e804d19721b59,s3://rii-data-dump/talabat/bronze/bronze/2026-09/01_zones/september/data/zone_snapshot_202609.chainid.bak,bronze,01_zones,2026-09,2026-09-23T18:10:35
Google_Place/apify/brands/uae_fast_default_12/output/raw/dataset_20260702_145647_group_3_Gw7gIzVc.json,184362,149f081e1c1f9e526c288d778af18e0370b862a31f7d082a40425ff7774e64bd,s3://rii-data-dump/talabat/bronze/bronze/2026-07/04_enrichment_raw/Google_Place/apify/brands/uae_fast_default_12/output/raw/dataset_20260702_145647_group_3_Gw7gIzVc.json,bronze,04_enrichment_raw,2026-07,2026-09-23T18:10:35
map_version2/new_york_fries/output/raw/dataset_20260706_143544_merged_all.json,184044,d990f6b03ea01613dd22fcf4f0ad172286b2d843bd4a7a058e8434d80e2be8c5,s3://rii-data-dump/talabat/silver/2026-07/05_classification/map_version2/new_york_fries/output/raw/dataset_20260706_143544_merged_all.json,silver,05_classification,2026-07,2026-09-23T18:10:35
Google_Place/apify/brands/new_york_fries/output/raw/dataset_20260706_143544_merged_all.json,184044,d990f6b03ea01613dd22fcf4f0ad172286b2d843bd4a7a058e8434d80e2be8c5,s3://rii-data-dump/talabat/bronze/bronze/2026-07/04_enrichment_raw/Google_Place/apify/brands/new_york_fries/output/raw/dataset_20260706_143544_merged_all.json,bronze,04_enrichment_raw,2026-07,2026-09-23T18:10:35
Google_Place/tav/output/sample/sample_20260704_174127.json,183029,842fa2d604c322736a75ccae2c9da0f990fe798834e42c4cf28f3b19d90251d8,s3://rii-data-dump/talabat/bronze/bronze/2026-07/04_enrichment_raw/Google_Place/tav/output/sample/sample_20260704_174127.json,bronze,04_enrichment_raw,2026-07,2026-09-23T18:10:35
Google_Place/apify/scripts/input_schema_full.json,182861,963a7a3a7d79ac3d37855fb935ae879cc3ef3da12a0d44ba491e852d43cf91c7,s3://rii-data-dump/talabat/bronze/bronze/_cross_month/04_enrichment_raw/Google_Place/apify/scripts/input_schema_full.json,bronze,04_enrichment_raw,_cross_month,2026-09-23T18:10:35
september/data/area_probe_ranked_202609.json,182508,4ba9b5f4efdda8695fb1120ccf3c063ce5a0eb3239320e6b84bc0b74a1401a0d,s3://rii-data-dump/talabat/bronze/bronze/2026-09/01_zones/september/data/area_probe_ranked_202609.json,bronze,01_zones,2026-09,2026-09-23T18:10:35
listing_scraper/smoke_results/area_probe_ranked.json,182508,4ba9b5f4efdda8695fb1120ccf3c063ce5a0eb3239320e6b84bc0b74a1401a0d,s3://rii-data-dump/talabat/bronze/bronze/_cross_month/01_zones/listing_scraper/smoke_results/area_probe_ranked.json,bronze,01_zones,_cross_month,2026-09-23T18:10:35
Google_Place/tav/output/sample/sample_20260704_173703.json,182408,253a89cc9d83eaeb921f54143e92e9a539bb01694a147cc21bedb21258acfccd,s3://rii-data-dump/talabat/bronze/bronze/2026-07/04_enrichment_raw/Google_Place/tav/output/sample/sample_20260704_173703.json,bronze,04_enrichment_raw,2026-07,2026-09-23T18:10:35
Google_Place/apify/brands/uae_fast_chain_06/output/raw/dataset_20260702_142512_group_1_gKWtIwkk.json,182143,db7fa09819c307971270c5144134588b4dabd8b529ba7d887117695c49b97781,s3://rii-data-dump/talabat/bronze/bronze/2026-07/04_enrichment_raw/Google_Place/apify/brands/uae_fast_chain_06/output/raw/dataset_20260702_142512_group_1_gKWtIwkk.json,bronze,04_enrichment_raw,2026-07,2026-09-23T18:10:35
Google_Place/apify/brands/uae_fast_chain_06/output/raw/dataset_20260702_142512_merged_all.json,182143,db7fa09819c307971270c5144134588b4dabd8b529ba7d887117695c49b97781,s3://rii-data-dump/talabat/bronze/bronze/2026-07/04_enrichment_raw/Google_Place/apify/brands/uae_fast_chain_06/output/raw/dataset_20260702_142512_merged_all.json,bronze,04_enrichment_raw,2026-07,2026-09-23T18:10:35
Google_Place/apify/brands/vapiano/output/raw/dataset_20260708_202357_merged_all.json,179931,0ec79e192184ee933d6c358a524f761b0fa4c46fb585c5b8086a33948110e579,s3://rii-data-dump/talabat/bronze/bronze/2026-07/04_enrichment_raw/Google_Place/apify/brands/vapiano/output/raw/dataset_20260708_202357_merged_all.json,bronze,04_enrichment_raw,2026-07,2026-09-23T18:10:35
menu_refresh/data/refresh_202609/scrape/checkpoint.json,177608,ec7b13c537525c29371137790ff4d7520095bd941996af05f8140f6b54f02f8d,s3://rii-data-dump/talabat/bronze/bronze/2026-09/03_menus_raw/menu_refresh/data/refresh_202609/scrape/checkpoint.json,bronze,03_menus_raw,2026-09,2026-09-23T18:10:35
Google_Place/tav/output/sample/sample_20260704_172904.json,176688,5eafb02cf8bb70891b68980fa934fc90536fc476fb2097648c77d9dc1f6c9ec9,s3://rii-data-dump/talabat/bronze/bronze/2026-07/04_enrichment_raw/Google_Place/tav/output/sample/sample_20260704_172904.json,bronze,04_enrichment_raw,2026-07,2026-09-23T18:10:35
data/urls/run2_failed_pages.jsonl,175867,208c2884505a18c09594b4386ecff6df2e370f1e4e1105e4949b20b98b501d74,s3://rii-data-dump/talabat/bronze/bronze/_cross_month/02_listings/data/urls/run2_failed_pages.jsonl,bronze,02_listings,_cross_month,2026-09-23T18:10:35
Google_Place/apify/brands/wingstop/output/raw/dataset_20260907_120754_group_a_4CPET1O5.json,175016,99fdff91bafa10cc48e608e71da830f52f3369adbcd14e9822c6af22b12c033d,s3://rii-data-dump/talabat/bronze/bronze/2026-09/04_enrichment_raw/Google_Place/apify/brands/wingstop/output/raw/dataset_20260907_120754_group_a_4CPET1O5.json,bronze,04_enrichment_raw,2026-09,2026-09-23T18:10:35
listing_scraper/smoke_results/area_priority.json,174001,c828806d49400047e5765eff99f41911e21e253313afe1072df0e78885f4a36a,s3://rii-data-dump/talabat/bronze/bronze/_cross_month/01_zones/listing_scraper/smoke_results/area_priority.json,bronze,01_zones,_cross_month,2026-09-23T18:10:35
map_version2/wendys/output/raw/dataset_20260706_143522_merged_all.json,172856,ff51cffce368cd83c232b8916f885930712218b6302843e3b9a9d1a2f179df88,s3://rii-data-dump/talabat/silver/2026-07/05_classification/map_version2/wendys/output/raw/dataset_20260706_143522_merged_all.json,silver,05_classification,2026-07,2026-09-23T18:10:35
Google_Place/apify/brands/wendys/output/raw/dataset_20260706_143522_merged_all.json,172856,ff51cffce368cd83c232b8916f885930712218b6302843e3b9a9d1a2f179df88,s3://rii-data-dump/talabat/bronze/bronze/2026-07/04_enrichment_raw/Google_Place/apify/brands/wendys/output/raw/dataset_20260706_143522_merged_all.json,bronze,04_enrichment_raw,2026-07,2026-09-23T18:10:35
september/data/menus/ingredients_dropped.csv,172826,9eba94a362fbc7a1d683981dcb6ed355736c730926f6fee4ac46c0e433cb0455,s3://rii-data-dump/talabat/silver/2026-09/02_sanitize/september/data/menus/ingredients_dropped.csv,silver,02_sanitize,2026-09,2026-09-23T18:10:35
Google_Place/Google_map/output/results/DIY_Batch02_OtherEntities_20260703_102756.csv,170934,69f862fcc8c9802f2841650905ca6d043282faca98cffe5ce6357ea7327ed101,s3://rii-data-dump/talabat/bronze/bronze/2026-07/04_enrichment_raw/Google_Place/Google_map/output/results/DIY_Batch02_OtherEntities_20260703_102756.csv,bronze,04_enrichment_raw,2026-07,2026-09-23T18:10:35
address_audit/data/blank_address_branches.csv,169430,f9fc2a1a3b3f092149ad93e4234b972d39b30636cfd340b779f64d9a28bc1ea7,s3://rii-data-dump/talabat/silver/2026-09/07_addresses/address_audit/data/blank_address_branches.csv,silver,07_addresses,2026-09,2026-09-23T18:10:35
Google_Place/apify/brands/all_local_brands/output/Local.csv,167902,cf6df7a9f46320cdafe5b9437801483e1122c5258546072616c7d024f205798a,s3://rii-data-dump/talabat/bronze/bronze/_cross_month/04_enrichment_raw/Google_Place/apify/brands/all_local_brands/output/Local.csv,bronze,04_enrichment_raw,_cross_month,2026-09-23T18:10:36
map_version2/caffe_nero/output/raw/dataset_20260706_143514_group_a_5gonLUWi.json,166185,dda94ea8b52ab348740b000d469f816c2dca4d7d601f01080fbbff29e18db6eb,s3://rii-data-dump/talabat/silver/2026-07/05_classification/map_version2/caffe_nero/output/raw/dataset_20260706_143514_group_a_5gonLUWi.json,silver,05_classification,2026-07,2026-09-23T18:10:36
Google_Place/apify/brands/caffe_nero/output/raw/dataset_20260706_143514_group_a_5gonLUWi.json,166185,dda94ea8b52ab348740b000d469f816c2dca4d7d601f01080fbbff29e18db6eb,s3://rii-data-dump/talabat/bronze/bronze/2026-07/04_enrichment_raw/Google_Place/apify/brands/caffe_nero/output/raw/dataset_20260706_143514_group_a_5gonLUWi.json,bronze,04_enrichment_raw,2026-07,2026-09-23T18:10:36
export/IT_Team_Location/output/duplicate_locations.csv,166088,35f688750a2788b62c5b4a3441b60bf9f29a2968628db43840d3acbe2563417c,s3://rii-data-dump/talabat/gold/2026-07/exports/export/IT_Team_Location/output/duplicate_locations.csv,gold,exports,2026-07,2026-09-23T18:10:36
map_version2/jollibee/output/raw/dataset_20260706_143703_group_a_oJTv8BGW.json,165284,54b969d97eb08e8011856b06a12040cb3cbbb9c19099388635cff3cf0649b3c8,s3://rii-data-dump/talabat/silver/2026-07/05_classification/map_version2/jollibee/output/raw/dataset_20260706_143703_group_a_oJTv8BGW.json,silver,05_classification,2026-07,2026-09-23T18:10:36
Google_Place/apify/brands/jollibee/output/raw/dataset_20260706_143703_group_a_oJTv8BGW.json,165284,54b969d97eb08e8011856b06a12040cb3cbbb9c19099388635cff3cf0649b3c8,s3://rii-data-dump/talabat/bronze/bronze/2026-07/04_enrichment_raw/Google_Place/apify/brands/jollibee/output/raw/dataset_20260706_143703_group_a_oJTv8BGW.json,bronze,04_enrichment_raw,2026-07,2026-09-23T18:10:36
Google_Place/apify/brands/texas_chicken/output/raw/dataset_20260907_120654_group_b_uGTSmNOW.json,161218,f3d9650115c13d4b738efef1d88f45ddba9b933321265c63b808372629df53c3,s3://rii-data-dump/talabat/bronze/bronze/2026-09/04_enrichment_raw/Google_Place/apify/brands/texas_chicken/output/raw/dataset_20260907_120654_group_b_uGTSmNOW.json,bronze,04_enrichment_raw,2026-09,2026-09-23T18:10:36
address_audit/data/wrong_emirate_branches.csv,161074,1cf0df4357d665521aae33b835c28c583722b3be1bd40fdc193405b586b17696,s3://rii-data-dump/talabat/silver/2026-09/07_addresses/address_audit/data/wrong_emirate_branches.csv,silver,07_addresses,2026-09,2026-09-23T18:10:36
Google_Place/apify/brands/baskin_robbins/output/BASKIN_ROBBINS_UAE.json,159486,7c3bc191647ad618e3f28eb83c76d139a369555590e6ef3ea10add9f71e02807,s3://rii-data-dump/talabat/bronze/bronze/_cross_month/04_enrichment_raw/Google_Place/apify/brands/baskin_robbins/output/BASKIN_ROBBINS_UAE.json,bronze,04_enrichment_raw,_cross_month,2026-09-23T18:10:36
map_version2/shake_shack/output/raw/dataset_20260706_143643_group_a_jyWSo6fA.json,155266,28b7b7f7e4018c72342efd45e1d02ef15d862927442b6208d708d72b4366e0ba,s3://rii-data-dump/talabat/silver/2026-07/05_classification/map_version2/shake_shack/output/raw/dataset_20260706_143643_group_a_jyWSo6fA.json,silver,05_classification,2026-07,2026-09-23T18:10:36
Google_Place/apify/brands/shake_shack/output/raw/dataset_20260706_143643_group_a_jyWSo6fA.json,155266,28b7b7f7e4018c72342efd45e1d02ef15d862927442b6208d708d72b4366e0ba,s3://rii-data-dump/talabat/bronze/bronze/2026-07/04_enrichment_raw/Google_Place/apify/brands/shake_shack/output/raw/dataset_20260706_143643_group_a_jyWSo6fA.json,bronze,04_enrichment_raw,2026-07,2026-09-23T18:10:36
Google_Place/tav/output/sample/sample_20260704_174127.jsonl,152010,ea13f445dee08f3d603a40ba005e3d2390fdb84f578634b2ce7ba665b5ac07f1,s3://rii-data-dump/talabat/bronze/bronze/2026-07/04_enrichment_raw/Google_Place/tav/output/sample/sample_20260704_174127.jsonl,bronze,04_enrichment_raw,2026-07,2026-09-23T18:10:36
Google_Place/tav/output/sample/sample_20260704_173703.jsonl,151736,191e148ca448eded6f7afb65f0f65a5e3ad592865c5fbfe371504cdb67cf49af,s3://rii-data-dump/talabat/bronze/bronze/2026-07/04_enrichment_raw/Google_Place/tav/output/sample/sample_20260704_173703.jsonl,bronze,04_enrichment_raw,2026-07,2026-09-23T18:10:36
map_version2/shake_shack/output/raw/dataset_20260706_143442_group_b_gUABdcgR.json,151161,96c8dc003f39d4b83b293e7d7b38feafa89bdc065a6ee9089b4dab5dc068d5b5,s3://rii-data-dump/talabat/silver/2026-07/05_classification/map_version2/shake_shack/output/raw/dataset_20260706_143442_group_b_gUABdcgR.json,silver,05_classification,2026-07,2026-09-23T18:10:36
Google_Place/apify/brands/shake_shack/output/raw/dataset_20260706_143442_group_b_gUABdcgR.json,151161,96c8dc003f39d4b83b293e7d7b38feafa89bdc065a6ee9089b4dab5dc068d5b5,s3://rii-data-dump/talabat/bronze/bronze/2026-07/04_enrichment_raw/Google_Place/apify/brands/shake_shack/output/raw/dataset_20260706_143442_group_b_gUABdcgR.json,bronze,04_enrichment_raw,2026-07,2026-09-23T18:10:36
images/data/checkpoint.json,150855,026244db0f575f66d987d01161fac1c11e300ddf732a99912ea3f8b0ef299d0d,s3://rii-data-dump/talabat/ops/2026-07/checkpoints/images/data/checkpoint.json,ops,checkpoints,2026-07,2026-09-23T18:10:36
map_version2/jollibee/output/raw/dataset_20260706_143402_group_b_h7grKNa6.json,150170,2f6cb4e95d195e78bfb5db73b5eda38e082647b20095445f1bab47cda20dbdc5,s3://rii-data-dump/talabat/silver/2026-07/05_classification/map_version2/jollibee/output/raw/dataset_20260706_143402_group_b_h7grKNa6.json,silver,05_classification,2026-07,2026-09-23T18:10:36
Google_Place/apify/brands/jollibee/output/raw/dataset_20260706_143402_group_b_h7grKNa6.json,150170,2f6cb4e95d195e78bfb5db73b5eda38e082647b20095445f1bab47cda20dbdc5,s3://rii-data-dump/talabat/bronze/bronze/2026-07/04_enrichment_raw/Google_Place/apify/brands/jollibee/output/raw/dataset_20260706_143402_group_b_h7grKNa6.json,bronze,04_enrichment_raw,2026-07,2026-09-23T18:10:36
map_version2/five_guys/output/raw/dataset_20260706_143612_group_b_BYOnR6zy.json,148833,b1dfc28f8d8da745f66ca317dc3d7a92118acb5ff65c8617056ac34cf5c0d016,s3://rii-data-dump/talabat/silver/2026-07/05_classification/map_version2/five_guys/output/raw/dataset_20260706_143612_group_b_BYOnR6zy.json,silver,05_classification,2026-07,2026-09-23T18:10:36
Google_Place/apify/brands/five_guys/output/raw/dataset_20260706_143612_group_b_BYOnR6zy.json,148833,b1dfc28f8d8da745f66ca317dc3d7a92118acb5ff65c8617056ac34cf5c0d016,s3://rii-data-dump/talabat/bronze/bronze/2026-07/04_enrichment_raw/Google_Place/apify/brands/five_guys/output/raw/dataset_20260706_143612_group_b_BYOnR6zy.json,bronze,04_enrichment_raw,2026-07,2026-09-23T18:10:36
area_classification/data/cache/recover_serper.json,147280,7bed3ec85e9b3bfefa22e4569e69b3b476501e326a26cb14b4b186ca225f9f69,s3://rii-data-dump/talabat/silver/2026-09/06_areas/area_classification/data/cache/recover_serper.json,silver,06_areas,2026-09,2026-09-23T18:10:36
map_version2/pizza_hut/output/PIZZA_HUT_UAE.json,146651,2050b43fa7ac705e392909f76c9edf396bf163ed6f0d6ebfb3806f10fcd1b714,s3://rii-data-dump/talabat/silver/_cross_month/05_classification/map_version2/pizza_hut/output/PIZZA_HUT_UAE.json,silver,05_classification,_cross_month,2026-09-23T18:10:36
Google_Place/apify/brands/pizza_hut/output/PIZZA_HUT_UAE.json,146651,2050b43fa7ac705e392909f76c9edf396bf163ed6f0d6ebfb3806f10fcd1b714,s3://rii-data-dump/talabat/bronze/bronze/_cross_month/04_enrichment_raw/Google_Place/apify/brands/pizza_hut/output/PIZZA_HUT_UAE.json,bronze,04_enrichment_raw,_cross_month,2026-09-23T18:10:36
Google_Place/tav/output/sample/sample_20260704_172904.jsonl,145735,a3135de97c7aec853503e2671ab96955a6be1040def93874a850d2efdc1ea19e,s3://rii-data-dump/talabat/bronze/bronze/2026-07/04_enrichment_raw/Google_Place/tav/output/sample/sample_20260704_172904.jsonl,bronze,04_enrichment_raw,2026-07,2026-09-23T18:10:36
Restaurant Identifier/data/checkpoint_run2.json,144906,47efe1458af42d8903546baac55f2f6b71ca11176f7e9d2812ca0502f138dafc,s3://rii-data-dump/talabat/bronze/bronze/_cross_month/02_listings/Restaurant Identifier/data/checkpoint_run2.json,bronze,02_listings,_cross_month,2026-09-23T18:10:36
map_version2/german_doner_kebab/output/raw/dataset_20260706_143437_group_b_Rf9Hnvyh.json,144033,795535e63796b878a5469f8d270d5f26b9d6e0bc5ca904066e96ffb98af8a738,s3://rii-data-dump/talabat/silver/2026-07/05_classification/map_version2/german_doner_kebab/output/raw/dataset_20260706_143437_group_b_Rf9Hnvyh.json,silver,05_classification,2026-07,2026-09-23T18:10:36
Google_Place/apify/brands/german_doner_kebab/output/raw/dataset_20260706_143437_group_b_Rf9Hnvyh.json,144033,795535e63796b878a5469f8d270d5f26b9d6e0bc5ca904066e96ffb98af8a738,s3://rii-data-dump/talabat/bronze/bronze/2026-07/04_enrichment_raw/Google_Place/apify/brands/german_doner_kebab/output/raw/dataset_20260706_143437_group_b_Rf9Hnvyh.json,bronze,04_enrichment_raw,2026-07,2026-09-23T18:10:36
listing_scraper/smoke_results/area_map.json,143362,c2386133092c0cf7ea3e3ff05fb4764bd2920f06ec103967abc7cda1ff2fd29a,s3://rii-data-dump/talabat/bronze/bronze/_cross_month/01_zones/listing_scraper/smoke_results/area_map.json,bronze,01_zones,_cross_month,2026-09-23T18:10:36
map_version2/costa_coffee/output/COSTA_COFFEE_UAE.json,142685,739df3944cc1e533360270e15125c3d7e1d575a72ce5c9265ee76134ab175025,s3://rii-data-dump/talabat/silver/_cross_month/05_classification/map_version2/costa_coffee/output/COSTA_COFFEE_UAE.json,silver,05_classification,_cross_month,2026-09-23T18:10:36
Google_Place/apify/brands/costa_coffee/output/COSTA_COFFEE_UAE.json,142685,739df3944cc1e533360270e15125c3d7e1d575a72ce5c9265ee76134ab175025,s3://rii-data-dump/talabat/bronze/bronze/_cross_month/04_enrichment_raw/Google_Place/apify/brands/costa_coffee/output/COSTA_COFFEE_UAE.json,bronze,04_enrichment_raw,_cross_month,2026-09-23T18:10:36
Google_Place/apify/brands/local/output/LOCAL_UAE.csv,141826,0cac1701bc61065620a02ee699a0dbcfbb6300f3483b1f2a40638dda046f80f6,s3://rii-data-dump/talabat/bronze/bronze/_cross_month/04_enrichment_raw/Google_Place/apify/brands/local/output/LOCAL_UAE.csv,bronze,04_enrichment_raw,_cross_month,2026-09-23T18:10:36
apify/Apify_talabat/brands/local/output/LOCAL_UAE.csv,141826,0cac1701bc61065620a02ee699a0dbcfbb6300f3483b1f2a40638dda046f80f6,s3://rii-data-dump/talabat/bronze/bronze/_cross_month/04_enrichment_raw/apify/Apify_talabat/brands/local/output/LOCAL_UAE.csv,bronze,04_enrichment_raw,_cross_month,2026-09-23T18:10:36
Google_Place/apify/brands/nandos/output/raw/dataset_20260907_120623_group_a_dnPs5p4b.json,140757,e52fae6be85477d2d48a249a75a15220026d3a06c828bb785606011d13908b0c,s3://rii-data-dump/talabat/bronze/bronze/2026-09/04_enrichment_raw/Google_Place/apify/brands/nandos/output/raw/dataset_20260907_120623_group_a_dnPs5p4b.json,bronze,04_enrichment_raw,2026-09,2026-09-23T18:10:36
Google_Place/tav/checkpoints/production_checkpoint.json,138783,c0cb895233bda11535aad74bfc2ff680b45b34890fc3a3fefd923ee2128b56b7,s3://rii-data-dump/talabat/bronze/bronze/_cross_month/04_enrichment_raw/Google_Place/tav/checkpoints/production_checkpoint.json,bronze,04_enrichment_raw,_cross_month,2026-09-23T18:10:36
map_version2/MNC_Chain.csv,138646,ec366a211cc37a1034b51adb2e1b8a212805196cc99af8e4c86ed0238fb75443,s3://rii-data-dump/talabat/silver/_cross_month/05_classification/map_version2/MNC_Chain.csv,silver,05_classification,_cross_month,2026-09-23T18:10:36
map_version2/subway/output/SUBWAY_UAE.json,137772,375b793c158c6da07d249e263cec5ec8ba3326106ed4eb24c820da6c7d970ea6,s3://rii-data-dump/talabat/silver/_cross_month/05_classification/map_version2/subway/output/SUBWAY_UAE.json,silver,05_classification,_cross_month,2026-09-23T18:10:36
Google_Place/apify/brands/subway/output/SUBWAY_UAE.json,137772,375b793c158c6da07d249e263cec5ec8ba3326106ed4eb24c820da6c7d970ea6,s3://rii-data-dump/talabat/bronze/bronze/_cross_month/04_enrichment_raw/Google_Place/apify/brands/subway/output/SUBWAY_UAE.json,bronze,04_enrichment_raw,_cross_month,2026-09-23T18:10:36
Google_Place/talabat_menu/output/raw/batch_001_20260623_161853_WqkwJph5.json,137748,844b4e338da44dee34f1009d845c6c00c6e4d2e5010fd1cd53d3b3430b905902,s3://rii-data-dump/talabat/bronze/bronze/2026-06/04_enrichment_raw/Google_Place/talabat_menu/output/raw/batch_001_20260623_161853_WqkwJph5.json,bronze,04_enrichment_raw,2026-06,2026-09-23T18:10:36
apify/Apify_talabat/talabat_menu/output/raw/batch_001_20260623_161853_WqkwJph5.json,137748,844b4e338da44dee34f1009d845c6c00c6e4d2e5010fd1cd53d3b3430b905902,s3://rii-data-dump/talabat/bronze/bronze/2026-06/04_enrichment_raw/apify/Apify_talabat/talabat_menu/output/raw/batch_001_20260623_161853_WqkwJph5.json,bronze,04_enrichment_raw,2026-06,2026-09-23T18:10:36
map_version2/burger_fuel/output/raw/dataset_20260706_143515_merged_all.json,137729,9e872a0be2d058cb00d13c4a685465c1ee9a16d709265eef9c2b1b82afbe4e28,s3://rii-data-dump/talabat/silver/2026-07/05_classification/map_version2/burger_fuel/output/raw/dataset_20260706_143515_merged_all.json,silver,05_classification,2026-07,2026-09-23T18:10:36
Google_Place/apify/brands/burger_fuel/output/raw/dataset_20260706_143515_merged_all.json,137729,9e872a0be2d058cb00d13c4a685465c1ee9a16d709265eef9c2b1b82afbe4e28,s3://rii-data-dump/talabat/bronze/bronze/2026-07/04_enrichment_raw/Google_Place/apify/brands/burger_fuel/output/raw/dataset_20260706_143515_merged_all.json,bronze,04_enrichment_raw,2026-07,2026-09-23T18:10:36
Google_Place/apify/sept_chicken/SEPT_CHICKEN_UAE_Combined.csv,137032,4d9785d18c56fc350aaebdde8b4ca4c80098cd6ed739d37e33ff9e413eaebdc2,s3://rii-data-dump/talabat/bronze/bronze/2026-09/04_enrichment_raw/Google_Place/apify/sept_chicken/SEPT_CHICKEN_UAE_Combined.csv,bronze,04_enrichment_raw,2026-09,2026-09-23T18:10:36
Restaurant Identifier/data/checkpoint.json,136480,1c3aaa15d9b3c8a85ebaab747351311e2ead2b6ae149b186b25fda6425697cd2,s3://rii-data-dump/talabat/bronze/bronze/_cross_month/02_listings/Restaurant Identifier/data/checkpoint.json,bronze,02_listings,_cross_month,2026-09-23T18:10:36
August_classification/data_sep/google_places_enrichment.jsonl,135688,2524cf775d95f6b1d9de36868dc9f7eae1cbc7a1c82f8bcfe1f8b16cf7d95c89,s3://rii-data-dump/talabat/bronze/bronze/2026-08/04_enrichment_raw/August_classification/data_sep/google_places_enrichment.jsonl,bronze,04_enrichment_raw,2026-08,2026-09-23T18:10:36
Google_Place/Google_map/output/results/DIY_Batch01_OtherEntities_20260702_222334.json,135073,b4d08de77e01a288587b82bd629b23b5f93098c9628c201a7ff90ae62262bedd,s3://rii-data-dump/talabat/bronze/bronze/2026-07/04_enrichment_raw/Google_Place/Google_map/output/results/DIY_Batch01_OtherEntities_20260702_222334.json,bronze,04_enrichment_raw,2026-07,2026-09-23T18:10:36
Google_Place/tav/output/sample/sample_20260704_170700.json,133739,98550ba840cd028be72372b41951b12322bcb937203344ad5b15d0fef91f79b2,s3://rii-data-dump/talabat/bronze/bronze/2026-07/04_enrichment_raw/Google_Place/tav/output/sample/sample_20260704_170700.json,bronze,04_enrichment_raw,2026-07,2026-09-23T18:10:36
september/data/sept_chain_ids.json,133249,1f719e94eadeba820537f41a94cc98f60405dbf933395a2d5ce4c138d99ccba1,s3://rii-data-dump/talabat/silver/2026-09/05_classification/september/data/sept_chain_ids.json,silver,05_classification,2026-09,2026-09-23T18:10:36
Google_Place/tav/output/sample/sample_20260704_171252.json,132976,b0942e0f5726145de2b6576ac5ac584d2e5cc01e642e96f9cad28cabb33b460b,s3://rii-data-dump/talabat/bronze/bronze/2026-07/04_enrichment_raw/Google_Place/tav/output/sample/sample_20260704_171252.json,bronze,04_enrichment_raw,2026-07,2026-09-23T18:10:36
export/IT_Team_Location/cache/llm_area_cache.json,130730,f40063f6cb88b5cd6f761d1f006ce1e3a744d856a3347fac3e27a54934af006d,s3://rii-data-dump/talabat/gold/2026-07/exports/export/IT_Team_Location/cache/llm_area_cache.json,gold,exports,2026-07,2026-09-23T18:10:36
map_version2/pret_a_manger/output/raw/dataset_20260706_143517_merged_all.json,129560,43da28d4b22a59b820c3ec08abc5c32c9d283eb63d2ae71e692b8387a459db95,s3://rii-data-dump/talabat/silver/2026-07/05_classification/map_version2/pret_a_manger/output/raw/dataset_20260706_143517_merged_all.json,silver,05_classification,2026-07,2026-09-23T18:10:37
Google_Place/apify/brands/pret_a_manger/output/raw/dataset_20260706_143517_merged_all.json,129560,43da28d4b22a59b820c3ec08abc5c32c9d283eb63d2ae71e692b8387a459db95,s3://rii-data-dump/talabat/bronze/bronze/2026-07/04_enrichment_raw/Google_Place/apify/brands/pret_a_manger/output/raw/dataset_20260706_143517_merged_all.json,bronze,04_enrichment_raw,2026-07,2026-09-23T18:10:37
Google_Place/apify/output/retest_500_strict/UAE_Retest_500_Matched.xlsx,127508,b2aeb38b660e3ac953d2d6d2db20a54d7aae1f4a59b34b83795e58b4060af675,s3://rii-data-dump/talabat/bronze/bronze/_cross_month/04_enrichment_raw/Google_Place/apify/output/retest_500_strict/UAE_Retest_500_Matched.xlsx,bronze,04_enrichment_raw,_cross_month,2026-09-23T18:10:37
data/urls/run2_checkpoint.json,126854,29f2fc1bfd5438871ec9a5228c88b662dbb042e28a5221d08061068277610630,s3://rii-data-dump/talabat/bronze/bronze/_cross_month/02_listings/data/urls/run2_checkpoint.json,bronze,02_listings,_cross_month,2026-09-23T18:10:37
Google_Place/apify/brands/daves_hot_chicken/output/raw/dataset_20260907_120653_merged_all.json,125489,4decd43b19076e883ae6b1eb328e345968323a1cdb91da04e49ee216ac4f5c24,s3://rii-data-dump/talabat/bronze/bronze/2026-09/04_enrichment_raw/Google_Place/apify/brands/daves_hot_chicken/output/raw/dataset_20260907_120653_merged_all.json,bronze,04_enrichment_raw,2026-09,2026-09-23T18:10:37
images/data/september_logos/1120528/logo.jpeg,124495,,s3://rii-data-dump/inside 2026-09 logos zip,gold,logos,2026-09,2026-09-23T18:10:37
Google_Place/apify/brands/malak_al_tawouk/output/raw/dataset_20260907_120652_merged_all.json,124434,26ed9070c7c97248c95748b4b3fb3bf1e82b6b3fde1fb05358e8e38aa00f3ff7,s3://rii-data-dump/talabat/bronze/bronze/2026-09/04_enrichment_raw/Google_Place/apify/brands/malak_al_tawouk/output/raw/dataset_20260907_120652_merged_all.json,bronze,04_enrichment_raw,2026-09,2026-09-23T18:10:37
listing_comparison/output/sept_2026-09-08_area_corrected.csv,123964,70d4e0a505c71f79989549e8059ba52a8db685923775f21e1706533a2cb87c12,s3://rii-data-dump/talabat/silver/2026-09/01_listing_compare/listing_comparison/output/sept_2026-09-08_area_corrected.csv,silver,01_listing_compare,2026-09,2026-09-23T18:10:37
Google_Place/apify/brands/nash_hot_chicken/output/raw/dataset_20260907_120653_group_b_3sPC5rlh.json,122961,30291ee3c5edabc4343c2c636ff9432f9d405910f62f7c8916e70c295acce243,s3://rii-data-dump/talabat/bronze/bronze/2026-09/04_enrichment_raw/Google_Place/apify/brands/nash_hot_chicken/output/raw/dataset_20260907_120653_group_b_3sPC5rlh.json,bronze,04_enrichment_raw,2026-09,2026-09-23T18:10:37
images/data/september_logos/1119887/logo.jpeg,122167,,s3://rii-data-dump/inside 2026-09 logos zip,gold,logos,2026-09,2026-09-23T18:10:37
area_classification/data/city_discrepancies_for_tech.csv,121908,53badd51d7547940bab4e0383ccfbfb97305843f13aaae6a956e98221368e66e,s3://rii-data-dump/talabat/silver/2026-09/06_areas/area_classification/data/city_discrepancies_for_tech.csv,silver,06_areas,2026-09,2026-09-23T18:10:37
address_audit/data/comma_copy_branches.csv,121270,2f52f222352f697bacc2e10d6bb996561205c569afe90e7288972dcced81db3b,s3://rii-data-dump/talabat/silver/2026-09/07_addresses/address_audit/data/comma_copy_branches.csv,silver,07_addresses,2026-09,2026-09-23T18:10:37
menu/data/entity_resolution/matched_results_20260618_193722.json,121269,3cf91b0688a9cf24be138658d1e63319b0553e4e7d9ffb0c4f6d76bcca4bbe0e,s3://rii-data-dump/talabat/silver/2026-06/05_classification/menu/data/entity_resolution/matched_results_20260618_193722.json,silver,05_classification,2026-06,2026-09-23T18:10:37
menu/data/entity_resolution/matched_results_20260618_194011.json,121269,3cf91b0688a9cf24be138658d1e63319b0553e4e7d9ffb0c4f6d76bcca4bbe0e,s3://rii-data-dump/talabat/silver/2026-06/05_classification/menu/data/entity_resolution/matched_results_20260618_194011.json,silver,05_classification,2026-06,2026-09-23T18:10:37
images/data/september_logos/1104954/logo.jpeg,121097,,s3://rii-data-dump/inside 2026-09 logos zip,gold,logos,2026-09,2026-09-23T18:10:37
menu_refresh/data/scrape/checkpoint.json,120499,a3fed68f139665454efb8a5b75e8c5a332f120f32f62d39b0825af19ea8aa69a,s3://rii-data-dump/talabat/ops/2026-08/checkpoints/menu_refresh/data/scrape/checkpoint.json,ops,checkpoints,2026-08,2026-09-23T18:10:37
Google_Place/apify/brands/wingstop/output/raw/dataset_20260907_120623_group_b_ZTECqNGQ.json,120438,a40b10bd1efde3920dd883cdf0f557eb085c2b990a91eaff046d654f1cd31150,s3://rii-data-dump/talabat/bronze/bronze/2026-09/04_enrichment_raw/Google_Place/apify/brands/wingstop/output/raw/dataset_20260907_120623_group_b_ZTECqNGQ.json,bronze,04_enrichment_raw,2026-09,2026-09-23T18:10:37
map_version2/CHAIN.csv,120358,1c15b818cad1a7c4f227c7afe07561cb41ad5225373a732e7b1028344079e04c,s3://rii-data-dump/talabat/silver/_cross_month/05_classification/map_version2/CHAIN.csv,silver,05_classification,_cross_month,2026-09-23T18:10:37
Google_Place/tav/output/sample/sample_20260704_154622.json,119363,6d2213b460883b810f37ec06efaf42e26054d55950b0bffcb652a9ecff030182,s3://rii-data-dump/talabat/bronze/bronze/2026-07/04_enrichment_raw/Google_Place/tav/output/sample/sample_20260704_154622.json,bronze,04_enrichment_raw,2026-07,2026-09-23T18:10:37
map_version2/wendys/output/raw/dataset_20260706_143522_group_a_EehlQ3OC.json,118966,fcf75a568a8f64663c96752eca2c260152779237b312acf84602cc50ffbf27b1,s3://rii-data-dump/talabat/silver/2026-07/05_classification/map_version2/wendys/output/raw/dataset_20260706_143522_group_a_EehlQ3OC.json,silver,05_classification,2026-07,2026-09-23T18:10:37
Google_Place/apify/brands/wendys/output/raw/dataset_20260706_143522_group_a_EehlQ3OC.json,118966,fcf75a568a8f64663c96752eca2c260152779237b312acf84602cc50ffbf27b1,s3://rii-data-dump/talabat/bronze/bronze/2026-07/04_enrichment_raw/Google_Place/apify/brands/wendys/output/raw/dataset_20260706_143522_group_a_EehlQ3OC.json,bronze,04_enrichment_raw,2026-07,2026-09-23T18:10:37
Google_Place/tav/output/sample/sample_20260704_160641.json,118451,caa861deb34d484f69ba050aae24bf3a142eacdcb7aed93b736a50a9bfa45053,s3://rii-data-dump/talabat/bronze/bronze/2026-07/04_enrichment_raw/Google_Place/tav/output/sample/sample_20260704_160641.json,bronze,04_enrichment_raw,2026-07,2026-09-23T18:10:37
map_version2/popeyes/output/raw/dataset_20260706_143350_group_b_TKwkRcpA.json,118163,9663e771af06a7fe4d670b3c5fb74906a288ac6f644e03dc9f4ce853306c8342,s3://rii-data-dump/talabat/silver/2026-07/05_classification/map_version2/popeyes/output/raw/dataset_20260706_143350_group_b_TKwkRcpA.json,silver,05_classification,2026-07,2026-09-23T18:10:37
Google_Place/apify/brands/popeyes/output/raw/dataset_20260706_143350_group_b_TKwkRcpA.json,118163,9663e771af06a7fe4d670b3c5fb74906a288ac6f644e03dc9f4ce853306c8342,s3://rii-data-dump/talabat/bronze/bronze/2026-07/04_enrichment_raw/Google_Place/apify/brands/popeyes/output/raw/dataset_20260706_143350_group_b_TKwkRcpA.json,bronze,04_enrichment_raw,2026-07,2026-09-23T18:10:37
Google_Place/tav/output/sample/sample_20260704_155726.json,117101,b49ca00074c10728b1cdef28ef7356b8d02fd0a4e9b427e3c86ac35f142740f6,s3://rii-data-dump/talabat/bronze/bronze/2026-07/04_enrichment_raw/Google_Place/tav/output/sample/sample_20260704_155726.json,bronze,04_enrichment_raw,2026-07,2026-09-23T18:10:37
Google_Place/map/output/NotYetSearched_Branches.csv,116600,9a9519910caf17c3944be5e4ef98f068214ad7119503688d3b5e755b4a612f45,s3://rii-data-dump/talabat/bronze/bronze/_cross_month/04_enrichment_raw/Google_Place/map/output/NotYetSearched_Branches.csv,bronze,04_enrichment_raw,_cross_month,2026-09-23T18:10:37
map_version2/new_york_fries/output/raw/dataset_20260706_143544_group_a_ryu1a9zG.json,116532,09b5ce1f88cbeb13e5ed50ea1f074e39dc36a38d737ebf1023eeab156783ad13,s3://rii-data-dump/talabat/silver/2026-07/05_classification/map_version2/new_york_fries/output/raw/dataset_20260706_143544_group_a_ryu1a9zG.json,silver,05_classification,2026-07,2026-09-23T18:10:37
Google_Place/apify/brands/new_york_fries/output/raw/dataset_20260706_143544_group_a_ryu1a9zG.json,116532,09b5ce1f88cbeb13e5ed50ea1f074e39dc36a38d737ebf1023eeab156783ad13,s3://rii-data-dump/talabat/bronze/bronze/2026-07/04_enrichment_raw/Google_Place/apify/brands/new_york_fries/output/raw/dataset_20260706_143544_group_a_ryu1a9zG.json,bronze,04_enrichment_raw,2026-07,2026-09-23T18:10:37
Google_Place/apify/brands/uae_retest_elakiya_chandrasekhar/output/raw/dataset_20260702_163457_group_4_bl4tdwOV.json,115725,de68817e16637f7ee4c23f7248d32d54fc6c75df34068cc437f0691bbd710e4f,s3://rii-data-dump/talabat/bronze/bronze/2026-07/04_enrichment_raw/Google_Place/apify/brands/uae_retest_elakiya_chandrasekhar/output/raw/dataset_20260702_163457_group_4_bl4tdwOV.json,bronze,04_enrichment_raw,2026-07,2026-09-23T18:10:37
Google_Place/tav/output/production/production_chunk_20260705_194538.jsonl,115614,023118df4b19a342334ec9544053964e27e5d4f9cc835c72b2df7af34f53a2a6,s3://rii-data-dump/talabat/bronze/bronze/2026-07/04_enrichment_raw/Google_Place/tav/output/production/production_chunk_20260705_194538.jsonl,bronze,04_enrichment_raw,2026-07,2026-09-23T18:10:37
Google_Place/tav/output/sample/sample_20260704_154004.json,115256,1c1d461d7ab0dcddd3f349429943294adbe9a6ff90ee535e3dbef7c4d43d9ac4,s3://rii-data-dump/talabat/bronze/bronze/2026-07/04_enrichment_raw/Google_Place/tav/output/sample/sample_20260704_154004.json,bronze,04_enrichment_raw,2026-07,2026-09-23T18:10:37
Google_Place/tav/output/sample/sample_20260704_160221.json,115142,43f43ad95c7da5e4ea001d4292f61d3d2d4405165a57ee2ea2a86daf12b32a63,s3://rii-data-dump/talabat/bronze/bronze/2026-07/04_enrichment_raw/Google_Place/tav/output/sample/sample_20260704_160221.json,bronze,04_enrichment_raw,2026-07,2026-09-23T18:10:37
map_version2/burger_king/output/BURGER_KING_UAE.json,112925,5f20cee0afb0c88fcaaf8564a823d2f99728bf119f695f030039bdc0e37095be,s3://rii-data-dump/talabat/silver/_cross_month/05_classification/map_version2/burger_king/output/BURGER_KING_UAE.json,silver,05_classification,_cross_month,2026-09-23T18:10:37
Google_Place/apify/brands/burger_king/output/BURGER_KING_UAE.json,112925,5f20cee0afb0c88fcaaf8564a823d2f99728bf119f695f030039bdc0e37095be,s3://rii-data-dump/talabat/bronze/bronze/_cross_month/04_enrichment_raw/Google_Place/apify/brands/burger_king/output/BURGER_KING_UAE.json,bronze,04_enrichment_raw,_cross_month,2026-09-23T18:10:37
listing_comparison/output/fallback_areafix_area_corrected.jsonl,112345,19a2a1f70d17023bbcd6cf1ba618ccad9cbd7005326a7999c9a1c13572b24127,s3://rii-data-dump/talabat/silver/_cross_month/01_listing_compare/listing_comparison/output/fallback_areafix_area_corrected.jsonl,silver,01_listing_compare,_cross_month,2026-09-23T18:10:37
Google_Place/tav/output/sample/sample_20260704_170700.jsonl,111260,1a6908e3ec93a5e119be8c06508d0c07acd6e69881e1fa7a5a5481bcb63f6923,s3://rii-data-dump/talabat/bronze/bronze/2026-07/04_enrichment_raw/Google_Place/tav/output/sample/sample_20260704_170700.jsonl,bronze,04_enrichment_raw,2026-07,2026-09-23T18:10:37
Google_Place/tav/output/sample/sample_20260704_171252.jsonl,110470,0ba3c6f03e0e38a38884cda7925cb4fb1ab53c5201bc966e78fee267663e5e5f,s3://rii-data-dump/talabat/bronze/bronze/2026-07/04_enrichment_raw/Google_Place/tav/output/sample/sample_20260704_171252.jsonl,bronze,04_enrichment_raw,2026-07,2026-09-23T18:10:37
images/data/september_logos/699385/logo.jpeg,108878,,s3://rii-data-dump/inside 2026-09 logos zip,gold,logos,2026-09,2026-09-23T18:10:37
Google_Place/apify/brands/uae_confirm_default/output/uae_confirm_default_processed.json,107613,ee74755013e0318991dca8b026593c5bb242a8874c0fbf0299817e9f96c59118,s3://rii-data-dump/talabat/bronze/bronze/_cross_month/04_enrichment_raw/Google_Place/apify/brands/uae_confirm_default/output/uae_confirm_default_processed.json,bronze,04_enrichment_raw,_cross_month,2026-09-23T18:10:37
data/urls/left_enriched.json,106233,1c518041e49bc146052aa3aaf5591c32c7bccead94a3736e7f13975b52999d67,s3://rii-data-dump/talabat/bronze/bronze/_cross_month/02_listings/data/urls/left_enriched.json,bronze,02_listings,_cross_month,2026-09-23T18:10:38
map_version2/german_doner_kebab/output/raw/dataset_20260706_143538_group_a_OfL0re26.json,104594,b431d8e53fb5f8857bcb9b269d1daa7cac76f5f7441bc43b9db1dc26e642a887,s3://rii-data-dump/talabat/silver/2026-07/05_classification/map_version2/german_doner_kebab/output/raw/dataset_20260706_143538_group_a_OfL0re26.json,silver,05_classification,2026-07,2026-09-23T18:10:38
Google_Place/apify/brands/german_doner_kebab/output/raw/dataset_20260706_143538_group_a_OfL0re26.json,104594,b431d8e53fb5f8857bcb9b269d1daa7cac76f5f7441bc43b9db1dc26e642a887,s3://rii-data-dump/talabat/bronze/bronze/2026-07/04_enrichment_raw/Google_Place/apify/brands/german_doner_kebab/output/raw/dataset_20260706_143538_group_a_OfL0re26.json,bronze,04_enrichment_raw,2026-07,2026-09-23T18:10:38
map_version2/KFC_UAE.csv,104336,001fbff57ed289ebdd8a5df4f489bbe20b7eb72a61a1c1ae45f00febcf6b45d4,s3://rii-data-dump/talabat/silver/_cross_month/05_classification/map_version2/KFC_UAE.csv,silver,05_classification,_cross_month,2026-09-23T18:10:39
Google_Place/apify/output/KFC_UAE.csv,104336,001fbff57ed289ebdd8a5df4f489bbe20b7eb72a61a1c1ae45f00febcf6b45d4,s3://rii-data-dump/talabat/bronze/bronze/_cross_month/04_enrichment_raw/Google_Place/apify/output/KFC_UAE.csv,bronze,04_enrichment_raw,_cross_month,2026-09-23T18:10:39
Google_Place/apify/brands/kfc/output/KFC_UAE.csv,104336,001fbff57ed289ebdd8a5df4f489bbe20b7eb72a61a1c1ae45f00febcf6b45d4,s3://rii-data-dump/talabat/bronze/bronze/_cross_month/04_enrichment_raw/Google_Place/apify/brands/kfc/output/KFC_UAE.csv,bronze,04_enrichment_raw,_cross_month,2026-09-23T18:10:39
apify/Apify_talabat/output/KFC_UAE.csv,104336,001fbff57ed289ebdd8a5df4f489bbe20b7eb72a61a1c1ae45f00febcf6b45d4,s3://rii-data-dump/talabat/bronze/bronze/_cross_month/04_enrichment_raw/apify/Apify_talabat/output/KFC_UAE.csv,bronze,04_enrichment_raw,_cross_month,2026-09-23T18:10:39
apify/Apify_talabat/brands/kfc/output/KFC_UAE.csv,104336,001fbff57ed289ebdd8a5df4f489bbe20b7eb72a61a1c1ae45f00febcf6b45d4,s3://rii-data-dump/talabat/bronze/bronze/_cross_month/04_enrichment_raw/apify/Apify_talabat/brands/kfc/output/KFC_UAE.csv,bronze,04_enrichment_raw,_cross_month,2026-09-23T18:10:39
images/data/september_logos/1115642/logo.jpeg,102565,,s3://rii-data-dump/inside 2026-09 logos zip,gold,logos,2026-09,2026-09-23T18:10:39
Google_Place/tav/output/sample/sample_20260704_154004.jsonl,102314,c98255b22a1b9831d07c3dd43340497801c1d1f001ae8b6f759ceabd43467b53,s3://rii-data-dump/talabat/bronze/bronze/2026-07/04_enrichment_raw/Google_Place/tav/output/sample/sample_20260704_154004.jsonl,bronze,04_enrichment_raw,2026-07,2026-09-23T18:10:39
Google_Place/apify/brands/vapiano/output/raw/dataset_20260708_202356_group_b_rqThufv7.json,101402,be4fb33d3313d61ec7d092a7da34c2825b5664b455e6a6ef7c91281679052bee,s3://rii-data-dump/talabat/bronze/bronze/2026-07/04_enrichment_raw/Google_Place/apify/brands/vapiano/output/raw/dataset_20260708_202356_group_b_rqThufv7.json,bronze,04_enrichment_raw,2026-07,2026-09-23T18:10:39
Google_Place/tav/output/sample/sample_20260704_154622.jsonl,101387,26810946c3807e4933f492f7b41bb2ccf2a18d25cd1301458ccffe0f44705835,s3://rii-data-dump/talabat/bronze/bronze/2026-07/04_enrichment_raw/Google_Place/tav/output/sample/sample_20260704_154622.jsonl,bronze,04_enrichment_raw,2026-07,2026-09-23T18:10:39
Google_Place/Google_map/output/results/DIY_Batch02_Matched_20260703_102756.json,101239,27166e48d3acc4b1a0b016ef5918059891ac25abdd9fd4828227554fe8dea710,s3://rii-data-dump/talabat/bronze/bronze/2026-07/04_enrichment_raw/Google_Place/Google_map/output/results/DIY_Batch02_Matched_20260703_102756.json,bronze,04_enrichment_raw,2026-07,2026-09-23T18:10:39
map_version2/output/Final_Chain_Branches.json,101039,054d10c72dcce6c371f6646e21f0e0734942b6f619f99a61564b60843bcb8846,s3://rii-data-dump/talabat/silver/_cross_month/05_classification/map_version2/output/Final_Chain_Branches.json,silver,05_classification,_cross_month,2026-09-23T18:10:39
Google_Place/map_v2/output/Final_Chain_Branches.json,101039,054d10c72dcce6c371f6646e21f0e0734942b6f619f99a61564b60843bcb8846,s3://rii-data-dump/talabat/bronze/bronze/_cross_month/04_enrichment_raw/Google_Place/map_v2/output/Final_Chain_Branches.json,bronze,04_enrichment_raw,_cross_month,2026-09-23T18:10:39
export/IT_Team_Location/output/mislabelled_locations.csv,100945,7d45d6a76a6215de02dd45997179caf98509c57f842ec28d4596b3302f6752f6,s3://rii-data-dump/talabat/gold/2026-07/exports/export/IT_Team_Location/output/mislabelled_locations.csv,gold,exports,2026-07,2026-09-23T18:10:39
images/data/september_logos/658605/logo.png,100224,,s3://rii-data-dump/inside 2026-09 logos zip,gold,logos,2026-09,2026-09-23T18:10:39
map_version2/tim_hortons/output/TIM_HORTONS_UAE.json,100078,4b567482f4fe12b09756f86679e33680125c41657c537205340d452a5dcf8bcb,s3://rii-data-dump/talabat/silver/_cross_month/05_classification/map_version2/tim_hortons/output/TIM_HORTONS_UAE.json,silver,05_classification,_cross_month,2026-09-23T18:10:39
Google_Place/apify/brands/tim_hortons/output/TIM_HORTONS_UAE.json,100078,4b567482f4fe12b09756f86679e33680125c41657c537205340d452a5dcf8bcb,s3://rii-data-dump/talabat/bronze/bronze/_cross_month/04_enrichment_raw/Google_Place/apify/brands/tim_hortons/output/TIM_HORTONS_UAE.json,bronze,04_enrichment_raw,_cross_month,2026-09-23T18:10:39
menu/data/reports/menu_delta_report_20260618_142237.xlsx,99595,123aa11b6343d5faf7efcb5544c452afbea96a570cb4faceb17a036e448889ee,s3://rii-data-dump/talabat/silver/2026-06/09_delta/menu/data/reports/menu_delta_report_20260618_142237.xlsx,silver,09_delta,2026-06,2026-09-23T18:10:39
map_version2/mcdonalds/output/MCDONALDS_UAE.csv,99026,5dc9d9ba47eee7fe9b90ea22a3990a00476db2094670e366355a91a3baf65513,s3://rii-data-dump/talabat/silver/_cross_month/05_classification/map_version2/mcdonalds/output/MCDONALDS_UAE.csv,silver,05_classification,_cross_month,2026-09-23T18:10:39
Google_Place/apify/brands/mcdonalds/output/MCDONALDS_UAE.csv,99026,5dc9d9ba47eee7fe9b90ea22a3990a00476db2094670e366355a91a3baf65513,s3://rii-data-dump/talabat/bronze/bronze/_cross_month/04_enrichment_raw/Google_Place/apify/brands/mcdonalds/output/MCDONALDS_UAE.csv,bronze,04_enrichment_raw,_cross_month,2026-09-23T18:10:39
Google_Place/tav/output/sample/sample_20260704_160641.jsonl,98941,77bdef2172fa10bdd38a55c92a59fa1d632b0ee74f54fec95003a2f2d9c77dd4,s3://rii-data-dump/talabat/bronze/bronze/2026-07/04_enrichment_raw/Google_Place/tav/output/sample/sample_20260704_160641.jsonl,bronze,04_enrichment_raw,2026-07,2026-09-23T18:10:39
Google_Place/apify/brands/nash_hot_chicken/output/raw/dataset_20260907_120723_group_a_RFj9532t.json,98405,b7f6495f32a2fc35458ad128a7c3508ec156da7f5f8b99fea163f3c7b60385e4,s3://rii-data-dump/talabat/bronze/bronze/2026-09/04_enrichment_raw/Google_Place/apify/brands/nash_hot_chicken/output/raw/dataset_20260907_120723_group_a_RFj9532t.json,bronze,04_enrichment_raw,2026-09,2026-09-23T18:10:39
Google_Place/tav/output/sample/sample_20260704_155726.jsonl,98017,97c9ff6e5636c939ac16caa17028465309806262b86d57282043296651436d20,s3://rii-data-dump/talabat/bronze/bronze/2026-07/04_enrichment_raw/Google_Place/tav/output/sample/sample_20260704_155726.jsonl,bronze,04_enrichment_raw,2026-07,2026-09-23T18:10:39
Google_Place/tav/output/sample/sample_20260704_160221.jsonl,97041,d578dc4c145853d4b802b0f8346cd36ba0778d42f75c5120917980a5fafa3d6d,s3://rii-data-dump/talabat/bronze/bronze/2026-07/04_enrichment_raw/Google_Place/tav/output/sample/sample_20260704_160221.jsonl,bronze,04_enrichment_raw,2026-07,2026-09-23T18:10:39
Google_Place/tav/output/sample/sample_20260704_181851.json,95996,1d9d0626d2a37d8552693aee1d2922a5128198ffbef6a9697d04c59205df4d3e,s3://rii-data-dump/talabat/bronze/bronze/2026-07/04_enrichment_raw/Google_Place/tav/output/sample/sample_20260704_181851.json,bronze,04_enrichment_raw,2026-07,2026-09-23T18:10:39
menu/data/reports/menu_delta_report_20260618_142129.xlsx,95448,5d192fbec154143d77ac3535ebf05861b3a6a3f6336f316bb8656e7a7ead3981,s3://rii-data-dump/talabat/silver/2026-06/09_delta/menu/data/reports/menu_delta_report_20260618_142129.xlsx,silver,09_delta,2026-06,2026-09-23T18:10:39
map_version2/local_map_cleaning_normalized.csv,94861,101eea27f7a17c37174f2d5b0332699a3c3375664f415d83cc6b391837053604,s3://rii-data-dump/talabat/silver/_cross_month/05_classification/map_version2/local_map_cleaning_normalized.csv,silver,05_classification,_cross_month,2026-09-23T18:10:40
map_version2/output/Final_NotSearched_Branches.csv,94568,3de3dff24d18816497d87e5d3691375f95347002c3d4472b2e5adf43b24c648b,s3://rii-data-dump/talabat/silver/_cross_month/05_classification/map_version2/output/Final_NotSearched_Branches.csv,silver,05_classification,_cross_month,2026-09-23T18:10:40
Google_Place/map_v2/output/Final_NotSearched_Branches.csv,94568,3de3dff24d18816497d87e5d3691375f95347002c3d4472b2e5adf43b24c648b,s3://rii-data-dump/talabat/bronze/bronze/_cross_month/04_enrichment_raw/Google_Place/map_v2/output/Final_NotSearched_Branches.csv,bronze,04_enrichment_raw,_cross_month,2026-09-23T18:10:40
Google_Place/apify/brands/hardees/output/HARDEES_UAE.json,94308,fa59abfb30cc596427fc44a9a8fac8640ca127eb0cf04770c8b9a302ce5385d4,s3://rii-data-dump/talabat/bronze/bronze/_cross_month/04_enrichment_raw/Google_Place/apify/brands/hardees/output/HARDEES_UAE.json,bronze,04_enrichment_raw,_cross_month,2026-09-23T18:10:40
area_classification/data/new_areas_approved.csv,94085,0719f7c0b3a2800911d782c739f06a64646b1b2470b00b3f9a327a1d8534ee22,s3://rii-data-dump/talabat/silver/2026-09/06_areas/area_classification/data/new_areas_approved.csv,silver,06_areas,2026-09,2026-09-23T18:10:40
Google_Place/tav/output/sample/sample_20260704_192928.json,94042,41055c818feb8c3203bd9a199a68c396ce4426d63238c868f25d460b9130da28,s3://rii-data-dump/talabat/bronze/bronze/2026-07/04_enrichment_raw/Google_Place/tav/output/sample/sample_20260704_192928.json,bronze,04_enrichment_raw,2026-07,2026-09-23T18:10:40
Google_Place/tav/output/sample/sample_20260704_193104.json,92865,a02e3069d8188b925bec5b243633e741309255921c10331a76ed7a7d2d357868,s3://rii-data-dump/talabat/bronze/bronze/2026-07/04_enrichment_raw/Google_Place/tav/output/sample/sample_20260704_193104.json,bronze,04_enrichment_raw,2026-07,2026-09-23T18:10:40
Google_Place/tav/output/sample/sample_20260704_192008.json,91566,dd565a60bfabaaa79706ddd18d1707e0cc54c3b1e0dbc934dead1bd3a3dc5753,s3://rii-data-dump/talabat/bronze/bronze/2026-07/04_enrichment_raw/Google_Place/tav/output/sample/sample_20260704_192008.json,bronze,04_enrichment_raw,2026-07,2026-09-23T18:10:40
september/data/zone_delta_202609.json,91560,46dbe6e59605bfd6ab2c28835c5aca265896c5fe555152679581be2730fc9572,s3://rii-data-dump/talabat/bronze/bronze/2026-09/01_zones/september/data/zone_delta_202609.json,bronze,01_zones,2026-09,2026-09-23T18:10:40
september/data/menus/ingredients_dropped_vs_file.csv,91250,9b03355249c9a2a50f56b0b05351ddef66e344f371dcacc3b2b1cf5c22e22de0,s3://rii-data-dump/talabat/silver/2026-09/02_sanitize/september/data/menus/ingredients_dropped_vs_file.csv,silver,02_sanitize,2026-09,2026-09-23T18:10:40
Google_Place/apify/brands/raising_canes/output/raw/dataset_20260907_120622_merged_all.json,90494,ef758d47328e2a74fa1a5704c155ede90c1d5d8d8dfce6a961a3ad887927e882,s3://rii-data-dump/talabat/bronze/bronze/2026-09/04_enrichment_raw/Google_Place/apify/brands/raising_canes/output/raw/dataset_20260907_120622_merged_all.json,bronze,04_enrichment_raw,2026-09,2026-09-23T18:10:40
unified/data/unified_202609_shared_place_links.csv,90374,35ee1a7075dab10a7c23b95d3e3beff8dc2d47a2b5371a3f6bc5700130b4c181,s3://rii-data-dump/talabat/silver/2026-09/08_validation/unified/data/unified_202609_shared_place_links.csv,silver,08_validation,2026-09,2026-09-23T18:10:40
Google_Place/tav/output/sample/sample_20260704_175952.json,88461,f3b249e8472578914b72a872ad9ddaa4d9ed40cbd1a075fc974b0a0949da7430,s3://rii-data-dump/talabat/bronze/bronze/2026-07/04_enrichment_raw/Google_Place/tav/output/sample/sample_20260704_175952.json,bronze,04_enrichment_raw,2026-07,2026-09-23T18:10:40
Google_Place/talabat_menu/urls.csv,87552,8fcd8eebe64628fef1daa881f18098ac0771a6c6159ab08fa0063307e77e5103,s3://rii-data-dump/talabat/bronze/bronze/_cross_month/04_enrichment_raw/Google_Place/talabat_menu/urls.csv,bronze,04_enrichment_raw,_cross_month,2026-09-23T18:10:40
apify/Apify_talabat/talabat_menu/urls.csv,87552,8fcd8eebe64628fef1daa881f18098ac0771a6c6159ab08fa0063307e77e5103,s3://rii-data-dump/talabat/bronze/bronze/_cross_month/04_enrichment_raw/apify/Apify_talabat/talabat_menu/urls.csv,bronze,04_enrichment_raw,_cross_month,2026-09-23T18:10:40
area_classification/data/city_mismatch_review.csv,85849,00de7db59b884e2b41138fcb0168aa102de911b610161d2be8095fa8cdebd2e7,s3://rii-data-dump/talabat/silver/2026-09/03_std_terms/review/area_classification/data/city_mismatch_review.csv,silver,03_std_terms/review,2026-09,2026-09-23T18:10:40
images/data/september_logos/1118621/logo.jpeg,85582,,s3://rii-data-dump/inside 2026-09 logos zip,gold,logos,2026-09,2026-09-23T18:10:40
september/data/sept_chain_ids.csv,85559,a43d4bce22eaccd2ae071033b526f513539ef09c158d09cc6b0dbc94c763605e,s3://rii-data-dump/talabat/silver/2026-09/05_classification/september/data/sept_chain_ids.csv,silver,05_classification,2026-09,2026-09-23T18:10:40
menu/classification/sample_output/sample_classified.xlsx,84949,f8f08b3870fc505b40dc33ed2b36812d1faa807067a90d906aee7c2e83402b00,s3://rii-data-dump/talabat/silver/2026-06/03_std_terms/menu/classification/sample_output/sample_classified.xlsx,silver,03_std_terms,2026-06,2026-09-23T18:10:40
Google_Place/apify/brands/uae_retest_venkatesh_bestha/output/raw/dataset_20260702_164302_group_4_D6V8KI8L.json,81670,1ab351b4d06830b8342b45a38fa21bf0d3e5846173dc8cd4324452414896e863,s3://rii-data-dump/talabat/bronze/bronze/2026-07/04_enrichment_raw/Google_Place/apify/brands/uae_retest_venkatesh_bestha/output/raw/dataset_20260702_164302_group_4_D6V8KI8L.json,bronze,04_enrichment_raw,2026-07,2026-09-23T18:10:40
Google_Place/tav/output/sample/sample_20260704_181851.jsonl,80794,ef52786e2844822e5a26be37e04f74c226177ab817e550409bf4091857603875,s3://rii-data-dump/talabat/bronze/bronze/2026-07/04_enrichment_raw/Google_Place/tav/output/sample/sample_20260704_181851.jsonl,bronze,04_enrichment_raw,2026-07,2026-09-23T18:10:40
menu/classification/sample_output/sample_classified_fixed.xlsx,80500,cd8d7c985928705e9ff10fca514808b69085d7591dc994a8eda0329d32fb89e8,s3://rii-data-dump/talabat/silver/2026-06/03_std_terms/menu/classification/sample_output/sample_classified_fixed.xlsx,silver,03_std_terms,2026-06,2026-09-23T18:10:40
Google_Place/apify/brands/baskin_robbins/output/BASKIN_ROBBINS_UAE.csv,80449,81dbf92ff523836252410c5f6137798424ed69e8d95c70f4bc87f3612dd360c1,s3://rii-data-dump/talabat/bronze/bronze/_cross_month/04_enrichment_raw/Google_Place/apify/brands/baskin_robbins/output/BASKIN_ROBBINS_UAE.csv,bronze,04_enrichment_raw,_cross_month,2026-09-23T18:10:40
Google_Place/tav/output/sample/sample_20260704_174127.csv,79700,b7193e0f1131796ac976fc1a5125f8bc88349213282387fec1432fbd413afe0d,s3://rii-data-dump/talabat/bronze/bronze/2026-07/04_enrichment_raw/Google_Place/tav/output/sample/sample_20260704_174127.csv,bronze,04_enrichment_raw,2026-07,2026-09-23T18:10:40
Google_Place/tav/output/sample/sample_20260704_192928.jsonl,79103,3ec7b9a22bff314a544c269a545243a2f8bbc4f624ccd7cee53550e783678465,s3://rii-data-dump/talabat/bronze/bronze/2026-07/04_enrichment_raw/Google_Place/tav/output/sample/sample_20260704_192928.jsonl,bronze,04_enrichment_raw,2026-07,2026-09-23T18:10:40
Google_Place/Google_map/output/results/DIY_Batch01_OtherEntities_20260702_222334.csv,78936,4155158f605aca4b515e7fa14596059ad36bdfa8728def8c5aa299cf10a596df,s3://rii-data-dump/talabat/bronze/bronze/2026-07/04_enrichment_raw/Google_Place/Google_map/output/results/DIY_Batch01_OtherEntities_20260702_222334.csv,bronze,04_enrichment_raw,2026-07,2026-09-23T18:10:40
images/data/september_logos/1114509/logo.jpg,78918,,s3://rii-data-dump/inside 2026-09 logos zip,gold,logos,2026-09,2026-09-23T18:10:40
Google_Place/tav/output/sample/sample_20260704_173703.csv,78776,7e8d9d6055634f6a2b0a6dda4eaeee2c3737b409abde024ccd5671045f93421d,s3://rii-data-dump/talabat/bronze/bronze/2026-07/04_enrichment_raw/Google_Place/tav/output/sample/sample_20260704_173703.csv,bronze,04_enrichment_raw,2026-07,2026-09-23T18:10:40
Google_Place/apify/brands/yellow_cab_pizza/output/raw/dataset_20260708_202256_merged_all.json,78720,a2fe982404961d542f77e78f2f2aee6de5367602e417a86462d9873adef18977,s3://rii-data-dump/talabat/bronze/bronze/2026-07/04_enrichment_raw/Google_Place/apify/brands/yellow_cab_pizza/output/raw/dataset_20260708_202256_merged_all.json,bronze,04_enrichment_raw,2026-07,2026-09-23T18:10:40
Google_Place/apify/brands/vapiano/output/raw/dataset_20260708_202326_group_a_TC2xEBMD.json,78532,6b813a63f85f75510f39fcf11d505205dc87f313762e4f4233a4b203bd73375f,s3://rii-data-dump/talabat/bronze/bronze/2026-07/04_enrichment_raw/Google_Place/apify/brands/vapiano/output/raw/dataset_20260708_202326_group_a_TC2xEBMD.json,bronze,04_enrichment_raw,2026-07,2026-09-23T18:10:40
Google_Place/tav/output/sample/sample_20260704_193104.jsonl,77966,4505569c5525faa5ce40585a64f629568aaa86c613140ba33abdca90dfe01271,s3://rii-data-dump/talabat/bronze/bronze/2026-07/04_enrichment_raw/Google_Place/tav/output/sample/sample_20260704_193104.jsonl,bronze,04_enrichment_raw,2026-07,2026-09-23T18:10:40
Google_Place/apify/brands/dominos/output/DOMINOS_UAE.json,76910,e066b412161839f6943a47df85f62e8d2c633d3f391329fa79183d1ebf94450e,s3://rii-data-dump/talabat/bronze/bronze/_cross_month/04_enrichment_raw/Google_Place/apify/brands/dominos/output/DOMINOS_UAE.json,bronze,04_enrichment_raw,_cross_month,2026-09-23T18:10:40
apify/Apify_talabat/brands/dominos/output/DOMINOS_UAE.json,76910,e066b412161839f6943a47df85f62e8d2c633d3f391329fa79183d1ebf94450e,s3://rii-data-dump/talabat/bronze/bronze/_cross_month/04_enrichment_raw/apify/Apify_talabat/brands/dominos/output/DOMINOS_UAE.json,bronze,04_enrichment_raw,_cross_month,2026-09-23T18:10:40
map_version2/pizza_hut/output/PIZZA_HUT_UAE.csv,76842,8a848a79717e4f83216302cc2c498245db1e3e75103cc81fbc28f6a7745d59a7,s3://rii-data-dump/talabat/silver/_cross_month/05_classification/map_version2/pizza_hut/output/PIZZA_HUT_UAE.csv,silver,05_classification,_cross_month,2026-09-23T18:10:40
Google_Place/apify/brands/pizza_hut/output/PIZZA_HUT_UAE.csv,76842,8a848a79717e4f83216302cc2c498245db1e3e75103cc81fbc28f6a7745d59a7,s3://rii-data-dump/talabat/bronze/bronze/_cross_month/04_enrichment_raw/Google_Place/apify/brands/pizza_hut/output/PIZZA_HUT_UAE.csv,bronze,04_enrichment_raw,_cross_month,2026-09-23T18:10:40
Google_Place/tav/output/sample/sample_20260704_192008.jsonl,76669,2a0ea4d8384cbdd010396b38e9f37e22fa03420ec4ac0b44624772e85a38cadb,s3://rii-data-dump/talabat/bronze/bronze/2026-07/04_enrichment_raw/Google_Place/tav/output/sample/sample_20260704_192008.jsonl,bronze,04_enrichment_raw,2026-07,2026-09-23T18:10:40
map_version2/caribou_coffee/output/CARIBOU_COFFEE_UAE.json,76125,e2cafbd47a1fc3075694eb5357cdf241244713fa7a0a8fdcbc37cfce06865984,s3://rii-data-dump/talabat/silver/_cross_month/05_classification/map_version2/caribou_coffee/output/CARIBOU_COFFEE_UAE.json,silver,05_classification,_cross_month,2026-09-23T18:10:40
Google_Place/apify/brands/caribou_coffee/output/CARIBOU_COFFEE_UAE.json,76125,e2cafbd47a1fc3075694eb5357cdf241244713fa7a0a8fdcbc37cfce06865984,s3://rii-data-dump/talabat/bronze/bronze/_cross_month/04_enrichment_raw/Google_Place/apify/brands/caribou_coffee/output/CARIBOU_COFFEE_UAE.json,bronze,04_enrichment_raw,_cross_month,2026-09-23T18:10:40
Google_Place/apify/brands/costa_coffee/output/COSTA_COFFEE_UAE.csv,74986,54c5c9e6c99a8cd1b5a8bda4414e2bbb28bb095d4b692b6de839a9019888c4a7,s3://rii-data-dump/talabat/bronze/bronze/_cross_month/04_enrichment_raw/Google_Place/apify/brands/costa_coffee/output/COSTA_COFFEE_UAE.csv,bronze,04_enrichment_raw,_cross_month,2026-09-23T18:10:40
map_version2/pret_a_manger/output/raw/dataset_20260706_143517_group_b_6pYhj9MY.json,74912,7172723628e6d9770a4d03daa8e93302f7cd27a9c5c17f32d398600f4d91d662,s3://rii-data-dump/talabat/silver/2026-07/05_classification/map_version2/pret_a_manger/output/raw/dataset_20260706_143517_group_b_6pYhj9MY.json,silver,05_classification,2026-07,2026-09-23T18:10:40
Google_Place/apify/brands/pret_a_manger/output/raw/dataset_20260706_143517_group_b_6pYhj9MY.json,74912,7172723628e6d9770a4d03daa8e93302f7cd27a9c5c17f32d398600f4d91d662,s3://rii-data-dump/talabat/bronze/bronze/2026-07/04_enrichment_raw/Google_Place/apify/brands/pret_a_manger/output/raw/dataset_20260706_143517_group_b_6pYhj9MY.json,bronze,04_enrichment_raw,2026-07,2026-09-23T18:10:40
map_version2/dunkin_donuts/output/DUNKIN_DONUTS_UAE.json,74656,ede34dc84e8066e85ad68dd05d3a12bdc23e93158306bdc391d9754646b48e4f,s3://rii-data-dump/talabat/silver/_cross_month/05_classification/map_version2/dunkin_donuts/output/DUNKIN_DONUTS_UAE.json,silver,05_classification,_cross_month,2026-09-23T18:10:40
Google_Place/apify/brands/dunkin_donuts/output/DUNKIN_DONUTS_UAE.json,74656,ede34dc84e8066e85ad68dd05d3a12bdc23e93158306bdc391d9754646b48e4f,s3://rii-data-dump/talabat/bronze/bronze/_cross_month/04_enrichment_raw/Google_Place/apify/brands/dunkin_donuts/output/DUNKIN_DONUTS_UAE.json,bronze,04_enrichment_raw,_cross_month,2026-09-23T18:10:40
images/data/september_logos/715094/logo.JPG,74110,,s3://rii-data-dump/inside 2026-09 logos zip,gold,logos,2026-09,2026-09-23T18:10:40
map_version2/costa_coffee/output/COSTA_COFFEE_UAE.csv,73881,e5c175bec9fb3813a9267acd2f6c36c8e60d936ce5003dc6378dd9b4349abb5f,s3://rii-data-dump/talabat/silver/_cross_month/05_classification/map_version2/costa_coffee/output/COSTA_COFFEE_UAE.csv,silver,05_classification,_cross_month,2026-09-23T18:10:40
Google_Place/tav/output/sample/sample_20260704_175952.jsonl,73645,3a61bfa4e731f4721df1fe6b28de2cdff83ddb04e6b9b73396aaba3722129881,s3://rii-data-dump/talabat/bronze/bronze/2026-07/04_enrichment_raw/Google_Place/tav/output/sample/sample_20260704_175952.jsonl,bronze,04_enrichment_raw,2026-07,2026-09-23T18:10:40
Google_Place/tav/output/sample/sample_20260704_172904.csv,73241,974cf6ea8ae25fdf2cdfdb6083524d04e37e40164e4835156f3b02bcc5c20abf,s3://rii-data-dump/talabat/bronze/bronze/2026-07/04_enrichment_raw/Google_Place/tav/output/sample/sample_20260704_172904.csv,bronze,04_enrichment_raw,2026-07,2026-09-23T18:10:40
export/ingredients_export.json,73210,893b4a6096ddce30f78f142e3890f5bffeec978e7952554626ed9c267a26c115,s3://rii-data-dump/talabat/gold/2026-07/exports/export/ingredients_export.json,gold,exports,2026-07,2026-09-23T18:10:40
map_version2/burger_fuel/output/raw/dataset_20260706_143444_group_b_EPTRoLhY.json,72958,5cfda9692d55c1109049c34ffa5d63c61e0cef05a3f7f1f6774eb3460d152b34,s3://rii-data-dump/talabat/silver/2026-07/05_classification/map_version2/burger_fuel/output/raw/dataset_20260706_143444_group_b_EPTRoLhY.json,silver,05_classification,2026-07,2026-09-23T18:10:40
Google_Place/apify/brands/burger_fuel/output/raw/dataset_20260706_143444_group_b_EPTRoLhY.json,72958,5cfda9692d55c1109049c34ffa5d63c61e0cef05a3f7f1f6774eb3460d152b34,s3://rii-data-dump/talabat/bronze/bronze/2026-07/04_enrichment_raw/Google_Place/apify/brands/burger_fuel/output/raw/dataset_20260706_143444_group_b_EPTRoLhY.json,bronze,04_enrichment_raw,2026-07,2026-09-23T18:10:40
images/data/august_checkpoint.json,71964,1cad0e99d8bd17071f1eab74cb8601819ec8906ba4c9fcb339843f5afe0385a0,s3://rii-data-dump/talabat/ops/2026-08/checkpoints/images/data/august_checkpoint.json,ops,checkpoints,2026-08,2026-09-23T18:10:40
August_classification/manual_address_updates.csv,70854,1d0c26c747b8eec325d76989b501046f1b4455415e6d410bf32ba2e375d16efb,s3://rii-data-dump/talabat/silver/2026-08/03_std_terms/review/August_classification/manual_address_updates.csv,silver,03_std_terms/review,2026-08,2026-09-23T18:10:40
export/IT_Team_Location/output/manual_stage_provenance.csv,70141,cd212ac12e7fad22d2b4e1cf1dec0ab0a1c91b09d3cd434e2dfb952412b98c9d,s3://rii-data-dump/talabat/gold/2026-07/exports/export/IT_Team_Location/output/manual_stage_provenance.csv,gold,exports,2026-07,2026-09-23T18:10:40
map_version2/subway/output/SUBWAY_UAE.csv,69479,a01eabd3af889f940d3e0c85e722c2bbbc8ed6505afe502d0522b0a75912d343,s3://rii-data-dump/talabat/silver/_cross_month/05_classification/map_version2/subway/output/SUBWAY_UAE.csv,silver,05_classification,_cross_month,2026-09-23T18:10:40
Google_Place/apify/brands/subway/output/SUBWAY_UAE.csv,69479,a01eabd3af889f940d3e0c85e722c2bbbc8ed6505afe502d0522b0a75912d343,s3://rii-data-dump/talabat/bronze/bronze/_cross_month/04_enrichment_raw/Google_Place/apify/brands/subway/output/SUBWAY_UAE.csv,bronze,04_enrichment_raw,_cross_month,2026-09-23T18:10:40
Google_Place/apify/brands/malak_al_tawouk/output/raw/dataset_20260907_120652_group_a_LGU6IUi3.json,68917,bdc7cb4214824b8c13d1608548d652ba68640a2e5cc88f85dc3df7509c07e25e,s3://rii-data-dump/talabat/bronze/bronze/2026-09/04_enrichment_raw/Google_Place/apify/brands/malak_al_tawouk/output/raw/dataset_20260907_120652_group_a_LGU6IUi3.json,bronze,04_enrichment_raw,2026-09,2026-09-23T18:10:40
Google_Place/apify/brands/daves_hot_chicken/output/raw/dataset_20260907_120553_group_b_t8HIHExa.json,68170,f4e54274b0df83689442549d1ca5e9cbfc15097678d95daab678421436672c12,s3://rii-data-dump/talabat/bronze/bronze/2026-09/04_enrichment_raw/Google_Place/apify/brands/daves_hot_chicken/output/raw/dataset_20260907_120553_group_b_t8HIHExa.json,bronze,04_enrichment_raw,2026-09,2026-09-23T18:10:40
area_classification/data/cache/new_area_verdicts.json,67947,c13cf2004427edd514b1c6de59c46a66a7c891e88332b7706ab341c3d76d15e4,s3://rii-data-dump/talabat/silver/2026-09/06_areas/area_classification/data/cache/new_area_verdicts.json,silver,06_areas,2026-09,2026-09-23T18:10:40
map_version2/new_york_fries/output/raw/dataset_20260706_143544_group_b_QZ1gHbPL.json,67515,4d78473c6eaaba83b0cb8ebe3553dcee3815bb987febcc76642b0c8c891ca16d,s3://rii-data-dump/talabat/silver/2026-07/05_classification/map_version2/new_york_fries/output/raw/dataset_20260706_143544_group_b_QZ1gHbPL.json,silver,05_classification,2026-07,2026-09-23T18:10:41
Google_Place/apify/brands/new_york_fries/output/raw/dataset_20260706_143544_group_b_QZ1gHbPL.json,67515,4d78473c6eaaba83b0cb8ebe3553dcee3815bb987febcc76642b0c8c891ca16d,s3://rii-data-dump/talabat/bronze/bronze/2026-07/04_enrichment_raw/Google_Place/apify/brands/new_york_fries/output/raw/dataset_20260706_143544_group_b_QZ1gHbPL.json,bronze,04_enrichment_raw,2026-07,2026-09-23T18:10:41
Google_Place/apify/brands/nandos/output/raw/dataset_20260907_120552_group_b_YT3ZAQDn.json,66389,c02cf69ce7d95ec9cb8671eb131e0de85406ef92b52e5ddc756f03450952ebd8,s3://rii-data-dump/talabat/bronze/bronze/2026-09/04_enrichment_raw/Google_Place/apify/brands/nandos/output/raw/dataset_20260907_120552_group_b_YT3ZAQDn.json,bronze,04_enrichment_raw,2026-09,2026-09-23T18:10:41
listing_comparison/output/fallback_areafix_area_corrected.csv,65751,85221767c894d6a4e5217c9d9e337cc169fd354969542ec5e5320a2088fc2d5a,s3://rii-data-dump/talabat/silver/_cross_month/01_listing_compare/listing_comparison/output/fallback_areafix_area_corrected.csv,silver,01_listing_compare,_cross_month,2026-09-23T18:10:41
map_version2/burger_fuel/output/raw/dataset_20260706_143515_group_a_Mg38bfVD.json,64774,f7a5dd996780d3733ea4eff8d25b00f86e46ee2be66c86fb9de1f1114a150bc7,s3://rii-data-dump/talabat/silver/2026-07/05_classification/map_version2/burger_fuel/output/raw/dataset_20260706_143515_group_a_Mg38bfVD.json,silver,05_classification,2026-07,2026-09-23T18:10:41
Google_Place/apify/brands/burger_fuel/output/raw/dataset_20260706_143515_group_a_Mg38bfVD.json,64774,f7a5dd996780d3733ea4eff8d25b00f86e46ee2be66c86fb9de1f1114a150bc7,s3://rii-data-dump/talabat/bronze/bronze/2026-07/04_enrichment_raw/Google_Place/apify/brands/burger_fuel/output/raw/dataset_20260706_143515_group_a_Mg38bfVD.json,bronze,04_enrichment_raw,2026-07,2026-09-23T18:10:41
August_menu/data/area_city_cache.json,63495,9fdd6342ee5bbbdff2705f7d9e1d05c30467097af00e64a68233752354a5e01e,s3://rii-data-dump/talabat/silver/2026-08/02_sanitize/August_menu/data/area_city_cache.json,silver,02_sanitize,2026-08,2026-09-23T18:10:41
images/data/september_logos/777245/logo.jpg,62995,,s3://rii-data-dump/inside 2026-09 logos zip,gold,logos,2026-09,2026-09-23T18:10:41
map_version2/burger_king/output/BURGER_KING_UAE.csv,62416,10df0b263f8b7260ffd1e6758a4c29490294120ee574c0a221975440e42afffe,s3://rii-data-dump/talabat/silver/_cross_month/05_classification/map_version2/burger_king/output/BURGER_KING_UAE.csv,silver,05_classification,_cross_month,2026-09-23T18:10:41
Google_Place/apify/brands/burger_king/output/BURGER_KING_UAE.csv,62416,10df0b263f8b7260ffd1e6758a4c29490294120ee574c0a221975440e42afffe,s3://rii-data-dump/talabat/bronze/bronze/_cross_month/04_enrichment_raw/Google_Place/apify/brands/burger_king/output/BURGER_KING_UAE.csv,bronze,04_enrichment_raw,_cross_month,2026-09-23T18:10:41
Google_Place/apify/brands/raising_canes/output/raw/dataset_20260907_120622_group_a_XL9Z2bnY.json,61752,09813b2ffc13337aaf0f8b3b7321bd7dc95952e4d2bce5f0070788f9e28777dd,s3://rii-data-dump/talabat/bronze/bronze/2026-09/04_enrichment_raw/Google_Place/apify/brands/raising_canes/output/raw/dataset_20260907_120622_group_a_XL9Z2bnY.json,bronze,04_enrichment_raw,2026-09,2026-09-23T18:10:41
Google_Place/Google_map/output/results/DIY_Batch02_Matched_20260703_102756.csv,61628,b181d4456d3b690f83786e30ca400965fcd6a395c6c00ba4719c517f9cb57328,s3://rii-data-dump/talabat/bronze/bronze/2026-07/04_enrichment_raw/Google_Place/Google_map/output/results/DIY_Batch02_Matched_20260703_102756.csv,bronze,04_enrichment_raw,2026-07,2026-09-23T18:10:41
images/data/september_logos/646864/logo.jpeg,61621,,s3://rii-data-dump/inside 2026-09 logos zip,gold,logos,2026-09,2026-09-23T18:10:41
export/IT_Team_Location/cache/tavily_area_cache.json,61515,52d54093d13730c6a974c8145556b01a2264b14afa8301cc9100f3adb4c157b4,s3://rii-data-dump/talabat/gold/2026-07/exports/export/IT_Team_Location/cache/tavily_area_cache.json,gold,exports,2026-07,2026-09-23T18:10:41
Google_Place/tav/output/production/production_chunk_20260705_194538.csv,60623,93c6de9881056e5412b57849894a289be980e4d9f24d39893db410383dd5848c,s3://rii-data-dump/talabat/bronze/bronze/2026-07/04_enrichment_raw/Google_Place/tav/output/production/production_chunk_20260705_194538.csv,bronze,04_enrichment_raw,2026-07,2026-09-23T18:10:41
Google_Place/tav/output/platform_scrape/enrichment_20260704_173309.json,59049,779b1074667737df91b914eebe688d0032f9d4e40e8825f0b145fa37ebd33055,s3://rii-data-dump/talabat/bronze/bronze/2026-07/04_enrichment_raw/Google_Place/tav/output/platform_scrape/enrichment_20260704_173309.json,bronze,04_enrichment_raw,2026-07,2026-09-23T18:10:41
Google_Place/tav/output/platform_scrape/enrichment_20260704_174528.json,58978,41d0b1caff7f914439fb28c24b0daeff6101ae847f0a48fbbba80ef6e211ea2b,s3://rii-data-dump/talabat/bronze/bronze/2026-07/04_enrichment_raw/Google_Place/tav/output/platform_scrape/enrichment_20260704_174528.json,bronze,04_enrichment_raw,2026-07,2026-09-23T18:10:41
data/urls/left_enriched.csv,58881,4ad0a2a6446aad48ca0bfeaefa556d655d8d0c8c91172b92ab39c0197186164e,s3://rii-data-dump/talabat/bronze/bronze/_cross_month/02_listings/data/urls/left_enriched.csv,bronze,02_listings,_cross_month,2026-09-23T18:10:41
August_menu/data/checkpoint.json,58763,a083e415209175415d174b15ef926df14a7bbed5bde27f27cc79440d8072fc41,s3://rii-data-dump/talabat/ops/2026-08/checkpoints/August_menu/data/checkpoint.json,ops,checkpoints,2026-08,2026-09-23T18:10:41
listing_scraper/smoke_results/area_priority.csv,58039,d946889e72b445c9f62c42193b5a2ba23243b0afa7f3a9ed79eda412c3a794e0,s3://rii-data-dump/talabat/bronze/bronze/_cross_month/01_zones/listing_scraper/smoke_results/area_priority.csv,bronze,01_zones,_cross_month,2026-09-23T18:10:41
address_audit/data/area_fallback_fix_applied.csv,57985,2bc7a439dbb4ea69f4183e137693a2a4c0a84592b41239e5cea2396b60beec95,s3://rii-data-dump/talabat/silver/2026-09/07_addresses/address_audit/data/area_fallback_fix_applied.csv,silver,07_addresses,2026-09,2026-09-23T18:10:41
Google_Place/tav/output/sample/sample_20260704_154004.csv,57668,943ece4dc119b45d39f558218394c6cfad5594d4f70fea172cbcd5c1f53c1631,s3://rii-data-dump/talabat/bronze/bronze/2026-07/04_enrichment_raw/Google_Place/tav/output/sample/sample_20260704_154004.csv,bronze,04_enrichment_raw,2026-07,2026-09-23T18:10:41
Google_Place/apify/brands/daves_hot_chicken/output/raw/dataset_20260907_120653_group_a_XV2xrT8A.json,57322,b225a876fe2613698a3999860293319f90968cf8357332af2d7dbc7329d7f9e1,s3://rii-data-dump/talabat/bronze/bronze/2026-09/04_enrichment_raw/Google_Place/apify/brands/daves_hot_chicken/output/raw/dataset_20260907_120653_group_a_XV2xrT8A.json,bronze,04_enrichment_raw,2026-09,2026-09-23T18:10:41
Google_Place/apify/brands/local/output/LOCAL_UAE_COMPLETE_COVERAGE.xlsx,57014,5665446e73f2eb303c473dac47ece22b1fcdc2be8d43e25d1b1171bb3805a3c2,s3://rii-data-dump/talabat/bronze/bronze/_cross_month/04_enrichment_raw/Google_Place/apify/brands/local/output/LOCAL_UAE_COMPLETE_COVERAGE.xlsx,bronze,04_enrichment_raw,_cross_month,2026-09-23T18:10:41
apify/Apify_talabat/brands/local/output/LOCAL_UAE_COMPLETE_COVERAGE.xlsx,57014,5665446e73f2eb303c473dac47ece22b1fcdc2be8d43e25d1b1171bb3805a3c2,s3://rii-data-dump/talabat/bronze/bronze/_cross_month/04_enrichment_raw/apify/Apify_talabat/brands/local/output/LOCAL_UAE_COMPLETE_COVERAGE.xlsx,bronze,04_enrichment_raw,_cross_month,2026-09-23T18:10:41
Google_Place/tav/output/sample/sample_20260704_170700.csv,56949,c37c5ab9a800369890bc393d984434a076ed7196139cc1a4f723ebf863df996e,s3://rii-data-dump/talabat/bronze/bronze/2026-07/04_enrichment_raw/Google_Place/tav/output/sample/sample_20260704_170700.csv,bronze,04_enrichment_raw,2026-07,2026-09-23T18:10:41
Google_Place/tav/output/sample/sample_20260704_154622.csv,56545,a7ec191752f4dcc53d272e40c594c00a6893fc09694067daf87d2a83478d12da,s3://rii-data-dump/talabat/bronze/bronze/2026-07/04_enrichment_raw/Google_Place/tav/output/sample/sample_20260704_154622.csv,bronze,04_enrichment_raw,2026-07,2026-09-23T18:10:41
Google_Place/apify/brands/uae_confirm_default/output/uae_confirm_default_processed.csv,56537,a2a9fafd233c9b7bc988d2df0ed5122911b26dff129354287261a6fd1e8603b9,s3://rii-data-dump/talabat/bronze/bronze/_cross_month/04_enrichment_raw/Google_Place/apify/brands/uae_confirm_default/output/uae_confirm_default_processed.csv,bronze,04_enrichment_raw,_cross_month,2026-09-23T18:10:41
Google_Place/tav/output/sample/sample_20260704_171252.csv,56224,bbf9aa5e7d139de8448d7fed4d75cddaea2959d51b6d4bc1569696f0c720a443,s3://rii-data-dump/talabat/bronze/bronze/2026-07/04_enrichment_raw/Google_Place/tav/output/sample/sample_20260704_171252.csv,bronze,04_enrichment_raw,2026-07,2026-09-23T18:10:41
menu/data/reports/menu_delta_report_20260618_142329.xlsx,56219,7649e2f2e33b2cdc310b798eab61d6e70f4f667413ebacd4f193b87b263bb7eb,s3://rii-data-dump/talabat/silver/2026-06/09_delta/menu/data/reports/menu_delta_report_20260618_142329.xlsx,silver,09_delta,2026-06,2026-09-23T18:10:41
images/data/september_logos/684293/logo.jpeg,55945,,s3://rii-data-dump/inside 2026-09 logos zip,gold,logos,2026-09,2026-09-23T18:10:41
Google_Place/tav/output/sample/sample_20260704_160641.csv,55639,b3826501639230a84f9d58b95ec8d373efb33fbbb6b83fc3df727662c8755efd,s3://rii-data-dump/talabat/bronze/bronze/2026-07/04_enrichment_raw/Google_Place/tav/output/sample/sample_20260704_160641.csv,bronze,04_enrichment_raw,2026-07,2026-09-23T18:10:41
Google_Place/apify/brands/malak_al_tawouk/output/raw/dataset_20260907_120552_group_b_TJL5sdM1.json,55520,3b44b80cf408a6584f51ac69c8b5af5026617279dc42b0a661d30ea412b31ee6,s3://rii-data-dump/talabat/bronze/bronze/2026-09/04_enrichment_raw/Google_Place/apify/brands/malak_al_tawouk/output/raw/dataset_20260907_120552_group_b_TJL5sdM1.json,bronze,04_enrichment_raw,2026-09,2026-09-23T18:10:41
map_version2/pret_a_manger/output/raw/dataset_20260706_143447_group_a_kwuPVWLm.json,54651,8c54e7c9025a14df442792c5ef605cf835d3f432e3c7214ff380cefa512b7dd2,s3://rii-data-dump/talabat/silver/2026-07/05_classification/map_version2/pret_a_manger/output/raw/dataset_20260706_143447_group_a_kwuPVWLm.json,silver,05_classification,2026-07,2026-09-23T18:10:41
Google_Place/tav/output/sample/sample_20260704_155726.csv,54651,d8198269d76c2c87c8643dc3b5d5d7ebc7e981feda09284811ea10a03a5ef64a,s3://rii-data-dump/talabat/bronze/bronze/2026-07/04_enrichment_raw/Google_Place/tav/output/sample/sample_20260704_155726.csv,bronze,04_enrichment_raw,2026-07,2026-09-23T18:10:41
Google_Place/apify/brands/pret_a_manger/output/raw/dataset_20260706_143447_group_a_kwuPVWLm.json,54651,8c54e7c9025a14df442792c5ef605cf835d3f432e3c7214ff380cefa512b7dd2,s3://rii-data-dump/talabat/bronze/bronze/2026-07/04_enrichment_raw/Google_Place/apify/brands/pret_a_manger/output/raw/dataset_20260706_143447_group_a_kwuPVWLm.json,bronze,04_enrichment_raw,2026-07,2026-09-23T18:10:41
images/data/september_logos/759257/logo.jpeg,54385,,s3://rii-data-dump/inside 2026-09 logos zip,gold,logos,2026-09,2026-09-23T18:10:41
map_version2/wendys/output/raw/dataset_20260706_143351_group_b_gsw601hJ.json,53893,ce20265633408d4ba6f9756937b16c2f2bd79426ce3475201fc41a0feada3dca,s3://rii-data-dump/talabat/silver/2026-07/05_classification/map_version2/wendys/output/raw/dataset_20260706_143351_group_b_gsw601hJ.json,silver,05_classification,2026-07,2026-09-23T18:10:41
Google_Place/apify/brands/wendys/output/raw/dataset_20260706_143351_group_b_gsw601hJ.json,53893,ce20265633408d4ba6f9756937b16c2f2bd79426ce3475201fc41a0feada3dca,s3://rii-data-dump/talabat/bronze/bronze/2026-07/04_enrichment_raw/Google_Place/apify/brands/wendys/output/raw/dataset_20260706_143351_group_b_gsw601hJ.json,bronze,04_enrichment_raw,2026-07,2026-09-23T18:10:41
images/data/september_logos/1118336/logo.jpeg,53709,,s3://rii-data-dump/inside 2026-09 logos zip,gold,logos,2026-09,2026-09-23T18:10:41
map_version2/tim_hortons/output/TIM_HORTONS_UAE.csv,53251,1cc3087b727a127e0ec599b958bdb8c00e41334aec2bdddc031cdd953322cb51,s3://rii-data-dump/talabat/silver/_cross_month/05_classification/map_version2/tim_hortons/output/TIM_HORTONS_UAE.csv,silver,05_classification,_cross_month,2026-09-23T18:10:41
Google_Place/apify/brands/tim_hortons/output/TIM_HORTONS_UAE.csv,53251,1cc3087b727a127e0ec599b958bdb8c00e41334aec2bdddc031cdd953322cb51,s3://rii-data-dump/talabat/bronze/bronze/_cross_month/04_enrichment_raw/Google_Place/apify/brands/tim_hortons/output/TIM_HORTONS_UAE.csv,bronze,04_enrichment_raw,_cross_month,2026-09-23T18:10:41
Google_Place/tav/output/sample/sample_20260704_160221.csv,52098,a10674b5d1de70cc9e1053fff6a092cc0156068668c1756116f15dbd292f8ea0,s3://rii-data-dump/talabat/bronze/bronze/2026-07/04_enrichment_raw/Google_Place/tav/output/sample/sample_20260704_160221.csv,bronze,04_enrichment_raw,2026-07,2026-09-23T18:10:41
Google_Place/apify/brands/uae_retest_elakiya_chandrasekhar/input.json,52015,4ccb1ed8f005ebf455adfe469732acd8d81a83f20782feecb7e40f7e51515a0d,s3://rii-data-dump/talabat/bronze/bronze/_cross_month/04_enrichment_raw/Google_Place/apify/brands/uae_retest_elakiya_chandrasekhar/input.json,bronze,04_enrichment_raw,_cross_month,2026-09-23T18:10:41
Google_Place/apify/brands/uae_retest_venkatesh_bestha/input.json,51441,9884c73496851e90ee3367aed9a85131ad006102dcebb8e6896282d06d19e5aa,s3://rii-data-dump/talabat/bronze/bronze/_cross_month/04_enrichment_raw/Google_Place/apify/brands/uae_retest_venkatesh_bestha/input.json,bronze,04_enrichment_raw,_cross_month,2026-09-23T18:10:41
Google_Place/apify/brands/uae_retest_ravi_chandra/input.json,51395,fbfad58299c47aa75787617de30ad67717aa972f11da9511fa3bf75e80f2decf,s3://rii-data-dump/talabat/bronze/bronze/_cross_month/04_enrichment_raw/Google_Place/apify/brands/uae_retest_ravi_chandra/input.json,bronze,04_enrichment_raw,_cross_month,2026-09-23T18:10:41
Google_Place/apify/brands/uae_retest_thejas_k_sabu/input.json,51306,00e32326580641d26faa4f990936fd5ac17be9d67a1014b490f86c46a381aee8,s3://rii-data-dump/talabat/bronze/bronze/_cross_month/04_enrichment_raw/Google_Place/apify/brands/uae_retest_thejas_k_sabu/input.json,bronze,04_enrichment_raw,_cross_month,2026-09-23T18:10:41
listing_scraper/smoke_results/area_probe_ranked.csv,50991,f5190085d44cb1694fc419f311d58288672fa6c646e2f4ecb5978dcbfb3ed42f,s3://rii-data-dump/talabat/bronze/bronze/_cross_month/01_zones/listing_scraper/smoke_results/area_probe_ranked.csv,bronze,01_zones,_cross_month,2026-09-23T18:10:41
address_audit/data/fallback_branches_to_fetch.csv,50796,480c016b1f58418787d650c457a420d86dd473c33f51d4e3eee6c419fba128f4,s3://rii-data-dump/talabat/silver/2026-09/07_addresses/address_audit/data/fallback_branches_to_fetch.csv,silver,07_addresses,2026-09,2026-09-23T18:10:41
images/data/september_logos/1106766/logo.jpg,50292,,s3://rii-data-dump/inside 2026-09 logos zip,gold,logos,2026-09,2026-09-23T18:10:41
Google_Place/apify/brands/hardees/output/HARDEES_UAE.csv,49273,3f6753ecafc934a03d6082036cc8bf6732eec8804cbceaa88b57c36eba70e2be,s3://rii-data-dump/talabat/bronze/bronze/_cross_month/04_enrichment_raw/Google_Place/apify/brands/hardees/output/HARDEES_UAE.csv,bronze,04_enrichment_raw,_cross_month,2026-09-23T18:10:41
ingredients/ING_TAXONOMY.csv,49224,f95fbaeebdc7327e411940efa99659d87a1286005dad2c645b6c0cdfd9fd2b32,s3://rii-data-dump/talabat/silver/_cross_month/04_ingredients/ingredients/ING_TAXONOMY.csv,silver,04_ingredients,_cross_month,2026-09-23T18:10:41
images/data/september_logos/1119884/logo.jpg,48866,,s3://rii-data-dump/inside 2026-09 logos zip,gold,logos,2026-09,2026-09-23T18:10:41
Google_Place/apify/brands/texas_chicken/output/TEXAS_CHICKEN_UAE.json,48406,0d035d0edd586ee1398959a59eaf6c200461f55cc822f35d082e1ae4cf2729aa,s3://rii-data-dump/talabat/bronze/bronze/_cross_month/04_enrichment_raw/Google_Place/apify/brands/texas_chicken/output/TEXAS_CHICKEN_UAE.json,bronze,04_enrichment_raw,_cross_month,2026-09-23T18:10:41
menu/data/entity_resolution/matched_results_20260618_193722.csv,47737,0b7e5e34030b9d1196901324fc266342dc30d08023652a8caba7b22f14a96fab,s3://rii-data-dump/talabat/silver/2026-06/05_classification/menu/data/entity_resolution/matched_results_20260618_193722.csv,silver,05_classification,2026-06,2026-09-23T18:10:41
menu/data/entity_resolution/matched_results_20260618_194011.csv,47737,0b7e5e34030b9d1196901324fc266342dc30d08023652a8caba7b22f14a96fab,s3://rii-data-dump/talabat/silver/2026-06/05_classification/menu/data/entity_resolution/matched_results_20260618_194011.csv,silver,05_classification,2026-06,2026-09-23T18:10:41
area_classification/data/recovered_nulls.json,47723,1d1c663ef7c64b4215fcc8c5950806550ea2c26fbc73c8c14c2ff80541c37a90,s3://rii-data-dump/talabat/silver/2026-09/06_areas/area_classification/data/recovered_nulls.json,silver,06_areas,2026-09,2026-09-23T18:10:41
data/urls/talabat_restaurant_urls_sep_checkpoint.json,47529,30fa6154f64c63108ace567b5be65beada02f74f5ccd4523bf8126038f461ed6,s3://rii-data-dump/talabat/bronze/bronze/2026-09/02_listings/data/urls/talabat_restaurant_urls_sep_checkpoint.json,bronze,02_listings,2026-09,2026-09-23T18:10:41
menu_refresh/data/refresh_202609/smoke/restaurant_status.jsonl,47212,ec07cef108d03e5d630bd5400806c37f00f4db9e13896446344ac59d74a9fcc4,s3://rii-data-dump/talabat/silver/2026-09/09_delta/menu_refresh/data/refresh_202609/smoke/restaurant_status.jsonl,silver,09_delta,2026-09,2026-09-23T18:10:41
CITY-URLS.csv,46966,ee481c54b05682b97d91fc057576cf5063cc9c8ad8d0fbf1a14d78e896024b6b,s3://rii-data-dump/talabat/silver/_cross_month/00_working_files/CITY-URLS.csv,silver,00_working_files,_cross_month,2026-09-23T18:10:41
export/issue/issue-2.csv,46556,a62acd8f98bf1ffe399507e86608cfdc14fa5a9752ae845286e28c15abd1e18b,s3://rii-data-dump/talabat/gold/2026-07/exports/export/issue/issue-2.csv,gold,exports,2026-07,2026-09-23T18:10:41
tavily/cache/cuisine_autosave.json,46485,ddc8fe12a86f5402d04a08d6b96713a5a570fa08a979c61994a658d1f62ffee6,s3://rii-data-dump/talabat/bronze/bronze/_cross_month/04_enrichment_raw/tavily/cache/cuisine_autosave.json,bronze,04_enrichment_raw,_cross_month,2026-09-23T18:10:41
Google_Place/apify/brands/uae_fast_default_15/input.json,46287,14d28241b82a04905c2010b6b1e9e5c36d2114ed690c4ebab10dcac1cb3674a4,s3://rii-data-dump/talabat/bronze/bronze/_cross_month/04_enrichment_raw/Google_Place/apify/brands/uae_fast_default_15/input.json,bronze,04_enrichment_raw,_cross_month,2026-09-23T18:10:41
Google_Place/output/OUTPUT.json,46211,ef130af46ac7dd4db38649f32d0800f23466cfba3a8b602a0eb68bf6972e5baf,s3://rii-data-dump/talabat/bronze/bronze/_cross_month/04_enrichment_raw/Google_Place/output/OUTPUT.json,bronze,04_enrichment_raw,_cross_month,2026-09-23T18:10:41
Google_Place/apify/brands/uae_fast_default_17/input.json,46188,1b9e9ad8b1d41a4d2f601138108c025ad6aa0bc3668a0a9800ee6d7011e1b739,s3://rii-data-dump/talabat/bronze/bronze/_cross_month/04_enrichment_raw/Google_Place/apify/brands/uae_fast_default_17/input.json,bronze,04_enrichment_raw,_cross_month,2026-09-23T18:10:41
Google_Place/apify/brands/uae_fast_default_14/input.json,46166,2072da95d708de99753186c06e57f02c694ff467a1e556f30ac2c016361e1a2b,s3://rii-data-dump/talabat/bronze/bronze/_cross_month/04_enrichment_raw/Google_Place/apify/brands/uae_fast_default_14/input.json,bronze,04_enrichment_raw,_cross_month,2026-09-23T18:10:41
menu_refresh/data/smoke/menu_items.jsonl,46165,08b42dc3cb52ddc57e14c1abaf2e3e6908047deee4ebaf0c78cfe443f6684e53,s3://rii-data-dump/talabat/silver/2026-08/09_delta/menu_refresh/data/smoke/menu_items.jsonl,silver,09_delta,2026-08,2026-09-23T18:10:41
Google_Place/apify/brands/uae_fast_default_12/input.json,46091,40a52d954eaf160649da1499abda2fcb402251e95a0896c81a33dbcf16b3b443,s3://rii-data-dump/talabat/bronze/bronze/_cross_month/04_enrichment_raw/Google_Place/apify/brands/uae_fast_default_12/input.json,bronze,04_enrichment_raw,_cross_month,2026-09-23T18:10:41
Google_Place/apify/brands/uae_fast_default_11/input.json,46068,bc36273e2293c40c4ee65ea8bd5764d0519b314953f2e1b658bcc4523ecfd6be,s3://rii-data-dump/talabat/bronze/bronze/_cross_month/04_enrichment_raw/Google_Place/apify/brands/uae_fast_default_11/input.json,bronze,04_enrichment_raw,_cross_month,2026-09-23T18:10:41
Google_Place/apify/brands/uae_fast_default_13/input.json,46018,c719bdfe628917753807bdd6f9edfdcf69d912be55243d09d4b16a2552c593fa,s3://rii-data-dump/talabat/bronze/bronze/_cross_month/04_enrichment_raw/Google_Place/apify/brands/uae_fast_default_13/input.json,bronze,04_enrichment_raw,_cross_month,2026-09-23T18:10:41
images/data/september_logos/600230/logo.jpg,45975,,s3://rii-data-dump/inside 2026-09 logos zip,gold,logos,2026-09,2026-09-23T18:10:41
Google_Place/apify/brands/uae_fast_default_10/input.json,45840,3e0db8f87d2cc7497a80aaf7cd318acd286d7ff8e4135a90c16e5c45528fe237,s3://rii-data-dump/talabat/bronze/bronze/_cross_month/04_enrichment_raw/Google_Place/apify/brands/uae_fast_default_10/input.json,bronze,04_enrichment_raw,_cross_month,2026-09-23T18:10:41
Google_Place/apify/brands/uae_fast_default_16/input.json,45829,a4c3706952b9f893f38735d65a36f0db3aa0896d5ea2c2f14da03c7f4d99c99f,s3://rii-data-dump/talabat/bronze/bronze/_cross_month/04_enrichment_raw/Google_Place/apify/brands/uae_fast_default_16/input.json,bronze,04_enrichment_raw,_cross_month,2026-09-23T18:10:41
Google_Place/apify/brands/uae_fast_default_08/input.json,45682,47327c840d0aef52f04f3c09b569f9afb613dc8bb8152277f4c2802a48f534d2,s3://rii-data-dump/talabat/bronze/bronze/_cross_month/04_enrichment_raw/Google_Place/apify/brands/uae_fast_default_08/input.json,bronze,04_enrichment_raw,_cross_month,2026-09-23T18:10:41
Google_Place/apify/brands/uae_fast_default_07/input.json,45613,2715589598917bc6efaf67c3d02c0969246bc9cd731880fbf372694568a2bd5d,s3://rii-data-dump/talabat/bronze/bronze/_cross_month/04_enrichment_raw/Google_Place/apify/brands/uae_fast_default_07/input.json,bronze,04_enrichment_raw,_cross_month,2026-09-23T18:10:41
Google_Place/apify/brands/uae_fast_default_18/input.json,45410,60f37bacd749f3747505586b5fad1f5e579ab8365e7805bb7d2e9376f8ae5b46,s3://rii-data-dump/talabat/bronze/bronze/_cross_month/04_enrichment_raw/Google_Place/apify/brands/uae_fast_default_18/input.json,bronze,04_enrichment_raw,_cross_month,2026-09-23T18:10:41
Google_Place/apify/brands/uae_fast_default_09/input.json,45335,6957206bb0f18208238b4b0e59088852a000c689656e2521342ebd312792bda1,s3://rii-data-dump/talabat/bronze/bronze/_cross_month/04_enrichment_raw/Google_Place/apify/brands/uae_fast_default_09/input.json,bronze,04_enrichment_raw,_cross_month,2026-09-23T18:10:41
Google_Place/tav/output/sample/sample_20260704_181851.csv,45056,e7581b905b483ec1f91807d3c07c1a9513642347ed62f41c998f95bf70a87cf9,s3://rii-data-dump/talabat/bronze/bronze/2026-07/04_enrichment_raw/Google_Place/tav/output/sample/sample_20260704_181851.csv,bronze,04_enrichment_raw,2026-07,2026-09-23T18:10:41
map_version2/filli_cafe/output/FILLI_CAFE_UAE.json,44691,bd9d45b93b4054e63e57db157fd0218e5ea468e831111b1fc0ddff7d87a3dc29,s3://rii-data-dump/talabat/silver/_cross_month/05_classification/map_version2/filli_cafe/output/FILLI_CAFE_UAE.json,silver,05_classification,_cross_month,2026-09-23T18:10:41
Google_Place/apify/brands/filli_cafe/output/FILLI_CAFE_UAE.json,44691,bd9d45b93b4054e63e57db157fd0218e5ea468e831111b1fc0ddff7d87a3dc29,s3://rii-data-dump/talabat/bronze/bronze/_cross_month/04_enrichment_raw/Google_Place/apify/brands/filli_cafe/output/FILLI_CAFE_UAE.json,bronze,04_enrichment_raw,_cross_month,2026-09-23T18:10:41
Google_Place/apify/brands/yellow_cab_pizza/output/raw/dataset_20260708_202256_group_b_GnvTMl0m.json,44459,e2dc4d9e6312ac2165fdc41eee4d11c13ac7b5f72e38db356a50fa40cf32d5fc,s3://rii-data-dump/talabat/bronze/bronze/2026-07/04_enrichment_raw/Google_Place/apify/brands/yellow_cab_pizza/output/raw/dataset_20260708_202256_group_b_GnvTMl0m.json,bronze,04_enrichment_raw,2026-07,2026-09-23T18:10:41
images/data/september_logos/771653/logo.jpg,43905,,s3://rii-data-dump/inside 2026-09 logos zip,gold,logos,2026-09,2026-09-23T18:10:41
Google_Place/Google_map/output/batch_input/diy_batch_01_input.json,43659,e3ed3bac4a6c661d3e67d781634b9486cc968a3f675b30b2e0dc5dc4b943ca35,s3://rii-data-dump/talabat/bronze/bronze/_cross_month/04_enrichment_raw/Google_Place/Google_map/output/batch_input/diy_batch_01_input.json,bronze,04_enrichment_raw,_cross_month,2026-09-23T18:10:41
map_version2/output/Final_Chain_Branches.csv,43433,39a41e01c5c751e51f6e39eb14fa110f5b4d782a7d8e3e0d86cc4a4a29baa5fd,s3://rii-data-dump/talabat/silver/_cross_month/05_classification/map_version2/output/Final_Chain_Branches.csv,silver,05_classification,_cross_month,2026-09-23T18:10:41
Google_Place/map_v2/output/Final_Chain_Branches.csv,43433,39a41e01c5c751e51f6e39eb14fa110f5b4d782a7d8e3e0d86cc4a4a29baa5fd,s3://rii-data-dump/talabat/bronze/bronze/_cross_month/04_enrichment_raw/Google_Place/map_v2/output/Final_Chain_Branches.csv,bronze,04_enrichment_raw,_cross_month,2026-09-23T18:10:42
images/data/september_logos/1102428/logo.jpg,43278,,s3://rii-data-dump/inside 2026-09 logos zip,gold,logos,2026-09,2026-09-23T18:10:42
Google_Place/tav/output/sample/sample_20260704_192928.csv,42693,6083d8629af7c99458ac8a523209e538fd937eb4ca84456ba47f3dd486a0267e,s3://rii-data-dump/talabat/bronze/bronze/2026-07/04_enrichment_raw/Google_Place/tav/output/sample/sample_20260704_192928.csv,bronze,04_enrichment_raw,2026-07,2026-09-23T18:10:42
export/IT_Team_Location/output/areas_list.json,42436,2368da05f8685f76a0c965537e4e414ebddac77b8d3f02bfb5f78c6e6b349107,s3://rii-data-dump/talabat/gold/2026-07/exports/export/IT_Team_Location/output/areas_list.json,gold,exports,2026-07,2026-09-23T18:10:42
map_version2/albaik/output/ALBAIK_UAE.json,42375,a37080868d9b2617534bbfee714a509bcc95483482320f03f9a19831a4d8cf4d,s3://rii-data-dump/talabat/silver/_cross_month/05_classification/map_version2/albaik/output/ALBAIK_UAE.json,silver,05_classification,_cross_month,2026-09-23T18:10:42
Google_Place/apify/brands/albaik/output/ALBAIK_UAE.json,42375,a37080868d9b2617534bbfee714a509bcc95483482320f03f9a19831a4d8cf4d,s3://rii-data-dump/talabat/bronze/bronze/_cross_month/04_enrichment_raw/Google_Place/apify/brands/albaik/output/ALBAIK_UAE.json,bronze,04_enrichment_raw,_cross_month,2026-09-23T18:10:42
Google_Place/Google_map/output/results/DIY_Batch01_Matched_20260702_222334.json,42157,c82413f89a7ab4b6405d1e95dc60b4e7e2f7007b1ccdfd1da38e07bf2327630d,s3://rii-data-dump/talabat/bronze/bronze/2026-07/04_enrichment_raw/Google_Place/Google_map/output/results/DIY_Batch01_Matched_20260702_222334.json,bronze,04_enrichment_raw,2026-07,2026-09-23T18:10:42
Google_Place/apify/brands/all_local_brands/input.json,41837,ba5cdd2d2d77563f35f33c801a92ac55a7d251f7efac519fa1fd89af4eaca3ef,s3://rii-data-dump/talabat/bronze/bronze/_cross_month/04_enrichment_raw/Google_Place/apify/brands/all_local_brands/input.json,bronze,04_enrichment_raw,_cross_month,2026-09-23T18:10:42
menu/data/checkpoint.json,41794,0e46b35b80a2c5ee4a1d2750391f6572a9802ceed45479c1c2921e714587735b,s3://rii-data-dump/talabat/ops/2026-06/checkpoints/menu/data/checkpoint.json,ops,checkpoints,2026-06,2026-09-23T18:10:42
Restaurant Identifier/data/checkpoint_sep.json,41660,63b73f9763ce4a980b9098867fbd3fa9bc07fdb669c76e40d7284353f7927d86,s3://rii-data-dump/talabat/bronze/bronze/2026-09/02_listings/Restaurant Identifier/data/checkpoint_sep.json,bronze,02_listings,2026-09,2026-09-23T18:10:42
Google_Place/tav/output/sample/sample_20260704_193104.csv,41536,e3ba0592c77c4b39df0aa6594868480c1ad3662fd07cbbfa862d1087b4428d4f,s3://rii-data-dump/talabat/bronze/bronze/2026-07/04_enrichment_raw/Google_Place/tav/output/sample/sample_20260704_193104.csv,bronze,04_enrichment_raw,2026-07,2026-09-23T18:10:42
Google_Place/apify/brands/uae_main_batch_02/input.json,41416,b8d00acf49b9cafb722e000fd3c094601490f9f40d693150e0a495a3e8c060ac,s3://rii-data-dump/talabat/bronze/bronze/_cross_month/04_enrichment_raw/Google_Place/apify/brands/uae_main_batch_02/input.json,bronze,04_enrichment_raw,_cross_month,2026-09-23T18:10:42
map_version2/caribou_coffee/output/CARIBOU_COFFEE_UAE.csv,40872,fe5d6829d7d1fdab8930aa47daf9793010471dbbbb1a80685391277267d15f57,s3://rii-data-dump/talabat/silver/_cross_month/05_classification/map_version2/caribou_coffee/output/CARIBOU_COFFEE_UAE.csv,silver,05_classification,_cross_month,2026-09-23T18:10:42
Google_Place/apify/brands/caribou_coffee/output/CARIBOU_COFFEE_UAE.csv,40872,fe5d6829d7d1fdab8930aa47daf9793010471dbbbb1a80685391277267d15f57,s3://rii-data-dump/talabat/bronze/bronze/_cross_month/04_enrichment_raw/Google_Place/apify/brands/caribou_coffee/output/CARIBOU_COFFEE_UAE.csv,bronze,04_enrichment_raw,_cross_month,2026-09-23T18:10:42
area_classification/findings.csv,40308,2fe17de3f193f123c51e6ab0c9360c11bd20ab3c2378b1c8c7f258ae7498b994,s3://rii-data-dump/talabat/silver/2026-09/06_areas/area_classification/findings.csv,silver,06_areas,2026-09,2026-09-23T18:10:42
images/data/september_logos/42364/logo.jpeg,40050,,s3://rii-data-dump/inside 2026-09 logos zip,gold,logos,2026-09,2026-09-23T18:10:42
Google_Place/tav/output/sample/sample_20260704_192008.csv,40013,cc4423838c4469ffd8e262c0d1141f0a39d43ff8525e1fb1eeb8a2dd841ed257,s3://rii-data-dump/talabat/bronze/bronze/2026-07/04_enrichment_raw/Google_Place/tav/output/sample/sample_20260704_192008.csv,bronze,04_enrichment_raw,2026-07,2026-09-23T18:10:42
images/data/september_logos/1117044/logo.jpg,39992,,s3://rii-data-dump/inside 2026-09 logos zip,gold,logos,2026-09,2026-09-23T18:10:42
map_version2/DOMINOS_UAE.csv,39154,ce76df322ce2dd7c4928a36028a2b11d1831f906f1c991edc5fe179d797a5f5f,s3://rii-data-dump/talabat/silver/_cross_month/05_classification/map_version2/DOMINOS_UAE.csv,silver,05_classification,_cross_month,2026-09-23T18:10:42
Google_Place/apify/brands/dominos/output/DOMINOS_UAE.csv,39154,ce76df322ce2dd7c4928a36028a2b11d1831f906f1c991edc5fe179d797a5f5f,s3://rii-data-dump/talabat/bronze/bronze/_cross_month/04_enrichment_raw/Google_Place/apify/brands/dominos/output/DOMINOS_UAE.csv,bronze,04_enrichment_raw,_cross_month,2026-09-23T18:10:42
apify/Apify_talabat/brands/dominos/output/DOMINOS_UAE.csv,39154,ce76df322ce2dd7c4928a36028a2b11d1831f906f1c991edc5fe179d797a5f5f,s3://rii-data-dump/talabat/bronze/bronze/_cross_month/04_enrichment_raw/apify/Apify_talabat/brands/dominos/output/DOMINOS_UAE.csv,bronze,04_enrichment_raw,_cross_month,2026-09-23T18:10:42
Google_Place/apify/brands/uae_confirm_default/input.json,38129,78e10071e841c8147ce9c9412d24aa832c9deca0a1b8a88e8e6e7a83eddd4fe3,s3://rii-data-dump/talabat/bronze/bronze/_cross_month/04_enrichment_raw/Google_Place/apify/brands/uae_confirm_default/input.json,bronze,04_enrichment_raw,_cross_month,2026-09-23T18:10:42
images/data/september_logos/737672/logo.png,38013,,s3://rii-data-dump/inside 2026-09 logos zip,gold,logos,2026-09,2026-09-23T18:10:42
images/data/september_logos/1118319/logo.jpg,37916,,s3://rii-data-dump/inside 2026-09 logos zip,gold,logos,2026-09,2026-09-23T18:10:42
Google_Place/tav/output/sample/sample_20260704_175952.csv,37809,f8d48e494e4d84c5946c34252f23243ea01f2eba3956f6e995592d6aa7ef7582,s3://rii-data-dump/talabat/bronze/bronze/2026-07/04_enrichment_raw/Google_Place/tav/output/sample/sample_20260704_175952.csv,bronze,04_enrichment_raw,2026-07,2026-09-23T18:10:42
map_version2/dunkin_donuts/output/DUNKIN_DONUTS_UAE.csv,37731,80ff62edb459de701651b8d1104fda919eefbf37eff075745f8ee59183380200,s3://rii-data-dump/talabat/silver/_cross_month/05_classification/map_version2/dunkin_donuts/output/DUNKIN_DONUTS_UAE.csv,silver,05_classification,_cross_month,2026-09-23T18:10:42
Google_Place/apify/brands/dunkin_donuts/output/DUNKIN_DONUTS_UAE.csv,37731,80ff62edb459de701651b8d1104fda919eefbf37eff075745f8ee59183380200,s3://rii-data-dump/talabat/bronze/bronze/_cross_month/04_enrichment_raw/Google_Place/apify/brands/dunkin_donuts/output/DUNKIN_DONUTS_UAE.csv,bronze,04_enrichment_raw,_cross_month,2026-09-23T18:10:42
images/data/september_logos/776682/logo.jpeg,37703,,s3://rii-data-dump/inside 2026-09 logos zip,gold,logos,2026-09,2026-09-23T18:10:42
export/talabat_data_summary.xlsx,37580,f509893e5395a04bc14f42ad286327aa3015bd0ed974c1ac9aadc3a99d2e4e82,s3://rii-data-dump/talabat/gold/2026-07/exports/export/talabat_data_summary.xlsx,gold,exports,2026-07,2026-09-23T18:10:42
Google_Place/Google_map/200_TALABAT.csv,37524,beda6c2ed739b990951052b00ed936fae9b6913b572596671b629656e5deb6a0,s3://rii-data-dump/talabat/bronze/bronze/_cross_month/04_enrichment_raw/Google_Place/Google_map/200_TALABAT.csv,bronze,04_enrichment_raw,_cross_month,2026-09-23T18:10:42
menu_refresh/data/refresh_202609/stdterm/non_menu_decisions.csv,37247,2a7fa82a3fbc093ff8ee8625dd9e6696d4f77e0565471bb933345d81ecc95308,s3://rii-data-dump/talabat/silver/2026-09/03_std_terms/menu_refresh/data/refresh_202609/stdterm/non_menu_decisions.csv,silver,03_std_terms,2026-09,2026-09-23T18:10:42
map_version2/arabica/output/%_ARABICA_UAE.json,37055,e13e25c733a656bd88f9b2b6e011bccab72ceb86a9f16f2987acf69217d03733,s3://rii-data-dump/talabat/silver/_cross_month/05_classification/map_version2/arabica/output/%_ARABICA_UAE.json,silver,05_classification,_cross_month,2026-09-23T18:10:42
Google_Place/apify/brands/arabica/output/%_ARABICA_UAE.json,37055,e13e25c733a656bd88f9b2b6e011bccab72ceb86a9f16f2987acf69217d03733,s3://rii-data-dump/talabat/bronze/bronze/_cross_month/04_enrichment_raw/Google_Place/apify/brands/arabica/output/%_ARABICA_UAE.json,bronze,04_enrichment_raw,_cross_month,2026-09-23T18:10:42
map_version2/popeyes/output/POPEYES_UAE.json,36968,3f8ed2f089c1d96a9de4f1a57764899782ca9ea7eeffea3d877d4037827b47e5,s3://rii-data-dump/talabat/silver/_cross_month/05_classification/map_version2/popeyes/output/POPEYES_UAE.json,silver,05_classification,_cross_month,2026-09-23T18:10:42
Google_Place/apify/brands/popeyes/output/POPEYES_UAE.json,36968,3f8ed2f089c1d96a9de4f1a57764899782ca9ea7eeffea3d877d4037827b47e5,s3://rii-data-dump/talabat/bronze/bronze/_cross_month/04_enrichment_raw/Google_Place/apify/brands/popeyes/output/POPEYES_UAE.json,bronze,04_enrichment_raw,_cross_month,2026-09-23T18:10:42
Google_Place/output/output_partial.csv,36607,0264cae995b2fd6147fe7349f73f5cf0d519845cdef814f854e63bd2f15155b4,s3://rii-data-dump/talabat/bronze/bronze/_cross_month/04_enrichment_raw/Google_Place/output/output_partial.csv,bronze,04_enrichment_raw,_cross_month,2026-09-23T18:10:42
images/data/september_logos/1106104/logo.jpeg,35537,,s3://rii-data-dump/inside 2026-09 logos zip,gold,logos,2026-09,2026-09-23T18:10:42
images/data/september_logos/1119330/logo.jpg,34922,,s3://rii-data-dump/inside 2026-09 logos zip,gold,logos,2026-09,2026-09-23T18:10:42
images/data/september_logos/616656/logo.jpg,34630,,s3://rii-data-dump/inside 2026-09 logos zip,gold,logos,2026-09,2026-09-23T18:10:42
images/data/september_logos/723905/logo.png,34426,,s3://rii-data-dump/inside 2026-09 logos zip,gold,logos,2026-09,2026-09-23T18:10:42
Google_Place/apify/brands/yellow_cab_pizza/output/raw/dataset_20260708_202256_group_a_SZQsvy9m.json,34264,1beced7db940db1453fa9420b5e76b8469ed3265433a37a734fe53430ef71e41,s3://rii-data-dump/talabat/bronze/bronze/2026-07/04_enrichment_raw/Google_Place/apify/brands/yellow_cab_pizza/output/raw/dataset_20260708_202256_group_a_SZQsvy9m.json,bronze,04_enrichment_raw,2026-07,2026-09-23T18:10:42
area_classification/data/manual_findings_review.csv,34054,928d2ea75fded77ea933d75c6b6da4b9fabb8a2239d51872e3be54eb1bd36916,s3://rii-data-dump/talabat/silver/2026-09/03_std_terms/review/area_classification/data/manual_findings_review.csv,silver,03_std_terms/review,2026-09,2026-09-23T18:10:42
september/data/september_area_resolution_map.csv,33931,eead4697b3747c8466d045bebae4cdab0dc986478a9f6bb25064c158cfc2bf0f,s3://rii-data-dump/talabat/silver/2026-09/06_areas/september/data/september_area_resolution_map.csv,silver,06_areas,2026-09,2026-09-23T18:10:42
images/data/september_logos/684985/logo.png,33794,,s3://rii-data-dump/inside 2026-09 logos zip,gold,logos,2026-09,2026-09-23T18:10:42
TYPE_CHAIN_DATA.xlsx,33714,bd813b4935f2cdc229d4be90475aa4690319137c6f0750a8667f6a85e388b91f,s3://rii-data-dump/talabat/silver/_cross_month/00_working_files/TYPE_CHAIN_DATA.xlsx,silver,00_working_files,_cross_month,2026-09-23T18:10:42
export/IT_Team_Location/cache/addr_area_cache.json,33455,73dc506c218d598f31a44125686bacb68c5c4578fb0c5644729cef56a4104cf9,s3://rii-data-dump/talabat/gold/2026-07/exports/export/IT_Team_Location/cache/addr_area_cache.json,gold,exports,2026-07,2026-09-23T18:10:42
tavily/cache/type_autosave.json,33439,d4b439811deaf3550f71f87df5cc3c8b09e3e2cf58cf253d78fdeb74c738ce68,s3://rii-data-dump/talabat/bronze/bronze/_cross_month/04_enrichment_raw/tavily/cache/type_autosave.json,bronze,04_enrichment_raw,_cross_month,2026-09-23T18:10:42
map_version2/starbucks/starbucks.csv,32170,e1bbc8de0f5e19fb19ae46fe2940b84459c948069743da9e9e9d549c250626a6,s3://rii-data-dump/talabat/silver/_cross_month/05_classification/map_version2/starbucks/starbucks.csv,silver,05_classification,_cross_month,2026-09-23T18:10:42
images/data/september_logos/1110989/logo.jpg,31821,,s3://rii-data-dump/inside 2026-09 logos zip,gold,logos,2026-09,2026-09-23T18:10:42
images/data/september_logos/1119697/logo.jpg,28992,,s3://rii-data-dump/inside 2026-09 logos zip,gold,logos,2026-09,2026-09-23T18:10:42
area_classification/data/cache/city_mismatch_llm.json,28934,6ac6a8255ec3ba6a5b4f20a8e25a2aa35b0c2188c85dab6a3b1404c04909b15e,s3://rii-data-dump/talabat/silver/2026-09/06_areas/area_classification/data/cache/city_mismatch_llm.json,silver,06_areas,2026-09,2026-09-23T18:10:42
images/data/september_logos/754604/logo.jpeg,28822,,s3://rii-data-dump/inside 2026-09 logos zip,gold,logos,2026-09,2026-09-23T18:10:42
Google_Place/apify/brands/raising_canes/output/raw/dataset_20260907_120622_group_b_7xX94Hoj.json,28745,2f732f816b90316874c2963ca127e3e16c68fa6fc1f03805e6904ea8f5b652a9,s3://rii-data-dump/talabat/bronze/bronze/2026-09/04_enrichment_raw/Google_Place/apify/brands/raising_canes/output/raw/dataset_20260907_120622_group_b_7xX94Hoj.json,bronze,04_enrichment_raw,2026-09,2026-09-23T18:10:42
Google_Place/apify/brands/wingstop/output/WINGSTOP_UAE.json,28428,2bc3c7ce51ebc4822443351518a1ebb2d52481370ba7072f9ce723775e183148,s3://rii-data-dump/talabat/bronze/bronze/_cross_month/04_enrichment_raw/Google_Place/apify/brands/wingstop/output/WINGSTOP_UAE.json,bronze,04_enrichment_raw,_cross_month,2026-09-23T18:10:42
Google_Place/apify/brands/local/output/LOCAL_UAE_HIGH_POTENTIAL.xlsx,27785,289c881bef03ab137bab4042ff033abd62d18fc8e929372e2fb1ab291a6965ae,s3://rii-data-dump/talabat/bronze/bronze/_cross_month/04_enrichment_raw/Google_Place/apify/brands/local/output/LOCAL_UAE_HIGH_POTENTIAL.xlsx,bronze,04_enrichment_raw,_cross_month,2026-09-23T18:10:42
apify/Apify_talabat/brands/local/output/LOCAL_UAE_HIGH_POTENTIAL.xlsx,27785,289c881bef03ab137bab4042ff033abd62d18fc8e929372e2fb1ab291a6965ae,s3://rii-data-dump/talabat/bronze/bronze/_cross_month/04_enrichment_raw/apify/Apify_talabat/brands/local/output/LOCAL_UAE_HIGH_POTENTIAL.xlsx,bronze,04_enrichment_raw,_cross_month,2026-09-23T18:10:42
Restaurant Identifier/data/failed_urls_sep.jsonl,27733,5944b702ff879897aa538801816c47e400bf5bc4c157633b3b3cfd7f8e656d48,s3://rii-data-dump/talabat/bronze/bronze/2026-09/02_listings/Restaurant Identifier/data/failed_urls_sep.jsonl,bronze,02_listings,2026-09,2026-09-23T18:10:42
Google_Place/apify/brands/texas_chicken/output/TEXAS_CHICKEN_UAE.csv,27113,26aeede68d2478cc905e7362dc84d4fb07f7939c24ed0eed91f322ed5c4a51a3,s3://rii-data-dump/talabat/bronze/bronze/_cross_month/04_enrichment_raw/Google_Place/apify/brands/texas_chicken/output/TEXAS_CHICKEN_UAE.csv,bronze,04_enrichment_raw,_cross_month,2026-09-23T18:10:42
area_classification/data/offtaxonomy_areas_for_tech.csv,25714,ff6cc353ff254298302fd4f7212f9ee5d143ef9b4d0ee66c7144fffec0e76d55,s3://rii-data-dump/talabat/silver/2026-09/06_areas/area_classification/data/offtaxonomy_areas_for_tech.csv,silver,06_areas,2026-09,2026-09-23T18:10:42
Google_Place/Google_map/output/results/DIY_Batch01_Matched_20260702_222334.csv,25604,7a0bf91d53708e74d5d69705df0f1c586a1dfaafbc9c471595185723c77d696a,s3://rii-data-dump/talabat/bronze/bronze/2026-07/04_enrichment_raw/Google_Place/Google_map/output/results/DIY_Batch01_Matched_20260702_222334.csv,bronze,04_enrichment_raw,2026-07,2026-09-23T18:10:42
map_version2/jollibee/output/JOLLIBEE_UAE.json,25040,a41c573ef8923dd2b962aab2b81c7ab30bbcba1d4250c58e78add6fb0c85cded,s3://rii-data-dump/talabat/silver/_cross_month/05_classification/map_version2/jollibee/output/JOLLIBEE_UAE.json,silver,05_classification,_cross_month,2026-09-23T18:10:42
Google_Place/apify/brands/jollibee/output/JOLLIBEE_UAE.json,25040,a41c573ef8923dd2b962aab2b81c7ab30bbcba1d4250c58e78add6fb0c85cded,s3://rii-data-dump/talabat/bronze/bronze/_cross_month/04_enrichment_raw/Google_Place/apify/brands/jollibee/output/JOLLIBEE_UAE.json,bronze,04_enrichment_raw,_cross_month,2026-09-23T18:10:42
map_version2/zaatar_w_zeit/output/ZAATAR_W_ZEIT_UAE.json,24921,0c284f8994718b4d40fc98d1dc6dd03afcc547b12c0d8ea8cb1aa29ec0de7f8c,s3://rii-data-dump/talabat/silver/_cross_month/05_classification/map_version2/zaatar_w_zeit/output/ZAATAR_W_ZEIT_UAE.json,silver,05_classification,_cross_month,2026-09-23T18:10:42
Google_Place/apify/brands/zaatar_w_zeit/output/ZAATAR_W_ZEIT_UAE.json,24921,0c284f8994718b4d40fc98d1dc6dd03afcc547b12c0d8ea8cb1aa29ec0de7f8c,s3://rii-data-dump/talabat/bronze/bronze/_cross_month/04_enrichment_raw/Google_Place/apify/brands/zaatar_w_zeit/output/ZAATAR_W_ZEIT_UAE.json,bronze,04_enrichment_raw,_cross_month,2026-09-23T18:10:42
Google_Place/tav/output/platform_scrape/enrichment_20260704_173309.csv,24852,068a16b95f48ffe942b92ba2e897b00509c71649f318ac54348419e24382fc8c,s3://rii-data-dump/talabat/bronze/bronze/2026-07/04_enrichment_raw/Google_Place/tav/output/platform_scrape/enrichment_20260704_173309.csv,bronze,04_enrichment_raw,2026-07,2026-09-23T18:10:42
Google_Place/tav/output/platform_scrape/enrichment_20260704_174528.csv,24767,c52a5e61c150be54760b011a4c9be1d26696343d152b56d54e12a0c5958cc3ea,s3://rii-data-dump/talabat/bronze/bronze/2026-07/04_enrichment_raw/Google_Place/tav/output/platform_scrape/enrichment_20260704_174528.csv,bronze,04_enrichment_raw,2026-07,2026-09-23T18:10:42
map_version2/filli_cafe/output/FILLI_CAFE_UAE.csv,24706,fcf558d24cb9988979017d521a158ac0678af3f9e7e3bff97a7b9b2d355a91f8,s3://rii-data-dump/talabat/silver/_cross_month/05_classification/map_version2/filli_cafe/output/FILLI_CAFE_UAE.csv,silver,05_classification,_cross_month,2026-09-23T18:10:42
Google_Place/apify/brands/filli_cafe/output/FILLI_CAFE_UAE.csv,24706,fcf558d24cb9988979017d521a158ac0678af3f9e7e3bff97a7b9b2d355a91f8,s3://rii-data-dump/talabat/bronze/bronze/_cross_month/04_enrichment_raw/Google_Place/apify/brands/filli_cafe/output/FILLI_CAFE_UAE.csv,bronze,04_enrichment_raw,_cross_month,2026-09-23T18:10:42
Google_Place/output/OUTPUT.csv,24607,1d8676521717a0b3c3776c590036d485013117222b6ee6efb9995415b122e010,s3://rii-data-dump/talabat/bronze/bronze/_cross_month/04_enrichment_raw/Google_Place/output/OUTPUT.csv,bronze,04_enrichment_raw,_cross_month,2026-09-23T18:10:42
menu_refresh/data/empty_menu_restaurants.csv,23330,73cafa97cbc0166d44c0b3f168746f3c131407c7ac35ec3ac3b4babea5b0ba98,s3://rii-data-dump/talabat/silver/2026-08/09_delta/menu_refresh/data/empty_menu_restaurants.csv,silver,09_delta,2026-08,2026-09-23T18:10:42
area_classification/data/cache/recover_llm.json,22968,008fdf199df0714009c887ad42dfa3b4824a06ced9a857a61e806139b8b71405,s3://rii-data-dump/talabat/silver/2026-09/06_areas/area_classification/data/cache/recover_llm.json,silver,06_areas,2026-09,2026-09-23T18:10:42
LEFT.xlsx,22419,3a691af130002756f91dc621c520c9c3f795bd372aea1e151b5d1c006cc3e725,s3://rii-data-dump/talabat/silver/_cross_month/00_working_files/LEFT.xlsx,silver,00_working_files,_cross_month,2026-09-23T18:10:42
september/data/september_name_duplicates_removed.csv,22241,383d177dc92f4048d1d28135761d92bd4adb7cc6b474adf37edabb1276d8cb4a,s3://rii-data-dump/talabat/silver/2026-09/05_classification/september/data/september_name_duplicates_removed.csv,silver,05_classification,2026-09,2026-09-23T18:10:42
images/data/september_logos/621225/logo.png,22188,,s3://rii-data-dump/inside 2026-09 logos zip,gold,logos,2026-09,2026-09-23T18:10:42
images/data/september_logos/638295/logo.JPG,21870,,s3://rii-data-dump/inside 2026-09 logos zip,gold,logos,2026-09,2026-09-23T18:10:42
export/ingredients_export.csv,21840,b6002554db80ee956bea38c7a8c3c2dd45836adfca779894d71266b09c95f096,s3://rii-data-dump/talabat/gold/2026-07/exports/export/ingredients_export.csv,gold,exports,2026-07,2026-09-23T18:10:42
map_version2/pickl/output/PICKL_UAE.json,21798,c50a967bdd5f10c19ebd7ea7dd2e10a357ef5ce1943b48d32d92ca495859490e,s3://rii-data-dump/talabat/silver/_cross_month/05_classification/map_version2/pickl/output/PICKL_UAE.json,silver,05_classification,_cross_month,2026-09-23T18:10:42
Google_Place/apify/brands/pickl/output/PICKL_UAE.json,21798,c50a967bdd5f10c19ebd7ea7dd2e10a357ef5ce1943b48d32d92ca495859490e,s3://rii-data-dump/talabat/bronze/bronze/_cross_month/04_enrichment_raw/Google_Place/apify/brands/pickl/output/PICKL_UAE.json,bronze,04_enrichment_raw,_cross_month,2026-09-23T18:10:42
Google_Place/RESTRO_LIST.csv,21057,75d05352aa7d91da0df31a698c387b82c876665eabd24e3e4bf82f57d47c6ae1,s3://rii-data-dump/talabat/bronze/bronze/_cross_month/04_enrichment_raw/Google_Place/RESTRO_LIST.csv,bronze,04_enrichment_raw,_cross_month,2026-09-23T18:10:42
area_classification/data/cache/offtaxonomy_llm.json,21008,ee6e1adee23315338e3191ce875fa64c6f94f03ec1ffd6ce4401e9f705a99f24,s3://rii-data-dump/talabat/silver/2026-09/06_areas/area_classification/data/cache/offtaxonomy_llm.json,silver,06_areas,2026-09,2026-09-23T18:10:42
August_menu/data/removed_corrupt_prices.jsonl,20885,aad65b05f3ea5e05ed382067edadfe7b1ce44fda9668f06f55725cf8abfb3ecc,s3://rii-data-dump/talabat/silver/2026-08/02_sanitize/August_menu/data/removed_corrupt_prices.jsonl,silver,02_sanitize,2026-08,2026-09-23T18:10:42
Google_Place/apify/brands/local/input.json,20803,36329fa58c1469d719d3e36b22000b7b3bba7bcd7437fb13cb1b8f9d4684ebc9,s3://rii-data-dump/talabat/bronze/bronze/_cross_month/04_enrichment_raw/Google_Place/apify/brands/local/input.json,bronze,04_enrichment_raw,_cross_month,2026-09-23T18:10:43
apify/Apify_talabat/brands/local/input.json,20803,36329fa58c1469d719d3e36b22000b7b3bba7bcd7437fb13cb1b8f9d4684ebc9,s3://rii-data-dump/talabat/bronze/bronze/_cross_month/04_enrichment_raw/apify/Apify_talabat/brands/local/input.json,bronze,04_enrichment_raw,_cross_month,2026-09-23T18:10:43
area_classification/data/city_mismatch_fixes.json,20576,6286087b74d92e11300b825c22d62f0d1a98fcaa709a4bbe9abe8675a833bc50,s3://rii-data-dump/talabat/silver/2026-09/06_areas/area_classification/data/city_mismatch_fixes.json,silver,06_areas,2026-09,2026-09-23T18:10:43
map_version2/albaik/output/ALBAIK_UAE.csv,20351,60d53ef9c5b03d517d7e0ad5f2d53c5dbc34c86004312df5312aa126420a1fc4,s3://rii-data-dump/talabat/silver/_cross_month/05_classification/map_version2/albaik/output/ALBAIK_UAE.csv,silver,05_classification,_cross_month,2026-09-23T18:10:43
Google_Place/apify/brands/albaik/output/ALBAIK_UAE.csv,20351,60d53ef9c5b03d517d7e0ad5f2d53c5dbc34c86004312df5312aa126420a1fc4,s3://rii-data-dump/talabat/bronze/bronze/_cross_month/04_enrichment_raw/Google_Place/apify/brands/albaik/output/ALBAIK_UAE.csv,bronze,04_enrichment_raw,_cross_month,2026-09-23T18:10:43
data/urls/entity_resolution_validation.xlsx,20343,3d539fe2c4a2e92c689bfcc3f5f731c1911f76bc4854d80caa9e4fb2d6d9002f,s3://rii-data-dump/talabat/bronze/bronze/_cross_month/02_listings/data/urls/entity_resolution_validation.xlsx,bronze,02_listings,_cross_month,2026-09-23T18:10:43
map_version2/caffe_nero/output/CAFFÈ_NERO_UAE.json,19993,38163cabfa2c531e4d2b765fe461d2cbcd75fad4bd38b74167846495fef73058,s3://rii-data-dump/talabat/silver/_cross_month/05_classification/map_version2/caffe_nero/output/CAFFÈ_NERO_UAE.json,silver,05_classification,_cross_month,2026-09-23T18:10:43
Google_Place/apify/brands/caffe_nero/output/CAFFÈ_NERO_UAE.json,19993,38163cabfa2c531e4d2b765fe461d2cbcd75fad4bd38b74167846495fef73058,s3://rii-data-dump/talabat/bronze/bronze/_cross_month/04_enrichment_raw/Google_Place/apify/brands/caffe_nero/output/CAFFÈ_NERO_UAE.json,bronze,04_enrichment_raw,_cross_month,2026-09-23T18:10:43
Google_Place/apify/brands/chicking/output/CHICKING_UAE.json,19751,39d28fd727f78c57ae8461bd00ab085b134479909e312503e87c8d90f00f0400,s3://rii-data-dump/talabat/bronze/bronze/_cross_month/04_enrichment_raw/Google_Place/apify/brands/chicking/output/CHICKING_UAE.json,bronze,04_enrichment_raw,_cross_month,2026-09-23T18:10:43
map_version2/wendys/output/WENDYS_UAE.json,19750,61463ea44626486c903fa2ef883ee124a9017bb13f5bf0e48c25432b0660a1bb,s3://rii-data-dump/talabat/silver/_cross_month/05_classification/map_version2/wendys/output/WENDYS_UAE.json,silver,05_classification,_cross_month,2026-09-23T18:10:43
Google_Place/apify/brands/wendys/output/WENDYS_UAE.json,19750,61463ea44626486c903fa2ef883ee124a9017bb13f5bf0e48c25432b0660a1bb,s3://rii-data-dump/talabat/bronze/bronze/_cross_month/04_enrichment_raw/Google_Place/apify/brands/wendys/output/WENDYS_UAE.json,bronze,04_enrichment_raw,_cross_month,2026-09-23T18:10:43
listing_scraper/smoke_results/smoke_yield.json,19731,64d9c705f2454864d32a23fd2f70cc1c98adaae97738caed1e83f62ebf7169b2,s3://rii-data-dump/talabat/bronze/bronze/_cross_month/01_zones/listing_scraper/smoke_results/smoke_yield.json,bronze,01_zones,_cross_month,2026-09-23T18:10:43
map_version2/five_guys/output/FIVE_GUYS_UAE.json,19470,614c96f6f1002bf3026c54184ae1fb856716265da3461a4055701445b3c4bd4f,s3://rii-data-dump/talabat/silver/_cross_month/05_classification/map_version2/five_guys/output/FIVE_GUYS_UAE.json,silver,05_classification,_cross_month,2026-09-23T18:10:43
Google_Place/apify/brands/five_guys/output/FIVE_GUYS_UAE.json,19470,614c96f6f1002bf3026c54184ae1fb856716265da3461a4055701445b3c4bd4f,s3://rii-data-dump/talabat/bronze/bronze/_cross_month/04_enrichment_raw/Google_Place/apify/brands/five_guys/output/FIVE_GUYS_UAE.json,bronze,04_enrichment_raw,_cross_month,2026-09-23T18:10:43
september/data/newly_listed_202609.jsonl,18880,49664995e9f513dac470fcd15a0ce45c7f74beb028c2fd01c6b78962cebb568f,s3://rii-data-dump/talabat/bronze/bronze/2026-09/02_listings/september/data/newly_listed_202609.jsonl,bronze,02_listings,2026-09,2026-09-23T18:10:43
images/data/september_logos/695293/logo.jpg,18878,,s3://rii-data-dump/inside 2026-09 logos zip,gold,logos,2026-09,2026-09-23T18:10:43
map_version2/arabica/output/%_ARABICA_UAE.csv,18812,d06343f6cea230210522b57ead3c6f2e144f768c3faec5e21b34458f752a5e92,s3://rii-data-dump/talabat/silver/_cross_month/05_classification/map_version2/arabica/output/%_ARABICA_UAE.csv,silver,05_classification,_cross_month,2026-09-23T18:10:43
Google_Place/apify/brands/arabica/output/%_ARABICA_UAE.csv,18812,d06343f6cea230210522b57ead3c6f2e144f768c3faec5e21b34458f752a5e92,s3://rii-data-dump/talabat/bronze/bronze/_cross_month/04_enrichment_raw/Google_Place/apify/brands/arabica/output/%_ARABICA_UAE.csv,bronze,04_enrichment_raw,_cross_month,2026-09-23T18:10:43
map_version2/popeyes/output/POPEYES_UAE.csv,18583,f2c1a2b601dc6f220be233a13bac40355c8ef889787a9f00a10a86c85522cb7c,s3://rii-data-dump/talabat/silver/_cross_month/05_classification/map_version2/popeyes/output/POPEYES_UAE.csv,silver,05_classification,_cross_month,2026-09-23T18:10:43
Google_Place/apify/brands/popeyes/output/POPEYES_UAE.csv,18583,f2c1a2b601dc6f220be233a13bac40355c8ef889787a9f00a10a86c85522cb7c,s3://rii-data-dump/talabat/bronze/bronze/_cross_month/04_enrichment_raw/Google_Place/apify/brands/popeyes/output/POPEYES_UAE.csv,bronze,04_enrichment_raw,_cross_month,2026-09-23T18:10:43
images/data/september_logos/669186/logo.jpg,18568,,s3://rii-data-dump/inside 2026-09 logos zip,gold,logos,2026-09,2026-09-23T18:10:43
Google_Place/.claude/settings.local.json,18296,f602daafaaa38dd4386d4eb102ad847f68b9d6a2df824bc7f1a01d9ef204adb2,s3://rii-data-dump/talabat/bronze/bronze/_cross_month/04_enrichment_raw/Google_Place/.claude/settings.local.json,bronze,04_enrichment_raw,_cross_month,2026-09-23T18:10:43
Google_Place/apify/brands/uae_validation_chains/input.json,17942,70e40c47afda4349729caa4ad87fc77c34d1a5c6713c4252043b929efae31b73,s3://rii-data-dump/talabat/bronze/bronze/_cross_month/04_enrichment_raw/Google_Place/apify/brands/uae_validation_chains/input.json,bronze,04_enrichment_raw,_cross_month,2026-09-23T18:10:43
area_classification/data/needs_review.csv,17919,18ef7122963c24b12b9ef182eefc561f345d77489f96177c5c2fe042eed81917,s3://rii-data-dump/talabat/silver/2026-09/03_std_terms/review/area_classification/data/needs_review.csv,silver,03_std_terms/review,2026-09,2026-09-23T18:10:43
images/data/september_logos/1119179/logo.jpg,17882,,s3://rii-data-dump/inside 2026-09 logos zip,gold,logos,2026-09,2026-09-23T18:10:43
area_classification/data/residue_resolved.json,17523,1083b96cd715dff43b16b8e2761ed895eff68d8caad762a6eaa0050282f41ebb,s3://rii-data-dump/talabat/silver/2026-09/06_areas/area_classification/data/residue_resolved.json,silver,06_areas,2026-09,2026-09-23T18:10:43
images/data/september_logos/803713/logo.jpg,17471,,s3://rii-data-dump/inside 2026-09 logos zip,gold,logos,2026-09,2026-09-23T18:10:43
images/data/september_logos/1119899/logo.jpg,17138,,s3://rii-data-dump/inside 2026-09 logos zip,gold,logos,2026-09,2026-09-23T18:10:43
area_classification/data/cache/final_nulls_llm.json,17011,0011e99e1932e8b9f6a2860b4e4ded99fcbe589e8c273ce7832aa86d0110cb6c,s3://rii-data-dump/talabat/silver/2026-09/06_areas/area_classification/data/cache/final_nulls_llm.json,silver,06_areas,2026-09,2026-09-23T18:10:43
images/data/september_logos/795884/logo.jpeg,16999,,s3://rii-data-dump/inside 2026-09 logos zip,gold,logos,2026-09,2026-09-23T18:10:43
images/data/september_logos/724624/logo.png,16507,,s3://rii-data-dump/inside 2026-09 logos zip,gold,logos,2026-09,2026-09-23T18:10:43
export/talabat_export_std_terms_unique.csv,16371,2db8b898ba069c5fe2f8016ce5307a062b2c8ef27a0e8bd97d4329d05dce0a7e,s3://rii-data-dump/talabat/gold/2026-07/exports/export/talabat_export_std_terms_unique.csv,gold,exports,2026-07,2026-09-23T18:10:43
images/data/september_logos/721473/logo.jpg,16349,,s3://rii-data-dump/inside 2026-09 logos zip,gold,logos,2026-09,2026-09-23T18:10:43
images/data/september_logos/1120534/logo.jpg,16299,,s3://rii-data-dump/inside 2026-09 logos zip,gold,logos,2026-09,2026-09-23T18:10:43
Google_Place/apify/brands/nandos/output/NANDOS_UAE.json,16195,2b94b1e8143eb96282beb190484758440b4eb060869fe21174f4df3fd8cce96b,s3://rii-data-dump/talabat/bronze/bronze/_cross_month/04_enrichment_raw/Google_Place/apify/brands/nandos/output/NANDOS_UAE.json,bronze,04_enrichment_raw,_cross_month,2026-09-23T18:10:43
images/data/september_logos/772288/logo.jpeg,16184,,s3://rii-data-dump/inside 2026-09 logos zip,gold,logos,2026-09,2026-09-23T18:10:43
export/IT_Team_Location/output/areas_list.csv,15956,c21971115969b48dd1fdc8857efc55717a475dd20d8d9d75a3749981f0040c54,s3://rii-data-dump/talabat/gold/2026-07/exports/export/IT_Team_Location/output/areas_list.csv,gold,exports,2026-07,2026-09-23T18:10:43
september/data/collisions_vs_source_exports.csv,15761,fd9cca397e157a869f7da5c9223cd198d549169ba699fa25ac0f7b51edbf4e3b,s3://rii-data-dump/talabat/silver/2026-09/05_classification/september/data/collisions_vs_source_exports.csv,silver,05_classification,2026-09,2026-09-23T18:10:43
Google_Place/apify/brands/wingstop/output/WINGSTOP_UAE.csv,15629,71d06265aea5feb793eb5c716682842540ca28e2ea5ee683c53547c1d10ff8e3,s3://rii-data-dump/talabat/bronze/bronze/_cross_month/04_enrichment_raw/Google_Place/apify/brands/wingstop/output/WINGSTOP_UAE.csv,bronze,04_enrichment_raw,_cross_month,2026-09-23T18:10:43
images/data/september_logos/25692/logo.jpg,15510,,s3://rii-data-dump/inside 2026-09 logos zip,gold,logos,2026-09,2026-09-23T18:10:43
images/data/september_logos/1119372/logo.jpg,15504,,s3://rii-data-dump/inside 2026-09 logos zip,gold,logos,2026-09,2026-09-23T18:10:43
images/data/september_logos/1116185/logo.jpg,15422,,s3://rii-data-dump/inside 2026-09 logos zip,gold,logos,2026-09,2026-09-23T18:10:43
images/data/september_logos/768340/logo.jpg,15078,,s3://rii-data-dump/inside 2026-09 logos zip,gold,logos,2026-09,2026-09-23T18:10:43
images/data/september_logos/736051/logo.jpg,14887,,s3://rii-data-dump/inside 2026-09 logos zip,gold,logos,2026-09,2026-09-23T18:10:43
images/data/september_logos/1120811/logo.jpg,14849,,s3://rii-data-dump/inside 2026-09 logos zip,gold,logos,2026-09,2026-09-23T18:10:43
map_version2/shake_shack/output/SHAKE_SHACK_UAE.json,14780,b935e5f8b1e79d17ef90fa745b19410af131e48742eeb78ecfd9fc0a389d0de8,s3://rii-data-dump/talabat/silver/_cross_month/05_classification/map_version2/shake_shack/output/SHAKE_SHACK_UAE.json,silver,05_classification,_cross_month,2026-09-23T18:10:43
Google_Place/apify/brands/shake_shack/output/SHAKE_SHACK_UAE.json,14780,b935e5f8b1e79d17ef90fa745b19410af131e48742eeb78ecfd9fc0a389d0de8,s3://rii-data-dump/talabat/bronze/bronze/_cross_month/04_enrichment_raw/Google_Place/apify/brands/shake_shack/output/SHAKE_SHACK_UAE.json,bronze,04_enrichment_raw,_cross_month,2026-09-23T18:10:43
images/data/september_logos/803309/logo.jpg,14770,,s3://rii-data-dump/inside 2026-09 logos zip,gold,logos,2026-09,2026-09-23T18:10:43
images/data/september_logos/760182/logo.jpg,14719,,s3://rii-data-dump/inside 2026-09 logos zip,gold,logos,2026-09,2026-09-23T18:10:43
images/data/september_logos/1121339/logo.jpg,14555,,s3://rii-data-dump/inside 2026-09 logos zip,gold,logos,2026-09,2026-09-23T18:10:43
images/data/september_logos/790405/logo.jpg,14540,,s3://rii-data-dump/inside 2026-09 logos zip,gold,logos,2026-09,2026-09-23T18:10:43
images/data/september_logos/1101949/logo.jpg,14344,,s3://rii-data-dump/inside 2026-09 logos zip,gold,logos,2026-09,2026-09-23T18:10:43
export/issue/issue-1.csv,14307,3318a3d031542e37e0279080a8597572dec4fd1ae9fd7eab7a3b1a5ca20b9002,s3://rii-data-dump/talabat/gold/2026-07/exports/export/issue/issue-1.csv,gold,exports,2026-07,2026-09-23T18:10:43
images/data/september_logos/720471/logo.jpg,14285,,s3://rii-data-dump/inside 2026-09 logos zip,gold,logos,2026-09,2026-09-23T18:10:43
images/data/september_logos/1121186/logo.jpg,14211,,s3://rii-data-dump/inside 2026-09 logos zip,gold,logos,2026-09,2026-09-23T18:10:43
map_version2/zaatar_w_zeit/output/ZAATAR_W_ZEIT_UAE.csv,14208,727f391256670f42252f30c277ea8acc556e74b06db16a65d8efb2ba7c77f7a3,s3://rii-data-dump/talabat/silver/_cross_month/05_classification/map_version2/zaatar_w_zeit/output/ZAATAR_W_ZEIT_UAE.csv,silver,05_classification,_cross_month,2026-09-23T18:10:43
Google_Place/apify/brands/zaatar_w_zeit/output/ZAATAR_W_ZEIT_UAE.csv,14208,727f391256670f42252f30c277ea8acc556e74b06db16a65d8efb2ba7c77f7a3,s3://rii-data-dump/talabat/bronze/bronze/_cross_month/04_enrichment_raw/Google_Place/apify/brands/zaatar_w_zeit/output/ZAATAR_W_ZEIT_UAE.csv,bronze,04_enrichment_raw,_cross_month,2026-09-23T18:10:43
images/data/september_logos/723941/logo.jpg,14181,,s3://rii-data-dump/inside 2026-09 logos zip,gold,logos,2026-09,2026-09-23T18:10:43
images/data/september_logos/1119245/logo.jpg,14129,,s3://rii-data-dump/inside 2026-09 logos zip,gold,logos,2026-09,2026-09-23T18:10:43
images/data/september_logos/646666/logo.jpg,14027,,s3://rii-data-dump/inside 2026-09 logos zip,gold,logos,2026-09,2026-09-23T18:10:43
september/data/brand_collisions_review.csv,13950,9d0ef1ab3ddcfc9588dc1005985759c6e3f990d017e3425abb5aff7f2d517a37,s3://rii-data-dump/talabat/silver/2026-09/03_std_terms/review/september/data/brand_collisions_review.csv,silver,03_std_terms/review,2026-09,2026-09-23T18:10:43
images/data/september_logos/705829/logo.jpg,13882,,s3://rii-data-dump/inside 2026-09 logos zip,gold,logos,2026-09,2026-09-23T18:10:43
images/data/september_logos/757916/logo.jpg,13844,,s3://rii-data-dump/inside 2026-09 logos zip,gold,logos,2026-09,2026-09-23T18:10:43
area_classification/data/manual_findings.json,13757,399ac47e9717f82b9609358c29402b15b716ee1643bbbfbbf7997195a18ba45b,s3://rii-data-dump/talabat/silver/2026-09/06_areas/area_classification/data/manual_findings.json,silver,06_areas,2026-09,2026-09-23T18:10:43
images/data/september_logos/800270/logo.jpg,13709,,s3://rii-data-dump/inside 2026-09 logos zip,gold,logos,2026-09,2026-09-23T18:10:43
images/data/september_logos/790073/logo.jpg,13699,,s3://rii-data-dump/inside 2026-09 logos zip,gold,logos,2026-09,2026-09-23T18:10:43
images/data/september_logos/1101875/logo.jpg,13689,,s3://rii-data-dump/inside 2026-09 logos zip,gold,logos,2026-09,2026-09-23T18:10:43
images/data/september_logos/1121034/logo.jpg,13618,,s3://rii-data-dump/inside 2026-09 logos zip,gold,logos,2026-09,2026-09-23T18:10:43
images/data/september_logos/745387/logo.jpg,13599,,s3://rii-data-dump/inside 2026-09 logos zip,gold,logos,2026-09,2026-09-23T18:10:43
menu/final_std_terms_taxonomy_backup.csv,13593,52f08a4dc32596fe0d7bd60521f2c16d66076a214ac2e0b50456b862ecfa8f75,s3://rii-data-dump/talabat/silver/2026-06/03_std_terms/review/menu/final_std_terms_taxonomy_backup.csv,silver,03_std_terms/review,2026-06,2026-09-23T18:10:43
images/data/september_logos/729288/logo.jpg,13582,,s3://rii-data-dump/inside 2026-09 logos zip,gold,logos,2026-09,2026-09-23T18:10:43
map_version2/jollibee/output/JOLLIBEE_UAE.csv,13497,fc3c0c289de236fc1df890954444f115f09e0e2516ae8194cdfb320b6ff4abe4,s3://rii-data-dump/talabat/silver/_cross_month/05_classification/map_version2/jollibee/output/JOLLIBEE_UAE.csv,silver,05_classification,_cross_month,2026-09-23T18:10:43
Google_Place/apify/brands/jollibee/output/JOLLIBEE_UAE.csv,13497,fc3c0c289de236fc1df890954444f115f09e0e2516ae8194cdfb320b6ff4abe4,s3://rii-data-dump/talabat/bronze/bronze/_cross_month/04_enrichment_raw/Google_Place/apify/brands/jollibee/output/JOLLIBEE_UAE.csv,bronze,04_enrichment_raw,_cross_month,2026-09-23T18:10:43
images/data/september_logos/752608/logo.jpg,13438,,s3://rii-data-dump/inside 2026-09 logos zip,gold,logos,2026-09,2026-09-23T18:10:43
images/data/september_logos/1103177/logo.jpg,13401,,s3://rii-data-dump/inside 2026-09 logos zip,gold,logos,2026-09,2026-09-23T18:10:43
images/data/september_logos/1113911/logo.jpg,13364,,s3://rii-data-dump/inside 2026-09 logos zip,gold,logos,2026-09,2026-09-23T18:10:43
images/data/september_logos/705807/logo.jpg,13292,,s3://rii-data-dump/inside 2026-09 logos zip,gold,logos,2026-09,2026-09-23T18:10:43
images/data/september_logos/762142/logo.jpg,13262,,s3://rii-data-dump/inside 2026-09 logos zip,gold,logos,2026-09,2026-09-23T18:10:43
images/data/september_logos/758538/logo.jpg,13235,,s3://rii-data-dump/inside 2026-09 logos zip,gold,logos,2026-09,2026-09-23T18:10:43
images/data/september_logos/781019/logo.jpg,13211,,s3://rii-data-dump/inside 2026-09 logos zip,gold,logos,2026-09,2026-09-23T18:10:43
images/data/september_logos/735703/logo.jpg,13159,,s3://rii-data-dump/inside 2026-09 logos zip,gold,logos,2026-09,2026-09-23T18:10:43
images/data/september_logos/790714/logo.jpg,13065,,s3://rii-data-dump/inside 2026-09 logos zip,gold,logos,2026-09,2026-09-23T18:10:43
images/data/september_logos/1115545/logo.jpg,13012,,s3://rii-data-dump/inside 2026-09 logos zip,gold,logos,2026-09,2026-09-23T18:10:43
images/data/september_logos/1119914/logo.jpg,13002,,s3://rii-data-dump/inside 2026-09 logos zip,gold,logos,2026-09,2026-09-23T18:10:43
images/data/september_logos/1114959/logo.jpg,12921,,s3://rii-data-dump/inside 2026-09 logos zip,gold,logos,2026-09,2026-09-23T18:10:43
images/data/september_logos/707065/logo.jpg,12913,,s3://rii-data-dump/inside 2026-09 logos zip,gold,logos,2026-09,2026-09-23T18:10:43
images/data/september_logos/1110140/logo.jpg,12850,,s3://rii-data-dump/inside 2026-09 logos zip,gold,logos,2026-09,2026-09-23T18:10:43
images/data/september_logos/763162/logo.jpg,12837,,s3://rii-data-dump/inside 2026-09 logos zip,gold,logos,2026-09,2026-09-23T18:10:43
images/data/september_logos/1116850/logo.jpg,12824,,s3://rii-data-dump/inside 2026-09 logos zip,gold,logos,2026-09,2026-09-23T18:10:43
images/data/september_logos/665632/logo.jpg,12766,,s3://rii-data-dump/inside 2026-09 logos zip,gold,logos,2026-09,2026-09-23T18:10:43
images/data/september_logos/798232/logo.jpg,12755,,s3://rii-data-dump/inside 2026-09 logos zip,gold,logos,2026-09,2026-09-23T18:10:43
images/data/september_logos/707510/logo.jpg,12597,,s3://rii-data-dump/inside 2026-09 logos zip,gold,logos,2026-09,2026-09-23T18:10:43
images/data/september_logos/1117243/logo.jpg,12579,,s3://rii-data-dump/inside 2026-09 logos zip,gold,logos,2026-09,2026-09-23T18:10:43
images/data/september_logos/1118631/logo.jpg,12547,,s3://rii-data-dump/inside 2026-09 logos zip,gold,logos,2026-09,2026-09-23T18:10:43
images/data/september_logos/1110103/logo.jpg,12519,,s3://rii-data-dump/inside 2026-09 logos zip,gold,logos,2026-09,2026-09-23T18:10:43
images/data/september_logos/1120243/logo.jpg,12514,,s3://rii-data-dump/inside 2026-09 logos zip,gold,logos,2026-09,2026-09-23T18:10:43
images/data/september_logos/776530/logo.jpg,12512,,s3://rii-data-dump/inside 2026-09 logos zip,gold,logos,2026-09,2026-09-23T18:10:43
images/data/september_logos/1116748/logo.jpg,12478,,s3://rii-data-dump/inside 2026-09 logos zip,gold,logos,2026-09,2026-09-23T18:10:43
images/data/september_logos/28373/logo.jpg,12459,,s3://rii-data-dump/inside 2026-09 logos zip,gold,logos,2026-09,2026-09-23T18:10:43
images/data/september_logos/1111383/logo.jpg,12459,,s3://rii-data-dump/inside 2026-09 logos zip,gold,logos,2026-09,2026-09-23T18:10:43
images/data/september_logos/782960/logo.jpg,12457,,s3://rii-data-dump/inside 2026-09 logos zip,gold,logos,2026-09,2026-09-23T18:10:43
images/data/september_logos/1119355/logo.jpg,12442,,s3://rii-data-dump/inside 2026-09 logos zip,gold,logos,2026-09,2026-09-23T18:10:43
images/data/september_logos/773584/logo.jpg,12420,,s3://rii-data-dump/inside 2026-09 logos zip,gold,logos,2026-09,2026-09-23T18:10:43
images/data/september_logos/1119250/logo.jpg,12397,,s3://rii-data-dump/inside 2026-09 logos zip,gold,logos,2026-09,2026-09-23T18:10:43
images/data/september_logos/1118525/logo.jpg,12379,,s3://rii-data-dump/inside 2026-09 logos zip,gold,logos,2026-09,2026-09-23T18:10:43
August_menu/data/removed_flower_shops.jsonl,12298,90b4c4a76dbd0fd3ec09c3ad297fd0f1a85e55b823d775127b9bfb59254a224d,s3://rii-data-dump/talabat/silver/2026-08/02_sanitize/August_menu/data/removed_flower_shops.jsonl,silver,02_sanitize,2026-08,2026-09-23T18:10:43
images/data/september_logos/768338/logo.jpg,12251,,s3://rii-data-dump/inside 2026-09 logos zip,gold,logos,2026-09,2026-09-23T18:10:43
images/data/september_logos/1110163/logo.jpg,12207,,s3://rii-data-dump/inside 2026-09 logos zip,gold,logos,2026-09,2026-09-23T18:10:43
August_menu/data/removed_non_restaurants.jsonl,12166,b910d29803b905936d3bae1e7a118b093ab4a09cc94e372874344bf3c14b2483,s3://rii-data-dump/talabat/silver/2026-08/02_sanitize/August_menu/data/removed_non_restaurants.jsonl,silver,02_sanitize,2026-08,2026-09-23T18:10:43
images/data/september_logos/706903/logo.jpg,12140,,s3://rii-data-dump/inside 2026-09 logos zip,gold,logos,2026-09,2026-09-23T18:10:43
Google_Place/bonus_directory/all_categories_list.csv,12139,141c276e77ed694f62d9de7a5185830960e42bb2f147f8adfecb281317b5fadb,s3://rii-data-dump/talabat/bronze/bronze/_cross_month/04_enrichment_raw/Google_Place/bonus_directory/all_categories_list.csv,bronze,04_enrichment_raw,_cross_month,2026-09-23T18:10:43
images/data/september_logos/749804/logo.jpg,12097,,s3://rii-data-dump/inside 2026-09 logos zip,gold,logos,2026-09,2026-09-23T18:10:43
images/data/september_logos/789113/logo.jpg,12056,,s3://rii-data-dump/inside 2026-09 logos zip,gold,logos,2026-09,2026-09-23T18:10:43
images/data/september_logos/601244/logo.jpg,12041,,s3://rii-data-dump/inside 2026-09 logos zip,gold,logos,2026-09,2026-09-23T18:10:43
images/data/september_logos/1102334/logo.jpg,12036,,s3://rii-data-dump/inside 2026-09 logos zip,gold,logos,2026-09,2026-09-23T18:10:43
images/data/september_logos/707537/logo.jpg,12011,,s3://rii-data-dump/inside 2026-09 logos zip,gold,logos,2026-09,2026-09-23T18:10:43
images/data/september_logos/1115742/logo.jpg,11982,,s3://rii-data-dump/inside 2026-09 logos zip,gold,logos,2026-09,2026-09-23T18:10:43
images/data/september_logos/791737/logo.jpg,11978,,s3://rii-data-dump/inside 2026-09 logos zip,gold,logos,2026-09,2026-09-23T18:10:43
images/data/september_logos/1120276/logo.jpg,11952,,s3://rii-data-dump/inside 2026-09 logos zip,gold,logos,2026-09,2026-09-23T18:10:43
images/data/september_logos/789035/logo.jpg,11895,,s3://rii-data-dump/inside 2026-09 logos zip,gold,logos,2026-09,2026-09-23T18:10:43
images/data/september_logos/1114966/logo.jpg,11883,,s3://rii-data-dump/inside 2026-09 logos zip,gold,logos,2026-09,2026-09-23T18:10:43
images/data/september_logos/758235/logo.jpg,11867,,s3://rii-data-dump/inside 2026-09 logos zip,gold,logos,2026-09,2026-09-23T18:10:43
images/data/september_logos/751709/logo.jpg,11819,,s3://rii-data-dump/inside 2026-09 logos zip,gold,logos,2026-09,2026-09-23T18:10:43
images/data/september_logos/799036/logo.jpg,11801,,s3://rii-data-dump/inside 2026-09 logos zip,gold,logos,2026-09,2026-09-23T18:10:43
Restaurant Identifier/data/failed_urls_run2.jsonl,11753,094d85e3ec27c57b8359de20176ed335342eb861ebce23ac31821fd27313b2b2,s3://rii-data-dump/talabat/bronze/bronze/_cross_month/02_listings/Restaurant Identifier/data/failed_urls_run2.jsonl,bronze,02_listings,_cross_month,2026-09-23T18:10:43
images/data/september_logos/1120347/logo.jpg,11739,,s3://rii-data-dump/inside 2026-09 logos zip,gold,logos,2026-09,2026-09-23T18:10:43
images/data/september_logos/1115741/logo.jpg,11732,,s3://rii-data-dump/inside 2026-09 logos zip,gold,logos,2026-09,2026-09-23T18:10:43
images/data/september_logos/715390/logo.jpg,11712,,s3://rii-data-dump/inside 2026-09 logos zip,gold,logos,2026-09,2026-09-23T18:10:43
images/data/september_logos/1112475/logo.jpg,11709,,s3://rii-data-dump/inside 2026-09 logos zip,gold,logos,2026-09,2026-09-23T18:10:43
images/data/september_logos/1117042/logo.jpg,11698,,s3://rii-data-dump/inside 2026-09 logos zip,gold,logos,2026-09,2026-09-23T18:10:43
images/data/september_logos/1115263/logo.jpg,11696,,s3://rii-data-dump/inside 2026-09 logos zip,gold,logos,2026-09,2026-09-23T18:10:43
images/data/september_logos/803009/logo.jpg,11644,,s3://rii-data-dump/inside 2026-09 logos zip,gold,logos,2026-09,2026-09-23T18:10:43
map_version2/five_guys/output/FIVE_GUYS_UAE.csv,11635,dbc5a65831738295a205202c9124bb917b614791dbe92e991e9de430b9ca586f,s3://rii-data-dump/talabat/silver/_cross_month/05_classification/map_version2/five_guys/output/FIVE_GUYS_UAE.csv,silver,05_classification,_cross_month,2026-09-23T18:10:43
Google_Place/apify/brands/five_guys/output/FIVE_GUYS_UAE.csv,11635,dbc5a65831738295a205202c9124bb917b614791dbe92e991e9de430b9ca586f,s3://rii-data-dump/talabat/bronze/bronze/_cross_month/04_enrichment_raw/Google_Place/apify/brands/five_guys/output/FIVE_GUYS_UAE.csv,bronze,04_enrichment_raw,_cross_month,2026-09-23T18:10:43
images/data/september_logos/1116928/logo.jpg,11609,,s3://rii-data-dump/inside 2026-09 logos zip,gold,logos,2026-09,2026-09-23T18:10:43
images/data/september_logos/1116958/logo.jpg,11593,,s3://rii-data-dump/inside 2026-09 logos zip,gold,logos,2026-09,2026-09-23T18:10:43
images/data/september_logos/1120381/logo.jpg,11590,,s3://rii-data-dump/inside 2026-09 logos zip,gold,logos,2026-09,2026-09-23T18:10:43
images/data/september_logos/1100584/logo.jpg,11578,,s3://rii-data-dump/inside 2026-09 logos zip,gold,logos,2026-09,2026-09-23T18:10:43
images/data/september_logos/770118/logo.jpg,11576,,s3://rii-data-dump/inside 2026-09 logos zip,gold,logos,2026-09,2026-09-23T18:10:43
images/data/september_logos/765480/logo.jpg,11561,,s3://rii-data-dump/inside 2026-09 logos zip,gold,logos,2026-09,2026-09-23T18:10:43
images/data/september_logos/787955/logo.jpg,11540,,s3://rii-data-dump/inside 2026-09 logos zip,gold,logos,2026-09,2026-09-23T18:10:43
images/data/september_logos/775590/logo.jpg,11505,,s3://rii-data-dump/inside 2026-09 logos zip,gold,logos,2026-09,2026-09-23T18:10:43
images/data/september_logos/782671/logo.jpg,11480,,s3://rii-data-dump/inside 2026-09 logos zip,gold,logos,2026-09,2026-09-23T18:10:43
images/data/september_logos/754867/logo.jpg,11455,,s3://rii-data-dump/inside 2026-09 logos zip,gold,logos,2026-09,2026-09-23T18:10:43
images/data/september_logos/1118477/logo.jpg,11452,,s3://rii-data-dump/inside 2026-09 logos zip,gold,logos,2026-09,2026-09-23T18:10:43
images/data/september_logos/795717/logo.jpg,11434,,s3://rii-data-dump/inside 2026-09 logos zip,gold,logos,2026-09,2026-09-23T18:10:43
images/data/september_logos/1118287/logo.jpg,11406,,s3://rii-data-dump/inside 2026-09 logos zip,gold,logos,2026-09,2026-09-23T18:10:43
images/data/september_logos/781951/logo.jpg,11390,,s3://rii-data-dump/inside 2026-09 logos zip,gold,logos,2026-09,2026-09-23T18:10:43
images/data/september_logos/796948/logo.jpg,11348,,s3://rii-data-dump/inside 2026-09 logos zip,gold,logos,2026-09,2026-09-23T18:10:43
images/data/september_logos/775466/logo.jpg,11307,,s3://rii-data-dump/inside 2026-09 logos zip,gold,logos,2026-09,2026-09-23T18:10:43
images/data/september_logos/713137/logo.jpg,11228,,s3://rii-data-dump/inside 2026-09 logos zip,gold,logos,2026-09,2026-09-23T18:10:43
images/data/september_logos/772874/logo.jpg,11225,,s3://rii-data-dump/inside 2026-09 logos zip,gold,logos,2026-09,2026-09-23T18:10:43
images/data/september_logos/790500/logo.jpg,11211,,s3://rii-data-dump/inside 2026-09 logos zip,gold,logos,2026-09,2026-09-23T18:10:43
images/data/september_logos/1100599/logo.jpg,11189,,s3://rii-data-dump/inside 2026-09 logos zip,gold,logos,2026-09,2026-09-23T18:10:43
images/data/september_logos/779735/logo.jpg,11148,,s3://rii-data-dump/inside 2026-09 logos zip,gold,logos,2026-09,2026-09-23T18:10:43
images/data/september_logos/1104864/logo.jpg,11141,,s3://rii-data-dump/inside 2026-09 logos zip,gold,logos,2026-09,2026-09-23T18:10:43
Google_Place/talabat_menu/output/Apify_vs_Oxylabs_Comparison.xlsx,11119,18db57d0f10155e0b96f4505102d049748aae723ada8cfefb71b951ac99d5d14,s3://rii-data-dump/talabat/bronze/bronze/_cross_month/04_enrichment_raw/Google_Place/talabat_menu/output/Apify_vs_Oxylabs_Comparison.xlsx,bronze,04_enrichment_raw,_cross_month,2026-09-23T18:10:44
apify/Apify_talabat/talabat_menu/output/Apify_vs_Oxylabs_Comparison.xlsx,11119,18db57d0f10155e0b96f4505102d049748aae723ada8cfefb71b951ac99d5d14,s3://rii-data-dump/talabat/bronze/bronze/_cross_month/04_enrichment_raw/apify/Apify_talabat/talabat_menu/output/Apify_vs_Oxylabs_Comparison.xlsx,bronze,04_enrichment_raw,_cross_month,2026-09-23T18:10:44
images/data/september_logos/1119886/logo.jpg,11118,,s3://rii-data-dump/inside 2026-09 logos zip,gold,logos,2026-09,2026-09-23T18:10:44
images/data/september_logos/726283/logo.jpg,11101,,s3://rii-data-dump/inside 2026-09 logos zip,gold,logos,2026-09,2026-09-23T18:10:44
Google_Place/apify/query_metadata.json,11091,d8f03c519f6cc08c91b80473a0ccdf7bd44c395b65c80a430d216076b231ccce,s3://rii-data-dump/talabat/bronze/bronze/_cross_month/04_enrichment_raw/Google_Place/apify/query_metadata.json,bronze,04_enrichment_raw,_cross_month,2026-09-23T18:10:44
apify/Apify_talabat/scripts/query_metadata.json,11091,d8f03c519f6cc08c91b80473a0ccdf7bd44c395b65c80a430d216076b231ccce,s3://rii-data-dump/talabat/bronze/bronze/_cross_month/04_enrichment_raw/apify/Apify_talabat/scripts/query_metadata.json,bronze,04_enrichment_raw,_cross_month,2026-09-23T18:10:44
images/data/september_logos/735914/logo.jpg,11083,,s3://rii-data-dump/inside 2026-09 logos zip,gold,logos,2026-09,2026-09-23T18:10:44
images/data/september_logos/696641/logo.jpg,11081,,s3://rii-data-dump/inside 2026-09 logos zip,gold,logos,2026-09,2026-09-23T18:10:44
images/data/september_logos/1120462/logo.jpg,11053,,s3://rii-data-dump/inside 2026-09 logos zip,gold,logos,2026-09,2026-09-23T18:10:44
images/data/september_logos/709389/logo.jpg,11016,,s3://rii-data-dump/inside 2026-09 logos zip,gold,logos,2026-09,2026-09-23T18:10:44
images/data/september_logos/760664/logo.jpg,11010,,s3://rii-data-dump/inside 2026-09 logos zip,gold,logos,2026-09,2026-09-23T18:10:44
Google_Place/apify/brands/chicking/output/CHICKING_UAE.csv,11008,8cc817d2786a27c0fe91383efcdd563a2edd9b26e01d580cb9e7960d3983ba7c,s3://rii-data-dump/talabat/bronze/bronze/_cross_month/04_enrichment_raw/Google_Place/apify/brands/chicking/output/CHICKING_UAE.csv,bronze,04_enrichment_raw,_cross_month,2026-09-23T18:10:44
images/data/september_logos/797768/logo.jpg,10990,,s3://rii-data-dump/inside 2026-09 logos zip,gold,logos,2026-09,2026-09-23T18:10:44
images/data/september_logos/738561/logo.jpg,10971,,s3://rii-data-dump/inside 2026-09 logos zip,gold,logos,2026-09,2026-09-23T18:10:44
images/data/september_logos/1119376/logo.jpg,10969,,s3://rii-data-dump/inside 2026-09 logos zip,gold,logos,2026-09,2026-09-23T18:10:44
map_version2/pickl/output/PICKL_UAE.csv,10930,9c9db2cb599b4bc9f9f63d409469715d97d51154075ae29aa2938186057c7987,s3://rii-data-dump/talabat/silver/_cross_month/05_classification/map_version2/pickl/output/PICKL_UAE.csv,silver,05_classification,_cross_month,2026-09-23T18:10:44
Google_Place/apify/brands/pickl/output/PICKL_UAE.csv,10930,9c9db2cb599b4bc9f9f63d409469715d97d51154075ae29aa2938186057c7987,s3://rii-data-dump/talabat/bronze/bronze/_cross_month/04_enrichment_raw/Google_Place/apify/brands/pickl/output/PICKL_UAE.csv,bronze,04_enrichment_raw,_cross_month,2026-09-23T18:10:44
export/IT_Team_Location/cache/websearch_area_cache.json,10890,d75b8409f9636ae25c1c8c80f1ec6d20c2f09cc0c66ed7150ee464eaa093024d,s3://rii-data-dump/talabat/gold/2026-07/exports/export/IT_Team_Location/cache/websearch_area_cache.json,gold,exports,2026-07,2026-09-23T18:10:44
images/data/september_logos/1100352/logo.jpg,10874,,s3://rii-data-dump/inside 2026-09 logos zip,gold,logos,2026-09,2026-09-23T18:10:44
images/data/september_logos/750468/logo.jpg,10866,,s3://rii-data-dump/inside 2026-09 logos zip,gold,logos,2026-09,2026-09-23T18:10:44
images/data/september_logos/1119368/logo.jpg,10852,,s3://rii-data-dump/inside 2026-09 logos zip,gold,logos,2026-09,2026-09-23T18:10:44
images/data/september_checkpoint.json,10848,0634725075d0c43e45093e0a05cfe76077e02c85bf3f7e21d61b77ff5cbc5636,s3://rii-data-dump/talabat/ops/2026-09/checkpoints/images/data/september_checkpoint.json,ops,checkpoints,2026-09,2026-09-23T18:10:44
images/data/september_logos/769787/logo.jpg,10844,,s3://rii-data-dump/inside 2026-09 logos zip,gold,logos,2026-09,2026-09-23T18:10:44
map_version2/wendys/output/WENDYS_UAE.csv,10785,fb25d15c2f1c1f31d001b4e217347bbac1486ea8512a6f990ff8b652fd0831a0,s3://rii-data-dump/talabat/silver/_cross_month/05_classification/map_version2/wendys/output/WENDYS_UAE.csv,silver,05_classification,_cross_month,2026-09-23T18:10:44
Google_Place/apify/brands/wendys/output/WENDYS_UAE.csv,10785,fb25d15c2f1c1f31d001b4e217347bbac1486ea8512a6f990ff8b652fd0831a0,s3://rii-data-dump/talabat/bronze/bronze/_cross_month/04_enrichment_raw/Google_Place/apify/brands/wendys/output/WENDYS_UAE.csv,bronze,04_enrichment_raw,_cross_month,2026-09-23T18:10:44
images/data/september_logos/694988/logo.jpg,10757,,s3://rii-data-dump/inside 2026-09 logos zip,gold,logos,2026-09,2026-09-23T18:10:44
images/data/september_logos/789565/logo.jpg,10734,,s3://rii-data-dump/inside 2026-09 logos zip,gold,logos,2026-09,2026-09-23T18:10:44
images/data/september_logos/1116771/logo.jpg,10725,,s3://rii-data-dump/inside 2026-09 logos zip,gold,logos,2026-09,2026-09-23T18:10:44
images/data/september_logos/733528/logo.jpg,10720,,s3://rii-data-dump/inside 2026-09 logos zip,gold,logos,2026-09,2026-09-23T18:10:44
images/data/september_logos/784780/logo.jpg,10709,,s3://rii-data-dump/inside 2026-09 logos zip,gold,logos,2026-09,2026-09-23T18:10:44
images/data/september_logos/1104917/logo.jpg,10703,,s3://rii-data-dump/inside 2026-09 logos zip,gold,logos,2026-09,2026-09-23T18:10:44
images/data/september_logos/799808/logo.jpg,10701,,s3://rii-data-dump/inside 2026-09 logos zip,gold,logos,2026-09,2026-09-23T18:10:44
images/data/september_logos/696565/logo.jpg,10640,,s3://rii-data-dump/inside 2026-09 logos zip,gold,logos,2026-09,2026-09-23T18:10:44
images/data/september_logos/793397/logo.jpg,10565,,s3://rii-data-dump/inside 2026-09 logos zip,gold,logos,2026-09,2026-09-23T18:10:44
images/data/september_logos/1120663/logo.jpg,10563,,s3://rii-data-dump/inside 2026-09 logos zip,gold,logos,2026-09,2026-09-23T18:10:44
images/data/september_logos/715688/logo.jpg,10538,,s3://rii-data-dump/inside 2026-09 logos zip,gold,logos,2026-09,2026-09-23T18:10:44
images/data/september_logos/1115888/logo.jpg,10488,,s3://rii-data-dump/inside 2026-09 logos zip,gold,logos,2026-09,2026-09-23T18:10:44
images/data/september_logos/746281/logo.jpg,10389,,s3://rii-data-dump/inside 2026-09 logos zip,gold,logos,2026-09,2026-09-23T18:10:44
images/data/september_logos/738488/logo.jpg,10366,,s3://rii-data-dump/inside 2026-09 logos zip,gold,logos,2026-09,2026-09-23T18:10:44
images/data/september_logos/1119105/logo.jpg,10356,,s3://rii-data-dump/inside 2026-09 logos zip,gold,logos,2026-09,2026-09-23T18:10:44
images/data/september_logos/1116883/logo.jpg,10355,,s3://rii-data-dump/inside 2026-09 logos zip,gold,logos,2026-09,2026-09-23T18:10:44
images/data/september_logos/769953/logo.jpg,10294,,s3://rii-data-dump/inside 2026-09 logos zip,gold,logos,2026-09,2026-09-23T18:10:44
images/data/september_logos/712532/logo.jpg,10292,,s3://rii-data-dump/inside 2026-09 logos zip,gold,logos,2026-09,2026-09-23T18:10:44
images/data/september_logos/1101844/logo.jpg,10284,,s3://rii-data-dump/inside 2026-09 logos zip,gold,logos,2026-09,2026-09-23T18:10:44
images/data/september_logos/739228/logo.jpg,10265,,s3://rii-data-dump/inside 2026-09 logos zip,gold,logos,2026-09,2026-09-23T18:10:44
images/data/september_logos/650747/logo.jpg,10258,,s3://rii-data-dump/inside 2026-09 logos zip,gold,logos,2026-09,2026-09-23T18:10:44
images/data/september_logos/1106087/logo.jpeg,10247,,s3://rii-data-dump/inside 2026-09 logos zip,gold,logos,2026-09,2026-09-23T18:10:44
images/data/september_logos/749324/logo.jpg,10244,,s3://rii-data-dump/inside 2026-09 logos zip,gold,logos,2026-09,2026-09-23T18:10:44
images/data/september_logos/726170/logo.jpg,10196,,s3://rii-data-dump/inside 2026-09 logos zip,gold,logos,2026-09,2026-09-23T18:10:44
images/data/september_logos/737939/logo.jpg,10188,,s3://rii-data-dump/inside 2026-09 logos zip,gold,logos,2026-09,2026-09-23T18:10:44
images/data/september_logos/1119476/logo.jpg,10176,,s3://rii-data-dump/inside 2026-09 logos zip,gold,logos,2026-09,2026-09-23T18:10:44
images/data/september_logos/1117903/logo.jpg,10169,,s3://rii-data-dump/inside 2026-09 logos zip,gold,logos,2026-09,2026-09-23T18:10:44
map_version2/german_doner_kebab/output/GERMAN_DONER_KEBAB_GDK_UAE.json,10127,8343dfd521bb66217a2ac287adeb4d9f7949e968152e013c4d8c5b9528dab692,s3://rii-data-dump/talabat/silver/_cross_month/05_classification/map_version2/german_doner_kebab/output/GERMAN_DONER_KEBAB_GDK_UAE.json,silver,05_classification,_cross_month,2026-09-23T18:10:44
Google_Place/apify/brands/german_doner_kebab/output/GERMAN_DONER_KEBAB_GDK_UAE.json,10127,8343dfd521bb66217a2ac287adeb4d9f7949e968152e013c4d8c5b9528dab692,s3://rii-data-dump/talabat/bronze/bronze/_cross_month/04_enrichment_raw/Google_Place/apify/brands/german_doner_kebab/output/GERMAN_DONER_KEBAB_GDK_UAE.json,bronze,04_enrichment_raw,_cross_month,2026-09-23T18:10:44
images/data/september_logos/1120352/logo.jpg,10085,,s3://rii-data-dump/inside 2026-09 logos zip,gold,logos,2026-09,2026-09-23T18:10:44
images/data/september_logos/744364/logo.jpg,10074,,s3://rii-data-dump/inside 2026-09 logos zip,gold,logos,2026-09,2026-09-23T18:10:44
images/data/september_logos/741901/logo.jpg,10071,,s3://rii-data-dump/inside 2026-09 logos zip,gold,logos,2026-09,2026-09-23T18:10:44
images/data/september_logos/798297/logo.jpg,10058,,s3://rii-data-dump/inside 2026-09 logos zip,gold,logos,2026-09,2026-09-23T18:10:44
images/data/september_logos/760479/logo.jpg,10051,,s3://rii-data-dump/inside 2026-09 logos zip,gold,logos,2026-09,2026-09-23T18:10:44
images/data/september_logos/1106098/logo.jpg,10041,,s3://rii-data-dump/inside 2026-09 logos zip,gold,logos,2026-09,2026-09-23T18:10:44
images/data/september_logos/761072/logo.jpg,10014,,s3://rii-data-dump/inside 2026-09 logos zip,gold,logos,2026-09,2026-09-23T18:10:44
images/data/september_logos/790617/logo.jpg,9994,,s3://rii-data-dump/inside 2026-09 logos zip,gold,logos,2026-09,2026-09-23T18:10:44
listing_comparison/output/dedupe_removed_audit.csv,9990,ba393063aa3364295d84fafdcf0740b8f764d2bdd405ac85d3bd6b6b7196c7b7,s3://rii-data-dump/talabat/silver/_cross_month/01_listing_compare/listing_comparison/output/dedupe_removed_audit.csv,silver,01_listing_compare,_cross_month,2026-09-23T18:10:44
images/data/september_logos/761732/logo.jpg,9971,,s3://rii-data-dump/inside 2026-09 logos zip,gold,logos,2026-09,2026-09-23T18:10:44
images/data/september_logos/649522/logo.jpg,9967,,s3://rii-data-dump/inside 2026-09 logos zip,gold,logos,2026-09,2026-09-23T18:10:44
images/data/september_logos/765718/logo.jpg,9931,,s3://rii-data-dump/inside 2026-09 logos zip,gold,logos,2026-09,2026-09-23T18:10:44
images/data/september_logos/647107/logo.jpg,9929,,s3://rii-data-dump/inside 2026-09 logos zip,gold,logos,2026-09,2026-09-23T18:10:44
images/data/september_logos/761935/logo.jpg,9882,,s3://rii-data-dump/inside 2026-09 logos zip,gold,logos,2026-09,2026-09-23T18:10:44
images/data/september_logos/1121093/logo.jpg,9872,,s3://rii-data-dump/inside 2026-09 logos zip,gold,logos,2026-09,2026-09-23T18:10:44
images/data/september_logos/1121109/logo.jpg,9858,,s3://rii-data-dump/inside 2026-09 logos zip,gold,logos,2026-09,2026-09-23T18:10:44
images/data/september_logos/26196/logo.jpg,9854,,s3://rii-data-dump/inside 2026-09 logos zip,gold,logos,2026-09,2026-09-23T18:10:44
images/data/september_logos/778524/logo.jpg,9851,,s3://rii-data-dump/inside 2026-09 logos zip,gold,logos,2026-09,2026-09-23T18:10:44
images/data/september_logos/775102/logo.jpg,9831,,s3://rii-data-dump/inside 2026-09 logos zip,gold,logos,2026-09,2026-09-23T18:10:44
map_version2/caffe_nero/output/CAFFÈ_NERO_UAE.csv,9828,169c2098150badaf204f4ccc44634cf01b5159bddaf728804ea43334ca4f7be4,s3://rii-data-dump/talabat/silver/_cross_month/05_classification/map_version2/caffe_nero/output/CAFFÈ_NERO_UAE.csv,silver,05_classification,_cross_month,2026-09-23T18:10:44
Google_Place/apify/brands/caffe_nero/output/CAFFÈ_NERO_UAE.csv,9828,169c2098150badaf204f4ccc44634cf01b5159bddaf728804ea43334ca4f7be4,s3://rii-data-dump/talabat/bronze/bronze/_cross_month/04_enrichment_raw/Google_Place/apify/brands/caffe_nero/output/CAFFÈ_NERO_UAE.csv,bronze,04_enrichment_raw,_cross_month,2026-09-23T18:10:44
images/data/september_logos/775088/logo.jpg,9823,,s3://rii-data-dump/inside 2026-09 logos zip,gold,logos,2026-09,2026-09-23T18:10:44
images/data/september_logos/702033/logo.jpg,9804,,s3://rii-data-dump/inside 2026-09 logos zip,gold,logos,2026-09,2026-09-23T18:10:44
images/data/september_logos/775665/logo.jpg,9794,,s3://rii-data-dump/inside 2026-09 logos zip,gold,logos,2026-09,2026-09-23T18:10:44
images/data/september_logos/25665/logo.jpg,9781,,s3://rii-data-dump/inside 2026-09 logos zip,gold,logos,2026-09,2026-09-23T18:10:44
images/data/september_logos/742018/logo.jpg,9778,,s3://rii-data-dump/inside 2026-09 logos zip,gold,logos,2026-09,2026-09-23T18:10:44
images/data/september_logos/800619/logo.jpg,9773,,s3://rii-data-dump/inside 2026-09 logos zip,gold,logos,2026-09,2026-09-23T18:10:44
images/data/september_logos/1119256/logo.jpg,9764,,s3://rii-data-dump/inside 2026-09 logos zip,gold,logos,2026-09,2026-09-23T18:10:44
images/data/september_logos/46469/logo.jpg,9752,,s3://rii-data-dump/inside 2026-09 logos zip,gold,logos,2026-09,2026-09-23T18:10:44
images/data/september_logos/1100814/logo.jpg,9752,,s3://rii-data-dump/inside 2026-09 logos zip,gold,logos,2026-09,2026-09-23T18:10:44
images/data/september_logos/790038/logo.jpg,9722,,s3://rii-data-dump/inside 2026-09 logos zip,gold,logos,2026-09,2026-09-23T18:10:44
images/data/september_logos/1113793/logo.jpg,9699,,s3://rii-data-dump/inside 2026-09 logos zip,gold,logos,2026-09,2026-09-23T18:10:44
images/data/september_logos/801974/logo.jpg,9675,,s3://rii-data-dump/inside 2026-09 logos zip,gold,logos,2026-09,2026-09-23T18:10:44
images/data/september_logos/760239/logo.jpg,9656,,s3://rii-data-dump/inside 2026-09 logos zip,gold,logos,2026-09,2026-09-23T18:10:44
images/data/september_logos/755681/logo.jpg,9653,,s3://rii-data-dump/inside 2026-09 logos zip,gold,logos,2026-09,2026-09-23T18:10:44
images/data/september_logos/660447/logo.JPG,9652,,s3://rii-data-dump/inside 2026-09 logos zip,gold,logos,2026-09,2026-09-23T18:10:44
Google_Place/apify/brands/nandos/output/NANDOS_UAE.csv,9646,4c7a2f3073d78e9d24bd8c14476506c84ed94c1dd6c073a47076a927951c9edc,s3://rii-data-dump/talabat/bronze/bronze/_cross_month/04_enrichment_raw/Google_Place/apify/brands/nandos/output/NANDOS_UAE.csv,bronze,04_enrichment_raw,_cross_month,2026-09-23T18:10:44
images/data/september_logos/754313/logo.jpg,9640,,s3://rii-data-dump/inside 2026-09 logos zip,gold,logos,2026-09,2026-09-23T18:10:44
images/data/september_logos/754486/logo.jpg,9626,,s3://rii-data-dump/inside 2026-09 logos zip,gold,logos,2026-09,2026-09-23T18:10:44
images/data/september_logos/758670/logo.jpg,9624,,s3://rii-data-dump/inside 2026-09 logos zip,gold,logos,2026-09,2026-09-23T18:10:44
images/data/september_logos/1100587/logo.jpg,9596,,s3://rii-data-dump/inside 2026-09 logos zip,gold,logos,2026-09,2026-09-23T18:10:44
images/data/september_logos/1118634/logo.jpg,9586,,s3://rii-data-dump/inside 2026-09 logos zip,gold,logos,2026-09,2026-09-23T18:10:44
address_audit/data/ll_second_pass_test_results.csv,9571,a5449744f7f44df8d022276a66674a1aca98a1fac64690f3efe7b60e53ff2085,s3://rii-data-dump/talabat/silver/2026-09/07_addresses/address_audit/data/ll_second_pass_test_results.csv,silver,07_addresses,2026-09,2026-09-23T18:10:44
images/data/september_logos/637965/logo.jpg,9556,,s3://rii-data-dump/inside 2026-09 logos zip,gold,logos,2026-09,2026-09-23T18:10:44
images/data/september_logos/780953/logo.jpg,9547,,s3://rii-data-dump/inside 2026-09 logos zip,gold,logos,2026-09,2026-09-23T18:10:44
images/data/september_logos/1120199/logo.jpg,9534,,s3://rii-data-dump/inside 2026-09 logos zip,gold,logos,2026-09,2026-09-23T18:10:44
images/data/september_logos/801930/logo.jpg,9526,,s3://rii-data-dump/inside 2026-09 logos zip,gold,logos,2026-09,2026-09-23T18:10:44
images/data/september_logos/1119469/logo.jpg,9494,,s3://rii-data-dump/inside 2026-09 logos zip,gold,logos,2026-09,2026-09-23T18:10:44
images/data/september_logos/1101712/logo.jpg,9484,,s3://rii-data-dump/inside 2026-09 logos zip,gold,logos,2026-09,2026-09-23T18:10:44
images/data/september_logos/767942/logo.jpg,9468,,s3://rii-data-dump/inside 2026-09 logos zip,gold,logos,2026-09,2026-09-23T18:10:44
images/data/september_logos/1120722/logo.jpg,9451,,s3://rii-data-dump/inside 2026-09 logos zip,gold,logos,2026-09,2026-09-23T18:10:44
images/data/september_logos/726490/logo.jpg,9445,,s3://rii-data-dump/inside 2026-09 logos zip,gold,logos,2026-09,2026-09-23T18:10:44
images/data/september_logos/1114259/logo.jpg,9408,,s3://rii-data-dump/inside 2026-09 logos zip,gold,logos,2026-09,2026-09-23T18:10:44
images/data/september_logos/661760/logo.jpg,9403,,s3://rii-data-dump/inside 2026-09 logos zip,gold,logos,2026-09,2026-09-23T18:10:44
images/data/september_logos/801669/logo.jpg,9385,,s3://rii-data-dump/inside 2026-09 logos zip,gold,logos,2026-09,2026-09-23T18:10:44
images/data/september_logos/1120674/logo.jpg,9371,,s3://rii-data-dump/inside 2026-09 logos zip,gold,logos,2026-09,2026-09-23T18:10:44
images/data/september_logos/775913/logo.jpg,9363,,s3://rii-data-dump/inside 2026-09 logos zip,gold,logos,2026-09,2026-09-23T18:10:44
map_version2/pret_a_manger/output/PRET_A_MANGER_UAE.json,9344,a4040da1406271c9c1103c4120c78209c76b3bb57d51b6041079936ecc3d1177,s3://rii-data-dump/talabat/silver/_cross_month/05_classification/map_version2/pret_a_manger/output/PRET_A_MANGER_UAE.json,silver,05_classification,_cross_month,2026-09-23T18:10:44
Google_Place/apify/brands/pret_a_manger/output/PRET_A_MANGER_UAE.json,9344,a4040da1406271c9c1103c4120c78209c76b3bb57d51b6041079936ecc3d1177,s3://rii-data-dump/talabat/bronze/bronze/_cross_month/04_enrichment_raw/Google_Place/apify/brands/pret_a_manger/output/PRET_A_MANGER_UAE.json,bronze,04_enrichment_raw,_cross_month,2026-09-23T18:10:44
images/data/september_logos/707527/logo.jpg,9336,,s3://rii-data-dump/inside 2026-09 logos zip,gold,logos,2026-09,2026-09-23T18:10:44
images/data/september_logos/754346/logo.jpg,9330,,s3://rii-data-dump/inside 2026-09 logos zip,gold,logos,2026-09,2026-09-23T18:10:44
images/data/september_logos/1119879/logo.jpeg,9312,,s3://rii-data-dump/inside 2026-09 logos zip,gold,logos,2026-09,2026-09-23T18:10:44
images/data/september_logos/1121079/logo.jpg,9309,,s3://rii-data-dump/inside 2026-09 logos zip,gold,logos,2026-09,2026-09-23T18:10:44
images/data/september_logos/1116877/logo.jpg,9305,,s3://rii-data-dump/inside 2026-09 logos zip,gold,logos,2026-09,2026-09-23T18:10:44
images/data/september_logos/802482/logo.jpg,9285,,s3://rii-data-dump/inside 2026-09 logos zip,gold,logos,2026-09,2026-09-23T18:10:44
images/data/september_logos/1119213/logo.jpg,9256,,s3://rii-data-dump/inside 2026-09 logos zip,gold,logos,2026-09,2026-09-23T18:10:44
images/data/september_logos/653209/logo.jpg,9240,,s3://rii-data-dump/inside 2026-09 logos zip,gold,logos,2026-09,2026-09-23T18:10:44
Google_Place/apify/brands/crispy_chicken/output/CRISPY_CHICKEN_UAE.json,9236,f18083872e11c15fb7ec5c3c614a86bb9ab3dc94d0aa9da4f358b0c152a2a650,s3://rii-data-dump/talabat/bronze/bronze/_cross_month/04_enrichment_raw/Google_Place/apify/brands/crispy_chicken/output/CRISPY_CHICKEN_UAE.json,bronze,04_enrichment_raw,_cross_month,2026-09-23T18:10:44
images/data/september_logos/804736/logo.jpg,9234,,s3://rii-data-dump/inside 2026-09 logos zip,gold,logos,2026-09,2026-09-23T18:10:44
images/data/september_logos/686954/logo.jpg,9233,,s3://rii-data-dump/inside 2026-09 logos zip,gold,logos,2026-09,2026-09-23T18:10:44
images/data/september_logos/41999/logo.jpg,9227,,s3://rii-data-dump/inside 2026-09 logos zip,gold,logos,2026-09,2026-09-23T18:10:44
images/data/september_logos/609262/logo.jpg,9220,,s3://rii-data-dump/inside 2026-09 logos zip,gold,logos,2026-09,2026-09-23T18:10:44
images/data/september_logos/747762/logo.jpg,9208,,s3://rii-data-dump/inside 2026-09 logos zip,gold,logos,2026-09,2026-09-23T18:10:44
images/data/september_logos/730476/logo.jpg,9196,,s3://rii-data-dump/inside 2026-09 logos zip,gold,logos,2026-09,2026-09-23T18:10:44
images/data/september_logos/1120025/logo.jpg,9184,,s3://rii-data-dump/inside 2026-09 logos zip,gold,logos,2026-09,2026-09-23T18:10:44
images/data/september_logos/1115578/logo.jpg,9177,,s3://rii-data-dump/inside 2026-09 logos zip,gold,logos,2026-09,2026-09-23T18:10:44
images/data/september_logos/1119518/logo.jpg,9174,,s3://rii-data-dump/inside 2026-09 logos zip,gold,logos,2026-09,2026-09-23T18:10:44
images/data/september_logos/721697/logo.jpg,9171,,s3://rii-data-dump/inside 2026-09 logos zip,gold,logos,2026-09,2026-09-23T18:10:44
images/data/september_logos/768184/logo.jpg,9169,,s3://rii-data-dump/inside 2026-09 logos zip,gold,logos,2026-09,2026-09-23T18:10:44
images/data/september_logos/781541/logo.jpg,9155,,s3://rii-data-dump/inside 2026-09 logos zip,gold,logos,2026-09,2026-09-23T18:10:44
images/data/september_logos/726702/logo.jpg,9140,,s3://rii-data-dump/inside 2026-09 logos zip,gold,logos,2026-09,2026-09-23T18:10:44
images/data/september_logos/703819/logo.jpg,9130,,s3://rii-data-dump/inside 2026-09 logos zip,gold,logos,2026-09,2026-09-23T18:10:44
images/data/september_logos/1116417/logo.jpg,9130,,s3://rii-data-dump/inside 2026-09 logos zip,gold,logos,2026-09,2026-09-23T18:10:44
images/data/september_logos/1120525/logo.jpg,9128,,s3://rii-data-dump/inside 2026-09 logos zip,gold,logos,2026-09,2026-09-23T18:10:44
images/data/september_logos/1119142/logo.jpg,9105,,s3://rii-data-dump/inside 2026-09 logos zip,gold,logos,2026-09,2026-09-23T18:10:44
images/data/september_logos/788549/logo.jpg,9099,,s3://rii-data-dump/inside 2026-09 logos zip,gold,logos,2026-09,2026-09-23T18:10:44
images/data/september_logos/1115340/logo.jpg,9040,,s3://rii-data-dump/inside 2026-09 logos zip,gold,logos,2026-09,2026-09-23T18:10:44
images/data/september_logos/722018/logo.jpg,9037,,s3://rii-data-dump/inside 2026-09 logos zip,gold,logos,2026-09,2026-09-23T18:10:44
images/data/september_logos/1106796/logo.jpg,9021,,s3://rii-data-dump/inside 2026-09 logos zip,gold,logos,2026-09,2026-09-23T18:10:44
images/data/september_logos/791413/logo.jpg,9016,,s3://rii-data-dump/inside 2026-09 logos zip,gold,logos,2026-09,2026-09-23T18:10:44
images/data/september_logos/675847/logo.jpg,9010,,s3://rii-data-dump/inside 2026-09 logos zip,gold,logos,2026-09,2026-09-23T18:10:44
images/data/september_logos/756322/logo.jpg,9005,,s3://rii-data-dump/inside 2026-09 logos zip,gold,logos,2026-09,2026-09-23T18:10:44
images/data/september_logos/1000009/logo.jpg,8996,,s3://rii-data-dump/inside 2026-09 logos zip,gold,logos,2026-09,2026-09-23T18:10:44
images/data/september_logos/758080/logo.jpg,8971,,s3://rii-data-dump/inside 2026-09 logos zip,gold,logos,2026-09,2026-09-23T18:10:44
images/data/september_logos/733388/logo.jpg,8965,,s3://rii-data-dump/inside 2026-09 logos zip,gold,logos,2026-09,2026-09-23T18:10:44
images/data/september_logos/781390/logo.jpg,8962,,s3://rii-data-dump/inside 2026-09 logos zip,gold,logos,2026-09,2026-09-23T18:10:44
area_classification/data/offtaxonomy_areas.json,8935,14065802271e344f07cc11a3667a9880f4b0ac1c8310389a52190c8d4a40dfe6,s3://rii-data-dump/talabat/silver/2026-09/06_areas/area_classification/data/offtaxonomy_areas.json,silver,06_areas,2026-09,2026-09-23T18:10:44
images/data/september_logos/790000/logo.jpg,8928,,s3://rii-data-dump/inside 2026-09 logos zip,gold,logos,2026-09,2026-09-23T18:10:44
images/data/september_logos/1101471/logo.jpg,8914,,s3://rii-data-dump/inside 2026-09 logos zip,gold,logos,2026-09,2026-09-23T18:10:44
september/data/menus/checkpoint.json,8910,e8f22092414b90801dd3ed3e6251c35fe538ccc3bbecd8dacfcb8d2036e6e43d,s3://rii-data-dump/talabat/ops/2026-09/checkpoints/september/data/menus/checkpoint.json,ops,checkpoints,2026-09,2026-09-23T18:10:44
images/data/september_logos/790238/logo.jpg,8888,,s3://rii-data-dump/inside 2026-09 logos zip,gold,logos,2026-09,2026-09-23T18:10:44
images/data/september_logos/778543/logo.jpg,8866,,s3://rii-data-dump/inside 2026-09 logos zip,gold,logos,2026-09,2026-09-23T18:10:44
export/IT_Team_Location/output/manual_review_final.csv,8858,a7cdcd6da6611fe5483aee6f723a4c99abd97af63f70ca4ba6f5acb83fd73402,s3://rii-data-dump/talabat/gold/2026-07/exports/export/IT_Team_Location/output/manual_review_final.csv,gold,exports,2026-07,2026-09-23T18:10:44
images/data/september_logos/781359/logo.jpg,8834,,s3://rii-data-dump/inside 2026-09 logos zip,gold,logos,2026-09,2026-09-23T18:10:44
images/data/september_logos/1116875/logo.jpg,8825,,s3://rii-data-dump/inside 2026-09 logos zip,gold,logos,2026-09,2026-09-23T18:10:44
images/data/september_logos/778697/logo.jpg,8823,,s3://rii-data-dump/inside 2026-09 logos zip,gold,logos,2026-09,2026-09-23T18:10:44
images/data/september_logos/758526/logo.jpg,8811,,s3://rii-data-dump/inside 2026-09 logos zip,gold,logos,2026-09,2026-09-23T18:10:44
address_audit/data/ll_positive_control_results.csv,8810,d01871285bbbe670ca2ed1fbaaf2e2e8e6b320336e0ff21ad414fa23b8a759e6,s3://rii-data-dump/talabat/silver/2026-09/07_addresses/address_audit/data/ll_positive_control_results.csv,silver,07_addresses,2026-09,2026-09-23T18:10:44
images/data/september_logos/792219/logo.jpg,8797,,s3://rii-data-dump/inside 2026-09 logos zip,gold,logos,2026-09,2026-09-23T18:10:44
images/data/september_logos/703202/logo.jpg,8778,,s3://rii-data-dump/inside 2026-09 logos zip,gold,logos,2026-09,2026-09-23T18:10:44
images/data/september_logos/652469/logo.jpg,8772,,s3://rii-data-dump/inside 2026-09 logos zip,gold,logos,2026-09,2026-09-23T18:10:44
images/data/september_logos/713596/logo.jpg,8768,,s3://rii-data-dump/inside 2026-09 logos zip,gold,logos,2026-09,2026-09-23T18:10:44
images/data/september_logos/1119567/logo.jpg,8760,,s3://rii-data-dump/inside 2026-09 logos zip,gold,logos,2026-09,2026-09-23T18:10:44
images/data/september_logos/720059/logo.jpg,8753,,s3://rii-data-dump/inside 2026-09 logos zip,gold,logos,2026-09,2026-09-23T18:10:44
images/data/september_logos/1100987/logo.jpg,8745,,s3://rii-data-dump/inside 2026-09 logos zip,gold,logos,2026-09,2026-09-23T18:10:44
images/data/september_logos/1113853/logo.jpg,8706,,s3://rii-data-dump/inside 2026-09 logos zip,gold,logos,2026-09,2026-09-23T18:10:44
images/data/september_logos/803720/logo.jpg,8705,,s3://rii-data-dump/inside 2026-09 logos zip,gold,logos,2026-09,2026-09-23T18:10:44
images/data/september_logos/52166/logo.jpg,8656,,s3://rii-data-dump/inside 2026-09 logos zip,gold,logos,2026-09,2026-09-23T18:10:44
images/data/september_logos/733172/logo.jpg,8654,,s3://rii-data-dump/inside 2026-09 logos zip,gold,logos,2026-09,2026-09-23T18:10:44
images/data/september_logos/766584/logo.jpg,8647,,s3://rii-data-dump/inside 2026-09 logos zip,gold,logos,2026-09,2026-09-23T18:10:44
images/data/september_logos/612209/logo.jpg,8643,,s3://rii-data-dump/inside 2026-09 logos zip,gold,logos,2026-09,2026-09-23T18:10:44
images/data/september_logos/741227/logo.jpg,8640,,s3://rii-data-dump/inside 2026-09 logos zip,gold,logos,2026-09,2026-09-23T18:10:44
images/data/september_logos/797015/logo.jpeg,8636,,s3://rii-data-dump/inside 2026-09 logos zip,gold,logos,2026-09,2026-09-23T18:10:44
images/data/september_logos/717127/logo.jpg,8635,,s3://rii-data-dump/inside 2026-09 logos zip,gold,logos,2026-09,2026-09-23T18:10:44
images/data/september_logos/624315/logo.jpg,8627,,s3://rii-data-dump/inside 2026-09 logos zip,gold,logos,2026-09,2026-09-23T18:10:44
images/data/september_logos/781551/logo.jpg,8613,,s3://rii-data-dump/inside 2026-09 logos zip,gold,logos,2026-09,2026-09-23T18:10:44
images/data/september_logos/1118290/logo.jpg,8604,,s3://rii-data-dump/inside 2026-09 logos zip,gold,logos,2026-09,2026-09-23T18:10:44
images/data/september_logos/735353/logo.jpg,8598,,s3://rii-data-dump/inside 2026-09 logos zip,gold,logos,2026-09,2026-09-23T18:10:44
images/data/september_logos/716955/logo.jpg,8564,,s3://rii-data-dump/inside 2026-09 logos zip,gold,logos,2026-09,2026-09-23T18:10:44
images/data/september_logos/1119419/logo.jpg,8533,,s3://rii-data-dump/inside 2026-09 logos zip,gold,logos,2026-09,2026-09-23T18:10:44
images/data/september_logos/740342/logo.jpg,8526,,s3://rii-data-dump/inside 2026-09 logos zip,gold,logos,2026-09,2026-09-23T18:10:44
images/data/september_logos/659336/logo.jpg,8521,,s3://rii-data-dump/inside 2026-09 logos zip,gold,logos,2026-09,2026-09-23T18:10:44
images/data/september_logos/50538/logo.jpg,8520,,s3://rii-data-dump/inside 2026-09 logos zip,gold,logos,2026-09,2026-09-23T18:10:44
images/data/september_logos/782849/logo.jpg,8496,,s3://rii-data-dump/inside 2026-09 logos zip,gold,logos,2026-09,2026-09-23T18:10:44
images/data/september_logos/1116749/logo.jpg,8484,,s3://rii-data-dump/inside 2026-09 logos zip,gold,logos,2026-09,2026-09-23T18:10:44
images/data/september_logos/802290/logo.jpg,8475,,s3://rii-data-dump/inside 2026-09 logos zip,gold,logos,2026-09,2026-09-23T18:10:44
images/data/september_logos/753762/logo.jpg,8467,,s3://rii-data-dump/inside 2026-09 logos zip,gold,logos,2026-09,2026-09-23T18:10:44
Google_Place/apify/KFC.csv,8452,37e51443a125f02e9109151c5404ceefa5952b534b9b8c306b674c93b54c4799,s3://rii-data-dump/talabat/bronze/bronze/_cross_month/04_enrichment_raw/Google_Place/apify/KFC.csv,bronze,04_enrichment_raw,_cross_month,2026-09-23T18:10:44
apify/Apify_talabat/scripts/KFC.csv,8452,37e51443a125f02e9109151c5404ceefa5952b534b9b8c306b674c93b54c4799,s3://rii-data-dump/talabat/bronze/bronze/_cross_month/04_enrichment_raw/apify/Apify_talabat/scripts/KFC.csv,bronze,04_enrichment_raw,_cross_month,2026-09-23T18:10:44
images/data/september_logos/1120100/logo.jpg,8450,,s3://rii-data-dump/inside 2026-09 logos zip,gold,logos,2026-09,2026-09-23T18:10:44
images/data/september_logos/1106109/logo.jpg,8445,,s3://rii-data-dump/inside 2026-09 logos zip,gold,logos,2026-09,2026-09-23T18:10:44
map_version2/shake_shack/output/SHAKE_SHACK_UAE.csv,8418,744c561df7dfa0c44e3b09aa08d409ebfcd603b07b530ea424a324276c2d4310,s3://rii-data-dump/talabat/silver/_cross_month/05_classification/map_version2/shake_shack/output/SHAKE_SHACK_UAE.csv,silver,05_classification,_cross_month,2026-09-23T18:10:44
Google_Place/apify/brands/shake_shack/output/SHAKE_SHACK_UAE.csv,8418,744c561df7dfa0c44e3b09aa08d409ebfcd603b07b530ea424a324276c2d4310,s3://rii-data-dump/talabat/bronze/bronze/_cross_month/04_enrichment_raw/Google_Place/apify/brands/shake_shack/output/SHAKE_SHACK_UAE.csv,bronze,04_enrichment_raw,_cross_month,2026-09-23T18:10:44
images/data/september_logos/786995/logo.jpg,8404,,s3://rii-data-dump/inside 2026-09 logos zip,gold,logos,2026-09,2026-09-23T18:10:44
images/data/september_logos/776920/logo.jpg,8388,,s3://rii-data-dump/inside 2026-09 logos zip,gold,logos,2026-09,2026-09-23T18:10:44
Google_Place/Google_map/output/results/DIY_Batch01_NotFound_20260702_222334.json,8383,ac7cba52c3394a0a79574254c37ffff4fb7e3467440c91407e0e32dfd93f43b7,s3://rii-data-dump/talabat/bronze/bronze/2026-07/04_enrichment_raw/Google_Place/Google_map/output/results/DIY_Batch01_NotFound_20260702_222334.json,bronze,04_enrichment_raw,2026-07,2026-09-23T18:10:44
images/data/september_logos/690340/logo.jpg,8355,,s3://rii-data-dump/inside 2026-09 logos zip,gold,logos,2026-09,2026-09-23T18:10:44
images/data/september_logos/33128/logo.jpg,8348,,s3://rii-data-dump/inside 2026-09 logos zip,gold,logos,2026-09,2026-09-23T18:10:44
images/data/september_logos/738875/logo.jpg,8344,,s3://rii-data-dump/inside 2026-09 logos zip,gold,logos,2026-09,2026-09-23T18:10:44
images/data/september_logos/655521/logo.jpg,8339,,s3://rii-data-dump/inside 2026-09 logos zip,gold,logos,2026-09,2026-09-23T18:10:44
images/data/september_logos/1120382/logo.jpg,8330,,s3://rii-data-dump/inside 2026-09 logos zip,gold,logos,2026-09,2026-09-23T18:10:44
images/data/september_logos/25297/logo.jpg,8328,,s3://rii-data-dump/inside 2026-09 logos zip,gold,logos,2026-09,2026-09-23T18:10:44
listing_scraper/smoke_results/unmappable_areas.json,8311,e4f8e7b1bf41051d7161acabd58087b7397dfa7fcd2959cd19d1cae878d90dd7,s3://rii-data-dump/talabat/bronze/bronze/_cross_month/01_zones/listing_scraper/smoke_results/unmappable_areas.json,bronze,01_zones,_cross_month,2026-09-23T18:10:44
images/data/september_logos/802057/logo.jpg,8311,,s3://rii-data-dump/inside 2026-09 logos zip,gold,logos,2026-09,2026-09-23T18:10:44
images/data/september_logos/742399/logo.jpg,8310,,s3://rii-data-dump/inside 2026-09 logos zip,gold,logos,2026-09,2026-09-23T18:10:44
images/data/september_logos/1120249/logo.jpg,8306,,s3://rii-data-dump/inside 2026-09 logos zip,gold,logos,2026-09,2026-09-23T18:10:44
images/data/september_logos/1119215/logo.jpg,8305,,s3://rii-data-dump/inside 2026-09 logos zip,gold,logos,2026-09,2026-09-23T18:10:44
images/data/september_logos/787568/logo.jpg,8295,,s3://rii-data-dump/inside 2026-09 logos zip,gold,logos,2026-09,2026-09-23T18:10:44
images/data/september_logos/805022/logo.jpg,8289,,s3://rii-data-dump/inside 2026-09 logos zip,gold,logos,2026-09,2026-09-23T18:10:44
images/data/september_logos/690397/logo.jpg,8286,,s3://rii-data-dump/inside 2026-09 logos zip,gold,logos,2026-09,2026-09-23T18:10:44
images/data/september_logos/797522/logo.jpg,8285,,s3://rii-data-dump/inside 2026-09 logos zip,gold,logos,2026-09,2026-09-23T18:10:44
images/data/september_logos/643501/logo.jpg,8282,,s3://rii-data-dump/inside 2026-09 logos zip,gold,logos,2026-09,2026-09-23T18:10:44
images/data/september_logos/605833/logo.jpg,8281,,s3://rii-data-dump/inside 2026-09 logos zip,gold,logos,2026-09,2026-09-23T18:10:44
images/data/september_logos/32307/logo.jpg,8275,,s3://rii-data-dump/inside 2026-09 logos zip,gold,logos,2026-09,2026-09-23T18:10:44
images/data/september_logos/777095/logo.jpg,8270,,s3://rii-data-dump/inside 2026-09 logos zip,gold,logos,2026-09,2026-09-23T18:10:44
Google_Place/apify/brands/vapiano/output/VAPIANO_UAE.json,8265,e717a035ffab1546368e579b851d28687a43c05bc6af94dfe929f63d2c6da68d,s3://rii-data-dump/talabat/bronze/bronze/_cross_month/04_enrichment_raw/Google_Place/apify/brands/vapiano/output/VAPIANO_UAE.json,bronze,04_enrichment_raw,_cross_month,2026-09-23T18:10:44
images/data/september_logos/1119108/logo.jpg,8258,,s3://rii-data-dump/inside 2026-09 logos zip,gold,logos,2026-09,2026-09-23T18:10:44
images/data/september_logos/1102523/logo.jpg,8254,,s3://rii-data-dump/inside 2026-09 logos zip,gold,logos,2026-09,2026-09-23T18:10:44
images/data/september_logos/781329/logo.jpg,8253,,s3://rii-data-dump/inside 2026-09 logos zip,gold,logos,2026-09,2026-09-23T18:10:44
images/data/september_logos/781037/logo.jpg,8251,,s3://rii-data-dump/inside 2026-09 logos zip,gold,logos,2026-09,2026-09-23T18:10:44
images/data/september_logos/773020/logo.jpeg,8234,,s3://rii-data-dump/inside 2026-09 logos zip,gold,logos,2026-09,2026-09-23T18:10:44
images/data/september_logos/4331/logo.jpg,8230,,s3://rii-data-dump/inside 2026-09 logos zip,gold,logos,2026-09,2026-09-23T18:10:44
images/data/september_logos/1101897/logo.jpg,8218,,s3://rii-data-dump/inside 2026-09 logos zip,gold,logos,2026-09,2026-09-23T18:10:44
images/data/september_logos/783970/logo.jpg,8203,,s3://rii-data-dump/inside 2026-09 logos zip,gold,logos,2026-09,2026-09-23T18:10:44
images/data/september_logos/664067/logo.jpg,8198,,s3://rii-data-dump/inside 2026-09 logos zip,gold,logos,2026-09,2026-09-23T18:10:44
images/data/september_logos/799744/logo.jpg,8183,,s3://rii-data-dump/inside 2026-09 logos zip,gold,logos,2026-09,2026-09-23T18:10:44
images/data/september_logos/646259/logo.jpg,8171,,s3://rii-data-dump/inside 2026-09 logos zip,gold,logos,2026-09,2026-09-23T18:10:44
images/data/september_logos/1113742/logo.jpg,8171,,s3://rii-data-dump/inside 2026-09 logos zip,gold,logos,2026-09,2026-09-23T18:10:44
images/data/september_logos/1120003/logo.jpg,8170,,s3://rii-data-dump/inside 2026-09 logos zip,gold,logos,2026-09,2026-09-23T18:10:44
images/data/september_logos/716642/logo.jpg,8154,,s3://rii-data-dump/inside 2026-09 logos zip,gold,logos,2026-09,2026-09-23T18:10:44
images/data/september_logos/754090/logo.jpg,8141,,s3://rii-data-dump/inside 2026-09 logos zip,gold,logos,2026-09,2026-09-23T18:10:44
images/data/september_logos/1120388/logo.jpg,8132,,s3://rii-data-dump/inside 2026-09 logos zip,gold,logos,2026-09,2026-09-23T18:10:44
Google_Place/Google_map/output/results/DIY_Batch02_NotFound_20260703_102756.json,8128,2ef91295b4c0e4cb3ab1bb8755ec493f1891aa155d5627ab356be55db9c2e63f,s3://rii-data-dump/talabat/bronze/bronze/2026-07/04_enrichment_raw/Google_Place/Google_map/output/results/DIY_Batch02_NotFound_20260703_102756.json,bronze,04_enrichment_raw,2026-07,2026-09-23T18:10:44
images/data/september_logos/1110278/logo.jpeg,8127,,s3://rii-data-dump/inside 2026-09 logos zip,gold,logos,2026-09,2026-09-23T18:10:44
images/data/september_logos/783250/logo.jpeg,8126,,s3://rii-data-dump/inside 2026-09 logos zip,gold,logos,2026-09,2026-09-23T18:10:44
images/data/september_logos/16847/logo.jpg,8125,,s3://rii-data-dump/inside 2026-09 logos zip,gold,logos,2026-09,2026-09-23T18:10:44
images/data/september_logos/1102181/logo.jpg,8125,,s3://rii-data-dump/inside 2026-09 logos zip,gold,logos,2026-09,2026-09-23T18:10:44
images/data/september_logos/733888/logo.jpg,8124,,s3://rii-data-dump/inside 2026-09 logos zip,gold,logos,2026-09,2026-09-23T18:10:44
images/data/september_logos/785557/logo.jpg,8119,,s3://rii-data-dump/inside 2026-09 logos zip,gold,logos,2026-09,2026-09-23T18:10:44
images/data/september_logos/687318/logo.jpg,8118,,s3://rii-data-dump/inside 2026-09 logos zip,gold,logos,2026-09,2026-09-23T18:10:44
images/data/september_logos/702035/logo.jpg,8109,,s3://rii-data-dump/inside 2026-09 logos zip,gold,logos,2026-09,2026-09-23T18:10:44
images/data/september_logos/766882/logo.jpg,8083,,s3://rii-data-dump/inside 2026-09 logos zip,gold,logos,2026-09,2026-09-23T18:10:44
images/data/september_logos/707939/logo.jpg,8068,,s3://rii-data-dump/inside 2026-09 logos zip,gold,logos,2026-09,2026-09-23T18:10:44
images/data/september_logos/1000576/logo.jpg,8042,,s3://rii-data-dump/inside 2026-09 logos zip,gold,logos,2026-09,2026-09-23T18:10:44
images/data/september_logos/1105349/logo.jpg,8009,,s3://rii-data-dump/inside 2026-09 logos zip,gold,logos,2026-09,2026-09-23T18:10:44
images/data/september_logos/790071/logo.jpg,7998,,s3://rii-data-dump/inside 2026-09 logos zip,gold,logos,2026-09,2026-09-23T18:10:44
images/data/september_logos/1116936/logo.jpg,7993,,s3://rii-data-dump/inside 2026-09 logos zip,gold,logos,2026-09,2026-09-23T18:10:44
images/data/september_logos/602481/logo.jpg,7986,,s3://rii-data-dump/inside 2026-09 logos zip,gold,logos,2026-09,2026-09-23T18:10:44
images/data/september_logos/1102474/logo.jpg,7984,,s3://rii-data-dump/inside 2026-09 logos zip,gold,logos,2026-09,2026-09-23T18:10:44
images/data/september_logos/753170/logo.jpg,7982,,s3://rii-data-dump/inside 2026-09 logos zip,gold,logos,2026-09,2026-09-23T18:10:44
images/data/september_logos/761720/logo.jpg,7981,,s3://rii-data-dump/inside 2026-09 logos zip,gold,logos,2026-09,2026-09-23T18:10:44
images/data/september_logos/19126/logo.jpg,7974,,s3://rii-data-dump/inside 2026-09 logos zip,gold,logos,2026-09,2026-09-23T18:10:44
images/data/september_logos/795652/logo.jpg,7972,,s3://rii-data-dump/inside 2026-09 logos zip,gold,logos,2026-09,2026-09-23T18:10:44
images/data/september_logos/741798/logo.jpg,7966,,s3://rii-data-dump/inside 2026-09 logos zip,gold,logos,2026-09,2026-09-23T18:10:44
images/data/september_logos/1118717/logo.jpg,7957,,s3://rii-data-dump/inside 2026-09 logos zip,gold,logos,2026-09,2026-09-23T18:10:44
images/data/september_logos/785983/logo.jpg,7949,,s3://rii-data-dump/inside 2026-09 logos zip,gold,logos,2026-09,2026-09-23T18:10:44
images/data/september_logos/631865/logo.jpg,7945,,s3://rii-data-dump/inside 2026-09 logos zip,gold,logos,2026-09,2026-09-23T18:10:44
images/data/september_logos/772306/logo.jpg,7935,,s3://rii-data-dump/inside 2026-09 logos zip,gold,logos,2026-09,2026-09-23T18:10:44
images/data/september_logos/1120815/logo.jpg,7930,,s3://rii-data-dump/inside 2026-09 logos zip,gold,logos,2026-09,2026-09-23T18:10:44
images/data/september_logos/632073/logo.jpg,7923,,s3://rii-data-dump/inside 2026-09 logos zip,gold,logos,2026-09,2026-09-23T18:10:44
images/data/september_logos/1121215/logo.jpg,7916,,s3://rii-data-dump/inside 2026-09 logos zip,gold,logos,2026-09,2026-09-23T18:10:44
images/data/september_logos/782271/logo.jpg,7915,,s3://rii-data-dump/inside 2026-09 logos zip,gold,logos,2026-09,2026-09-23T18:10:44
images/data/september_logos/675629/logo.jpg,7911,,s3://rii-data-dump/inside 2026-09 logos zip,gold,logos,2026-09,2026-09-23T18:10:44
images/data/september_logos/783292/logo.jpg,7905,,s3://rii-data-dump/inside 2026-09 logos zip,gold,logos,2026-09,2026-09-23T18:10:44
images/data/september_logos/768567/logo.jpg,7904,,s3://rii-data-dump/inside 2026-09 logos zip,gold,logos,2026-09,2026-09-23T18:10:44
images/data/september_logos/1102479/logo.jpg,7898,,s3://rii-data-dump/inside 2026-09 logos zip,gold,logos,2026-09,2026-09-23T18:10:44
images/data/september_logos/801474/logo.jpg,7896,,s3://rii-data-dump/inside 2026-09 logos zip,gold,logos,2026-09,2026-09-23T18:10:44
images/data/september_logos/790395/logo.jpg,7880,,s3://rii-data-dump/inside 2026-09 logos zip,gold,logos,2026-09,2026-09-23T18:10:44
images/data/september_logos/1100958/logo.jpg,7876,,s3://rii-data-dump/inside 2026-09 logos zip,gold,logos,2026-09,2026-09-23T18:10:44
images/data/september_logos/777844/logo.jpg,7872,,s3://rii-data-dump/inside 2026-09 logos zip,gold,logos,2026-09,2026-09-23T18:10:44
images/data/september_logos/672977/logo.jpg,7865,,s3://rii-data-dump/inside 2026-09 logos zip,gold,logos,2026-09,2026-09-23T18:10:44
images/data/september_logos/37069/logo.jpg,7855,,s3://rii-data-dump/inside 2026-09 logos zip,gold,logos,2026-09,2026-09-23T18:10:44
images/data/september_logos/1119145/logo.jpg,7845,,s3://rii-data-dump/inside 2026-09 logos zip,gold,logos,2026-09,2026-09-23T18:10:44
images/data/september_logos/649980/logo.jpg,7842,,s3://rii-data-dump/inside 2026-09 logos zip,gold,logos,2026-09,2026-09-23T18:10:44
images/data/september_logos/750578/logo.jpg,7831,,s3://rii-data-dump/inside 2026-09 logos zip,gold,logos,2026-09,2026-09-23T18:10:44
images/data/september_logos/783293/logo.jpg,7820,,s3://rii-data-dump/inside 2026-09 logos zip,gold,logos,2026-09,2026-09-23T18:10:44
images/data/september_logos/634693/logo.jpg,7807,,s3://rii-data-dump/inside 2026-09 logos zip,gold,logos,2026-09,2026-09-23T18:10:44
images/data/september_logos/684815/logo.jpg,7806,,s3://rii-data-dump/inside 2026-09 logos zip,gold,logos,2026-09,2026-09-23T18:10:44
images/data/september_logos/798879/logo.jpg,7794,,s3://rii-data-dump/inside 2026-09 logos zip,gold,logos,2026-09,2026-09-23T18:10:44
images/data/september_logos/798312/logo.jpg,7775,,s3://rii-data-dump/inside 2026-09 logos zip,gold,logos,2026-09,2026-09-23T18:10:44
images/data/september_logos/659143/logo.jpg,7740,,s3://rii-data-dump/inside 2026-09 logos zip,gold,logos,2026-09,2026-09-23T18:10:44
images/data/september_logos/31424/logo.jpg,7730,,s3://rii-data-dump/inside 2026-09 logos zip,gold,logos,2026-09,2026-09-23T18:10:44
images/data/september_logos/1114730/logo.jpg,7730,,s3://rii-data-dump/inside 2026-09 logos zip,gold,logos,2026-09,2026-09-23T18:10:44
images/data/september_logos/704357/logo.jpg,7722,,s3://rii-data-dump/inside 2026-09 logos zip,gold,logos,2026-09,2026-09-23T18:10:44
images/data/september_logos/785703/logo.jpg,7712,,s3://rii-data-dump/inside 2026-09 logos zip,gold,logos,2026-09,2026-09-23T18:10:44
images/data/september_logos/800538/logo.jpg,7710,,s3://rii-data-dump/inside 2026-09 logos zip,gold,logos,2026-09,2026-09-23T18:10:44
images/data/september_logos/746766/logo.jpg,7709,,s3://rii-data-dump/inside 2026-09 logos zip,gold,logos,2026-09,2026-09-23T18:10:44
images/data/september_logos/680234/logo.jpg,7699,,s3://rii-data-dump/inside 2026-09 logos zip,gold,logos,2026-09,2026-09-23T18:10:44
images/data/september_logos/1121055/logo.jpg,7681,,s3://rii-data-dump/inside 2026-09 logos zip,gold,logos,2026-09,2026-09-23T18:10:44
images/data/september_logos/805350/logo.jpg,7679,,s3://rii-data-dump/inside 2026-09 logos zip,gold,logos,2026-09,2026-09-23T18:10:44
images/data/september_logos/1120729/logo.jpg,7667,,s3://rii-data-dump/inside 2026-09 logos zip,gold,logos,2026-09,2026-09-23T18:10:44
images/data/september_logos/1118658/logo.jpg,7666,,s3://rii-data-dump/inside 2026-09 logos zip,gold,logos,2026-09,2026-09-23T18:10:44
images/data/september_logos/789247/logo.jpg,7664,,s3://rii-data-dump/inside 2026-09 logos zip,gold,logos,2026-09,2026-09-23T18:10:44
images/data/september_logos/1116183/logo.jpg,7661,,s3://rii-data-dump/inside 2026-09 logos zip,gold,logos,2026-09,2026-09-23T18:10:44
images/data/september_logos/1100586/logo.jpg,7659,,s3://rii-data-dump/inside 2026-09 logos zip,gold,logos,2026-09,2026-09-23T18:10:44
images/data/september_logos/804209/logo.jpg,7658,,s3://rii-data-dump/inside 2026-09 logos zip,gold,logos,2026-09,2026-09-23T18:10:44
images/data/september_logos/725682/logo.jpg,7657,,s3://rii-data-dump/inside 2026-09 logos zip,gold,logos,2026-09,2026-09-23T18:10:44
images/data/september_logos/645046/logo.jpg,7657,,s3://rii-data-dump/inside 2026-09 logos zip,gold,logos,2026-09,2026-09-23T18:10:44
images/data/september_logos/34462/logo.jpg,7628,,s3://rii-data-dump/inside 2026-09 logos zip,gold,logos,2026-09,2026-09-23T18:10:44
images/data/september_logos/746329/logo.jpg,7618,,s3://rii-data-dump/inside 2026-09 logos zip,gold,logos,2026-09,2026-09-23T18:10:44
images/data/september_logos/629203/logo.jpg,7612,,s3://rii-data-dump/inside 2026-09 logos zip,gold,logos,2026-09,2026-09-23T18:10:44
images/data/september_logos/49923/logo.jpg,7611,,s3://rii-data-dump/inside 2026-09 logos zip,gold,logos,2026-09,2026-09-23T18:10:44
images/data/september_logos/797952/logo.jpg,7602,,s3://rii-data-dump/inside 2026-09 logos zip,gold,logos,2026-09,2026-09-23T18:10:44
images/data/september_logos/798039/logo.jpg,7600,,s3://rii-data-dump/inside 2026-09 logos zip,gold,logos,2026-09,2026-09-23T18:10:44
images/data/september_logos/25715/logo.jpg,7596,,s3://rii-data-dump/inside 2026-09 logos zip,gold,logos,2026-09,2026-09-23T18:10:44
images/data/september_logos/750837/logo.jpg,7594,,s3://rii-data-dump/inside 2026-09 logos zip,gold,logos,2026-09,2026-09-23T18:10:44
images/data/september_logos/781213/logo.jpg,7590,,s3://rii-data-dump/inside 2026-09 logos zip,gold,logos,2026-09,2026-09-23T18:10:45
images/data/september_logos/1119856/logo.jpg,7589,,s3://rii-data-dump/inside 2026-09 logos zip,gold,logos,2026-09,2026-09-23T18:10:45
images/data/september_logos/796709/logo.jpg,7568,,s3://rii-data-dump/inside 2026-09 logos zip,gold,logos,2026-09,2026-09-23T18:10:45
images/data/september_logos/703541/logo.jpg,7568,,s3://rii-data-dump/inside 2026-09 logos zip,gold,logos,2026-09,2026-09-23T18:10:45
images/data/september_logos/650059/logo.jpg,7562,,s3://rii-data-dump/inside 2026-09 logos zip,gold,logos,2026-09,2026-09-23T18:10:45
images/data/september_logos/1121025/logo.jpg,7562,,s3://rii-data-dump/inside 2026-09 logos zip,gold,logos,2026-09,2026-09-23T18:10:45
images/data/september_logos/1117904/logo.jpg,7551,,s3://rii-data-dump/inside 2026-09 logos zip,gold,logos,2026-09,2026-09-23T18:10:45
images/data/september_logos/25228/logo.jpg,7545,,s3://rii-data-dump/inside 2026-09 logos zip,gold,logos,2026-09,2026-09-23T18:10:45
images/data/september_logos/736616/logo.jpg,7536,,s3://rii-data-dump/inside 2026-09 logos zip,gold,logos,2026-09,2026-09-23T18:10:45
Google_Place/apify/brands/raising_canes/output/RAISING_CANES_UAE.json,7525,18d736d278909f3459b2e8bc8d74208a9fcffd6037c9a9e93a7420558f76e167,s3://rii-data-dump/talabat/bronze/bronze/_cross_month/04_enrichment_raw/Google_Place/apify/brands/raising_canes/output/RAISING_CANES_UAE.json,bronze,04_enrichment_raw,_cross_month,2026-09-23T18:10:45
images/data/september_logos/737578/logo.jpg,7508,,s3://rii-data-dump/inside 2026-09 logos zip,gold,logos,2026-09,2026-09-23T18:10:45
images/data/september_logos/1118177/logo.jpg,7508,,s3://rii-data-dump/inside 2026-09 logos zip,gold,logos,2026-09,2026-09-23T18:10:45
images/data/september_logos/1105932/logo.jpg,7495,,s3://rii-data-dump/inside 2026-09 logos zip,gold,logos,2026-09,2026-09-23T18:10:45
images/data/september_logos/1118152/logo.jpg,7488,,s3://rii-data-dump/inside 2026-09 logos zip,gold,logos,2026-09,2026-09-23T18:10:45
images/data/september_logos/805377/logo.jpg,7486,,s3://rii-data-dump/inside 2026-09 logos zip,gold,logos,2026-09,2026-09-23T18:10:45
area_classification/data/null_verdicts_review.csv,7479,4d414c9e8e136f0d3ca55a023dc7271f03baf4234c5d09f67c3280d65786a46a,s3://rii-data-dump/talabat/silver/2026-09/03_std_terms/review/area_classification/data/null_verdicts_review.csv,silver,03_std_terms/review,2026-09,2026-09-23T18:10:45
images/data/september_logos/779230/logo.jpg,7471,,s3://rii-data-dump/inside 2026-09 logos zip,gold,logos,2026-09,2026-09-23T18:10:45
images/data/september_logos/768406/logo.jpeg,7469,,s3://rii-data-dump/inside 2026-09 logos zip,gold,logos,2026-09,2026-09-23T18:10:45
images/data/september_logos/1119151/logo.jpg,7452,,s3://rii-data-dump/inside 2026-09 logos zip,gold,logos,2026-09,2026-09-23T18:10:45
images/data/september_logos/668723/logo.jpg,7444,,s3://rii-data-dump/inside 2026-09 logos zip,gold,logos,2026-09,2026-09-23T18:10:45
images/data/september_logos/1119661/logo.jpg,7442,,s3://rii-data-dump/inside 2026-09 logos zip,gold,logos,2026-09,2026-09-23T18:10:45
images/data/september_logos/1116608/logo.jpg,7440,,s3://rii-data-dump/inside 2026-09 logos zip,gold,logos,2026-09,2026-09-23T18:10:45
images/data/september_logos/1100564/logo.jpg,7438,,s3://rii-data-dump/inside 2026-09 logos zip,gold,logos,2026-09,2026-09-23T18:10:45
images/data/september_logos/1120091/logo.jpg,7422,,s3://rii-data-dump/inside 2026-09 logos zip,gold,logos,2026-09,2026-09-23T18:10:45
images/data/september_logos/742840/logo.jpg,7418,,s3://rii-data-dump/inside 2026-09 logos zip,gold,logos,2026-09,2026-09-23T18:10:45
images/data/september_logos/1121043/logo.jpg,7416,,s3://rii-data-dump/inside 2026-09 logos zip,gold,logos,2026-09,2026-09-23T18:10:45
images/data/september_logos/1119904/logo.jpg,7390,,s3://rii-data-dump/inside 2026-09 logos zip,gold,logos,2026-09,2026-09-23T18:10:45
images/data/september_logos/692006/logo.jpg,7375,,s3://rii-data-dump/inside 2026-09 logos zip,gold,logos,2026-09,2026-09-23T18:10:45
images/data/september_logos/15478/logo.jpg,7372,,s3://rii-data-dump/inside 2026-09 logos zip,gold,logos,2026-09,2026-09-23T18:10:45
images/data/september_logos/791008/logo.jpg,7368,,s3://rii-data-dump/inside 2026-09 logos zip,gold,logos,2026-09,2026-09-23T18:10:45
images/data/september_logos/757241/logo.jpg,7368,,s3://rii-data-dump/inside 2026-09 logos zip,gold,logos,2026-09,2026-09-23T18:10:45
images/data/september_logos/33465/logo.jpg,7368,,s3://rii-data-dump/inside 2026-09 logos zip,gold,logos,2026-09,2026-09-23T18:10:45
images/data/september_logos/1120959/logo.jpg,7345,,s3://rii-data-dump/inside 2026-09 logos zip,gold,logos,2026-09,2026-09-23T18:10:45
images/data/september_logos/1114286/logo.jpg,7342,,s3://rii-data-dump/inside 2026-09 logos zip,gold,logos,2026-09,2026-09-23T18:10:45
images/data/september_logos/801969/logo.jpg,7338,,s3://rii-data-dump/inside 2026-09 logos zip,gold,logos,2026-09,2026-09-23T18:10:45
images/data/september_logos/764868/logo.jpg,7336,,s3://rii-data-dump/inside 2026-09 logos zip,gold,logos,2026-09,2026-09-23T18:10:45
images/data/september_logos/750917/logo.jpg,7328,,s3://rii-data-dump/inside 2026-09 logos zip,gold,logos,2026-09,2026-09-23T18:10:45
images/data/september_logos/800725/logo.jpg,7316,,s3://rii-data-dump/inside 2026-09 logos zip,gold,logos,2026-09,2026-09-23T18:10:45
Google_Place/apify/brands/nash_hot_chicken/output/NASH_HOT_CHICKEN_UAE.json,7306,94c11e70f16fd3d92a3b1534e21e3ad16b002327a6b6aaf2952ef23e2b3d485c,s3://rii-data-dump/talabat/bronze/bronze/_cross_month/04_enrichment_raw/Google_Place/apify/brands/nash_hot_chicken/output/NASH_HOT_CHICKEN_UAE.json,bronze,04_enrichment_raw,_cross_month,2026-09-23T18:10:45
images/data/september_logos/1119810/logo.jpg,7280,,s3://rii-data-dump/inside 2026-09 logos zip,gold,logos,2026-09,2026-09-23T18:10:45
images/data/september_logos/780073/logo.jpg,7258,,s3://rii-data-dump/inside 2026-09 logos zip,gold,logos,2026-09,2026-09-23T18:10:45
images/data/september_logos/803587/logo.jpg,7250,,s3://rii-data-dump/inside 2026-09 logos zip,gold,logos,2026-09,2026-09-23T18:10:45
images/data/september_logos/801299/logo.jpg,7242,,s3://rii-data-dump/inside 2026-09 logos zip,gold,logos,2026-09,2026-09-23T18:10:45
images/data/september_logos/710109/logo.jpg,7242,,s3://rii-data-dump/inside 2026-09 logos zip,gold,logos,2026-09,2026-09-23T18:10:45
images/data/september_logos/664597/logo.jpg,7240,,s3://rii-data-dump/inside 2026-09 logos zip,gold,logos,2026-09,2026-09-23T18:10:45
images/data/september_logos/764573/logo.jpg,7238,,s3://rii-data-dump/inside 2026-09 logos zip,gold,logos,2026-09,2026-09-23T18:10:45
images/data/september_logos/1119464/logo.jpg,7236,,s3://rii-data-dump/inside 2026-09 logos zip,gold,logos,2026-09,2026-09-23T18:10:45
images/data/september_logos/631635/logo.jpg,7217,,s3://rii-data-dump/inside 2026-09 logos zip,gold,logos,2026-09,2026-09-23T18:10:45
images/data/september_logos/765319/logo.jpg,7214,,s3://rii-data-dump/inside 2026-09 logos zip,gold,logos,2026-09,2026-09-23T18:10:45
images/data/september_logos/790351/logo.jpg,7211,,s3://rii-data-dump/inside 2026-09 logos zip,gold,logos,2026-09,2026-09-23T18:10:45
images/data/september_logos/775105/logo.jpg,7199,,s3://rii-data-dump/inside 2026-09 logos zip,gold,logos,2026-09,2026-09-23T18:10:45
images/data/september_logos/768168/logo.jpg,7196,,s3://rii-data-dump/inside 2026-09 logos zip,gold,logos,2026-09,2026-09-23T18:10:45
images/data/september_logos/780018/logo.jpg,7194,,s3://rii-data-dump/inside 2026-09 logos zip,gold,logos,2026-09,2026-09-23T18:10:45
images/data/september_logos/742420/logo.jpg,7194,,s3://rii-data-dump/inside 2026-09 logos zip,gold,logos,2026-09,2026-09-23T18:10:45
images/data/september_logos/778670/logo.jpg,7184,,s3://rii-data-dump/inside 2026-09 logos zip,gold,logos,2026-09,2026-09-23T18:10:45
images/data/september_logos/703343/logo.jpg,7183,,s3://rii-data-dump/inside 2026-09 logos zip,gold,logos,2026-09,2026-09-23T18:10:45
map_version2/Peet_coffee/peet_coffee.csv,7173,a5b3ae3b75a68a89d4e909fcb6d3533bcbe53bfce9fb9e136a558b5a11ecad1c,s3://rii-data-dump/talabat/silver/_cross_month/05_classification/map_version2/Peet_coffee/peet_coffee.csv,silver,05_classification,_cross_month,2026-09-23T18:10:45
images/data/september_logos/761319/logo.jpg,7169,,s3://rii-data-dump/inside 2026-09 logos zip,gold,logos,2026-09,2026-09-23T18:10:45
images/data/september_logos/707526/logo.jpg,7165,,s3://rii-data-dump/inside 2026-09 logos zip,gold,logos,2026-09,2026-09-23T18:10:45
images/data/september_logos/789764/logo.jpg,7160,,s3://rii-data-dump/inside 2026-09 logos zip,gold,logos,2026-09,2026-09-23T18:10:45
images/data/september_logos/725180/logo.jpg,7159,,s3://rii-data-dump/inside 2026-09 logos zip,gold,logos,2026-09,2026-09-23T18:10:45
images/data/september_logos/1101911/logo.jpg,7157,,s3://rii-data-dump/inside 2026-09 logos zip,gold,logos,2026-09,2026-09-23T18:10:45
images/data/september_logos/1101340/logo.jpg,7150,,s3://rii-data-dump/inside 2026-09 logos zip,gold,logos,2026-09,2026-09-23T18:10:45
images/data/september_logos/788394/logo.jpg,7144,,s3://rii-data-dump/inside 2026-09 logos zip,gold,logos,2026-09,2026-09-23T18:10:45
images/data/september_logos/1119223/logo.jpg,7142,,s3://rii-data-dump/inside 2026-09 logos zip,gold,logos,2026-09,2026-09-23T18:10:45
images/data/september_logos/777973/logo.jpg,7137,,s3://rii-data-dump/inside 2026-09 logos zip,gold,logos,2026-09,2026-09-23T18:10:45
images/data/september_logos/1120872/logo.jpg,7137,,s3://rii-data-dump/inside 2026-09 logos zip,gold,logos,2026-09,2026-09-23T18:10:45
images/data/september_logos/794956/logo.jpg,7133,,s3://rii-data-dump/inside 2026-09 logos zip,gold,logos,2026-09,2026-09-23T18:10:45
images/data/september_logos/725307/logo.jpg,7121,,s3://rii-data-dump/inside 2026-09 logos zip,gold,logos,2026-09,2026-09-23T18:10:45
images/data/september_logos/1119663/logo.jpg,7118,,s3://rii-data-dump/inside 2026-09 logos zip,gold,logos,2026-09,2026-09-23T18:10:45
images/data/september_logos/1109679/logo.jpg,7109,,s3://rii-data-dump/inside 2026-09 logos zip,gold,logos,2026-09,2026-09-23T18:10:45
menu/Findings.csv,7094,bd2e05531af20247d588361759e60331b3cef811a50e905278d97df2e4eb44ca,s3://rii-data-dump/talabat/silver/2026-06/03_std_terms/review/menu/Findings.csv,silver,03_std_terms/review,2026-06,2026-09-23T18:10:45
images/data/september_logos/805320/logo.jpg,7082,,s3://rii-data-dump/inside 2026-09 logos zip,gold,logos,2026-09,2026-09-23T18:10:45
images/data/september_logos/1119699/logo.jpg,7055,,s3://rii-data-dump/inside 2026-09 logos zip,gold,logos,2026-09,2026-09-23T18:10:45
images/data/september_logos/1120081/logo.jpg,7053,,s3://rii-data-dump/inside 2026-09 logos zip,gold,logos,2026-09,2026-09-23T18:10:45
images/data/september_logos/768702/logo.jpg,7052,,s3://rii-data-dump/inside 2026-09 logos zip,gold,logos,2026-09,2026-09-23T18:10:45
images/data/september_logos/773958/logo.jpg,7039,,s3://rii-data-dump/inside 2026-09 logos zip,gold,logos,2026-09,2026-09-23T18:10:45
images/data/september_logos/787247/logo.jpg,7026,,s3://rii-data-dump/inside 2026-09 logos zip,gold,logos,2026-09,2026-09-23T18:10:45
images/data/september_logos/764636/logo.jpg,7006,,s3://rii-data-dump/inside 2026-09 logos zip,gold,logos,2026-09,2026-09-23T18:10:45
images/data/september_logos/631114/logo.jpg,7006,,s3://rii-data-dump/inside 2026-09 logos zip,gold,logos,2026-09,2026-09-23T18:10:45
images/data/september_logos/1115108/logo.jpg,7004,,s3://rii-data-dump/inside 2026-09 logos zip,gold,logos,2026-09,2026-09-23T18:10:45
images/data/september_logos/1115638/logo.jpg,7001,,s3://rii-data-dump/inside 2026-09 logos zip,gold,logos,2026-09,2026-09-23T18:10:45
images/data/september_logos/784219/logo.jpg,6998,,s3://rii-data-dump/inside 2026-09 logos zip,gold,logos,2026-09,2026-09-23T18:10:45
images/data/september_logos/785442/logo.jpg,6990,,s3://rii-data-dump/inside 2026-09 logos zip,gold,logos,2026-09,2026-09-23T18:10:45
images/data/september_logos/766507/logo.jpg,6982,,s3://rii-data-dump/inside 2026-09 logos zip,gold,logos,2026-09,2026-09-23T18:10:45
images/data/september_logos/746350/logo.jpg,6977,,s3://rii-data-dump/inside 2026-09 logos zip,gold,logos,2026-09,2026-09-23T18:10:45
images/data/september_logos/701309/logo.jpg,6977,,s3://rii-data-dump/inside 2026-09 logos zip,gold,logos,2026-09,2026-09-23T18:10:45
Google_Place/apify/brands/dominos/input.json,6977,0e0b6ba5e733c269cc52eddb6e8197decffa506c5ce83079a6c2b15f62f89d09,s3://rii-data-dump/talabat/bronze/bronze/_cross_month/04_enrichment_raw/Google_Place/apify/brands/dominos/input.json,bronze,04_enrichment_raw,_cross_month,2026-09-23T18:10:45
apify/Apify_talabat/brands/dominos/input.json,6977,0e0b6ba5e733c269cc52eddb6e8197decffa506c5ce83079a6c2b15f62f89d09,s3://rii-data-dump/talabat/bronze/bronze/_cross_month/04_enrichment_raw/apify/Apify_talabat/brands/dominos/input.json,bronze,04_enrichment_raw,_cross_month,2026-09-23T18:10:45
images/data/september_logos/784990/logo.jpg,6964,,s3://rii-data-dump/inside 2026-09 logos zip,gold,logos,2026-09,2026-09-23T18:10:45
images/data/september_logos/697609/logo.jpg,6960,,s3://rii-data-dump/inside 2026-09 logos zip,gold,logos,2026-09,2026-09-23T18:10:45
images/data/september_logos/646283/logo.jpg,6960,,s3://rii-data-dump/inside 2026-09 logos zip,gold,logos,2026-09,2026-09-23T18:10:45
images/data/september_logos/1121009/logo.jpg,6956,,s3://rii-data-dump/inside 2026-09 logos zip,gold,logos,2026-09,2026-09-23T18:10:45
images/data/september_logos/762361/logo.jpg,6947,,s3://rii-data-dump/inside 2026-09 logos zip,gold,logos,2026-09,2026-09-23T18:10:45
images/data/september_logos/776762/logo.jpg,6940,,s3://rii-data-dump/inside 2026-09 logos zip,gold,logos,2026-09,2026-09-23T18:10:45
images/data/september_logos/626782/logo.jpg,6935,,s3://rii-data-dump/inside 2026-09 logos zip,gold,logos,2026-09,2026-09-23T18:10:45
images/data/september_logos/1120590/logo.jpg,6929,,s3://rii-data-dump/inside 2026-09 logos zip,gold,logos,2026-09,2026-09-23T18:10:45
images/data/september_logos/1102305/logo.jpg,6901,,s3://rii-data-dump/inside 2026-09 logos zip,gold,logos,2026-09,2026-09-23T18:10:45
images/data/september_logos/785802/logo.jpg,6897,,s3://rii-data-dump/inside 2026-09 logos zip,gold,logos,2026-09,2026-09-23T18:10:45
area_classification/data/new_areas_for_approval.csv,6895,61ddc53f390c255420e9a7bd984a118c95877e42310cd4965f6e261cba7d02f5,s3://rii-data-dump/talabat/silver/2026-09/06_areas/area_classification/data/new_areas_for_approval.csv,silver,06_areas,2026-09,2026-09-23T18:10:45
images/data/september_logos/50473/logo.jpg,6882,,s3://rii-data-dump/inside 2026-09 logos zip,gold,logos,2026-09,2026-09-23T18:10:45
images/data/september_logos/27969/logo.jpg,6875,,s3://rii-data-dump/inside 2026-09 logos zip,gold,logos,2026-09,2026-09-23T18:10:45
images/data/september_logos/1119700/logo.jpg,6867,,s3://rii-data-dump/inside 2026-09 logos zip,gold,logos,2026-09,2026-09-23T18:10:45
images/data/september_logos/719421/logo.jpg,6850,,s3://rii-data-dump/inside 2026-09 logos zip,gold,logos,2026-09,2026-09-23T18:10:45
images/data/september_logos/1113581/logo.jpg,6846,,s3://rii-data-dump/inside 2026-09 logos zip,gold,logos,2026-09,2026-09-23T18:10:45
images/data/september_logos/765868/logo.jpg,6844,,s3://rii-data-dump/inside 2026-09 logos zip,gold,logos,2026-09,2026-09-23T18:10:45
images/data/september_logos/600287/logo.jpg,6839,,s3://rii-data-dump/inside 2026-09 logos zip,gold,logos,2026-09,2026-09-23T18:10:45
images/data/september_logos/1101092/logo.jpg,6838,,s3://rii-data-dump/inside 2026-09 logos zip,gold,logos,2026-09,2026-09-23T18:10:45
images/data/september_logos/771303/logo.jpg,6837,,s3://rii-data-dump/inside 2026-09 logos zip,gold,logos,2026-09,2026-09-23T18:10:45
images/data/september_logos/1102735/logo.jpg,6835,,s3://rii-data-dump/inside 2026-09 logos zip,gold,logos,2026-09,2026-09-23T18:10:45
images/data/september_logos/744619/logo.jpg,6834,,s3://rii-data-dump/inside 2026-09 logos zip,gold,logos,2026-09,2026-09-23T18:10:45
images/data/september_logos/1119876/logo.jpg,6833,,s3://rii-data-dump/inside 2026-09 logos zip,gold,logos,2026-09,2026-09-23T18:10:45
Google_Place/Google_map/output/checkpoints/diy_scraper_checkpoints.json,6833,d04957b8df200334690eff020599d3f11e6a28d4f5a6896ddaa6394f3dc7ad9e,s3://rii-data-dump/talabat/bronze/bronze/_cross_month/04_enrichment_raw/Google_Place/Google_map/output/checkpoints/diy_scraper_checkpoints.json,bronze,04_enrichment_raw,_cross_month,2026-09-23T18:10:45
images/data/september_logos/49473/logo.jpg,6820,,s3://rii-data-dump/inside 2026-09 logos zip,gold,logos,2026-09,2026-09-23T18:10:45
images/data/september_logos/746440/logo.jpg,6812,,s3://rii-data-dump/inside 2026-09 logos zip,gold,logos,2026-09,2026-09-23T18:10:45
images/data/september_logos/721310/logo.jpg,6811,,s3://rii-data-dump/inside 2026-09 logos zip,gold,logos,2026-09,2026-09-23T18:10:45
images/data/september_logos/1120569/logo.jpg,6803,,s3://rii-data-dump/inside 2026-09 logos zip,gold,logos,2026-09,2026-09-23T18:10:45
images/data/september_logos/770316/logo.jpg,6801,,s3://rii-data-dump/inside 2026-09 logos zip,gold,logos,2026-09,2026-09-23T18:10:45
Google_Place/apify/brands/daves_hot_chicken/output/DAVES_HOT_CHICKEN_UAE.json,6798,7f69ec424f7bc8f546313d97a29ae118d6fd6f16322f5e53c1acc0cd781e4a1b,s3://rii-data-dump/talabat/bronze/bronze/_cross_month/04_enrichment_raw/Google_Place/apify/brands/daves_hot_chicken/output/DAVES_HOT_CHICKEN_UAE.json,bronze,04_enrichment_raw,_cross_month,2026-09-23T18:10:45
images/data/september_logos/1118168/logo.jpg,6795,,s3://rii-data-dump/inside 2026-09 logos zip,gold,logos,2026-09,2026-09-23T18:10:45
images/data/september_logos/1109151/logo.jpg,6792,,s3://rii-data-dump/inside 2026-09 logos zip,gold,logos,2026-09,2026-09-23T18:10:45
images/data/september_logos/755203/logo.jpg,6786,,s3://rii-data-dump/inside 2026-09 logos zip,gold,logos,2026-09,2026-09-23T18:10:45
images/data/september_logos/1117552/logo.jpg,6784,,s3://rii-data-dump/inside 2026-09 logos zip,gold,logos,2026-09,2026-09-23T18:10:45
map_version2/New_brands.csv,6766,a7102ce3db5fe6d6aff6e698ca67609dbf9db874890620425aa97a83043aeaad,s3://rii-data-dump/talabat/silver/_cross_month/05_classification/map_version2/New_brands.csv,silver,05_classification,_cross_month,2026-09-23T18:10:45
images/data/september_logos/685493/logo.jpg,6765,,s3://rii-data-dump/inside 2026-09 logos zip,gold,logos,2026-09,2026-09-23T18:10:45
images/data/september_logos/789867/logo.jpg,6761,,s3://rii-data-dump/inside 2026-09 logos zip,gold,logos,2026-09,2026-09-23T18:10:45
images/data/september_logos/788903/logo.jpg,6759,,s3://rii-data-dump/inside 2026-09 logos zip,gold,logos,2026-09,2026-09-23T18:10:45
images/data/september_logos/632290/logo.jpg,6732,,s3://rii-data-dump/inside 2026-09 logos zip,gold,logos,2026-09,2026-09-23T18:10:45
images/data/september_logos/793614/logo.jpg,6720,,s3://rii-data-dump/inside 2026-09 logos zip,gold,logos,2026-09,2026-09-23T18:10:45
images/data/september_logos/766562/logo.jpg,6716,,s3://rii-data-dump/inside 2026-09 logos zip,gold,logos,2026-09,2026-09-23T18:10:45
images/data/september_logos/1114148/logo.jpg,6704,,s3://rii-data-dump/inside 2026-09 logos zip,gold,logos,2026-09,2026-09-23T18:10:45
images/data/september_logos/803448/logo.jpg,6703,,s3://rii-data-dump/inside 2026-09 logos zip,gold,logos,2026-09,2026-09-23T18:10:45
Google_Place/apify/test/test_data/sample_raw.json,6696,e9eebb36cc184f79715c8f8006a4afa908528b1b2bfda5eb7b601cf0ac5f13ec,s3://rii-data-dump/talabat/bronze/bronze/_cross_month/04_enrichment_raw/Google_Place/apify/test/test_data/sample_raw.json,bronze,04_enrichment_raw,_cross_month,2026-09-23T18:10:45
apify/Apify_talabat/test/test_data/sample_raw.json,6696,e9eebb36cc184f79715c8f8006a4afa908528b1b2bfda5eb7b601cf0ac5f13ec,s3://rii-data-dump/talabat/bronze/bronze/_cross_month/04_enrichment_raw/apify/Apify_talabat/test/test_data/sample_raw.json,bronze,04_enrichment_raw,_cross_month,2026-09-23T18:10:45
images/data/september_logos/1119515/logo.jpg,6691,,s3://rii-data-dump/inside 2026-09 logos zip,gold,logos,2026-09,2026-09-23T18:10:45
images/data/september_logos/735346/logo.jpg,6690,,s3://rii-data-dump/inside 2026-09 logos zip,gold,logos,2026-09,2026-09-23T18:10:45
images/data/september_logos/684357/logo.jpg,6673,,s3://rii-data-dump/inside 2026-09 logos zip,gold,logos,2026-09,2026-09-23T18:10:45
images/data/september_logos/785010/logo.jpg,6643,,s3://rii-data-dump/inside 2026-09 logos zip,gold,logos,2026-09,2026-09-23T18:10:45
images/data/september_logos/761337/logo.jpg,6634,,s3://rii-data-dump/inside 2026-09 logos zip,gold,logos,2026-09,2026-09-23T18:10:45
images/data/september_logos/777572/logo.jpg,6630,,s3://rii-data-dump/inside 2026-09 logos zip,gold,logos,2026-09,2026-09-23T18:10:45
images/data/september_logos/1101518/logo.jpeg,6626,,s3://rii-data-dump/inside 2026-09 logos zip,gold,logos,2026-09,2026-09-23T18:10:45
images/data/september_logos/787362/logo.jpg,6622,,s3://rii-data-dump/inside 2026-09 logos zip,gold,logos,2026-09,2026-09-23T18:10:45
images/data/september_logos/709947/logo.jpg,6622,,s3://rii-data-dump/inside 2026-09 logos zip,gold,logos,2026-09,2026-09-23T18:10:45
address_audit/data/ll_second_pass_test.csv,6622,7df09121436493a702270f4e6accf381b1d3ea7b9f69c215199cc4827c1c5bdb,s3://rii-data-dump/talabat/silver/2026-09/07_addresses/address_audit/data/ll_second_pass_test.csv,silver,07_addresses,2026-09,2026-09-23T18:10:45
images/data/september_logos/1116202/logo.jpg,6620,,s3://rii-data-dump/inside 2026-09 logos zip,gold,logos,2026-09,2026-09-23T18:10:45
images/data/september_logos/1120841/logo.jpg,6618,,s3://rii-data-dump/inside 2026-09 logos zip,gold,logos,2026-09,2026-09-23T18:10:45
images/data/september_logos/1114811/logo.jpg,6616,,s3://rii-data-dump/inside 2026-09 logos zip,gold,logos,2026-09,2026-09-23T18:10:45
images/data/september_logos/781020/logo.jpg,6613,,s3://rii-data-dump/inside 2026-09 logos zip,gold,logos,2026-09,2026-09-23T18:10:45
images/data/september_logos/617205/logo.jpg,6603,,s3://rii-data-dump/inside 2026-09 logos zip,gold,logos,2026-09,2026-09-23T18:10:45
images/data/september_logos/24058/logo.jpg,6601,,s3://rii-data-dump/inside 2026-09 logos zip,gold,logos,2026-09,2026-09-23T18:10:45
images/data/september_logos/1103635/logo.jpg,6563,,s3://rii-data-dump/inside 2026-09 logos zip,gold,logos,2026-09,2026-09-23T18:10:45
images/data/september_logos/711115/logo.jpg,6560,,s3://rii-data-dump/inside 2026-09 logos zip,gold,logos,2026-09,2026-09-23T18:10:45
images/data/september_logos/789706/logo.jpg,6558,,s3://rii-data-dump/inside 2026-09 logos zip,gold,logos,2026-09,2026-09-23T18:10:45
images/data/september_logos/706211/logo.jpg,6557,,s3://rii-data-dump/inside 2026-09 logos zip,gold,logos,2026-09,2026-09-23T18:10:45
images/data/september_logos/786968/logo.jpg,6551,,s3://rii-data-dump/inside 2026-09 logos zip,gold,logos,2026-09,2026-09-23T18:10:45
images/data/september_logos/763900/logo.jpg,6545,,s3://rii-data-dump/inside 2026-09 logos zip,gold,logos,2026-09,2026-09-23T18:10:45
images/data/september_logos/762877/logo.jpg,6540,,s3://rii-data-dump/inside 2026-09 logos zip,gold,logos,2026-09,2026-09-23T18:10:45
images/data/september_logos/1117272/logo.jpg,6525,,s3://rii-data-dump/inside 2026-09 logos zip,gold,logos,2026-09,2026-09-23T18:10:45
images/data/september_logos/1105276/logo.jpg,6508,,s3://rii-data-dump/inside 2026-09 logos zip,gold,logos,2026-09,2026-09-23T18:10:45
images/data/september_logos/756516/logo.jpg,6505,,s3://rii-data-dump/inside 2026-09 logos zip,gold,logos,2026-09,2026-09-23T18:10:45
images/data/september_logos/710939/logo.jpg,6502,,s3://rii-data-dump/inside 2026-09 logos zip,gold,logos,2026-09,2026-09-23T18:10:45
images/data/september_logos/31891/logo.jpg,6500,,s3://rii-data-dump/inside 2026-09 logos zip,gold,logos,2026-09,2026-09-23T18:10:45
images/data/september_logos/630490/logo.jpg,6499,,s3://rii-data-dump/inside 2026-09 logos zip,gold,logos,2026-09,2026-09-23T18:10:45
images/data/september_logos/773806/logo.jpg,6490,,s3://rii-data-dump/inside 2026-09 logos zip,gold,logos,2026-09,2026-09-23T18:10:45
images/data/september_logos/666874/logo.jpg,6481,,s3://rii-data-dump/inside 2026-09 logos zip,gold,logos,2026-09,2026-09-23T18:10:45
images/data/september_logos/679850/logo.jpg,6477,,s3://rii-data-dump/inside 2026-09 logos zip,gold,logos,2026-09,2026-09-23T18:10:45
images/data/september_logos/1119983/logo.jpg,6474,,s3://rii-data-dump/inside 2026-09 logos zip,gold,logos,2026-09,2026-09-23T18:10:45
images/data/september_logos/664695/logo.jpg,6458,,s3://rii-data-dump/inside 2026-09 logos zip,gold,logos,2026-09,2026-09-23T18:10:45
images/data/september_logos/799238/logo.jpg,6450,,s3://rii-data-dump/inside 2026-09 logos zip,gold,logos,2026-09,2026-09-23T18:10:45
images/data/september_logos/621932/logo.jpg,6442,,s3://rii-data-dump/inside 2026-09 logos zip,gold,logos,2026-09,2026-09-23T18:10:45
images/data/september_logos/1118740/logo.jpg,6442,,s3://rii-data-dump/inside 2026-09 logos zip,gold,logos,2026-09,2026-09-23T18:10:45
images/data/september_logos/52751/logo.jpg,6432,,s3://rii-data-dump/inside 2026-09 logos zip,gold,logos,2026-09,2026-09-23T18:10:45
images/data/september_logos/766639/logo.jpg,6429,,s3://rii-data-dump/inside 2026-09 logos zip,gold,logos,2026-09,2026-09-23T18:10:45
August_menu/data/std_term_taxonomy_full.csv,6427,c045b959cbadea9e6fdc28b2a0cd1722ad7a157fd53a302ccea653c7829478bc,s3://rii-data-dump/talabat/silver/2026-08/03_std_terms/August_menu/data/std_term_taxonomy_full.csv,silver,03_std_terms,2026-08,2026-09-23T18:10:45
images/data/september_logos/662771/logo.jpg,6411,,s3://rii-data-dump/inside 2026-09 logos zip,gold,logos,2026-09,2026-09-23T18:10:45
images/data/september_logos/1102763/logo.jpg,6410,,s3://rii-data-dump/inside 2026-09 logos zip,gold,logos,2026-09,2026-09-23T18:10:45
images/data/september_logos/729596/logo.jpg,6403,,s3://rii-data-dump/inside 2026-09 logos zip,gold,logos,2026-09,2026-09-23T18:10:45
images/data/september_logos/657009/logo.jpg,6400,,s3://rii-data-dump/inside 2026-09 logos zip,gold,logos,2026-09,2026-09-23T18:10:45
images/data/september_logos/1118121/logo.jpg,6395,,s3://rii-data-dump/inside 2026-09 logos zip,gold,logos,2026-09,2026-09-23T18:10:45
images/data/september_logos/796364/logo.jpg,6389,,s3://rii-data-dump/inside 2026-09 logos zip,gold,logos,2026-09,2026-09-23T18:10:45
images/data/september_logos/672066/logo.jpg,6382,,s3://rii-data-dump/inside 2026-09 logos zip,gold,logos,2026-09,2026-09-23T18:10:45
images/data/september_logos/754916/logo.jpg,6374,,s3://rii-data-dump/inside 2026-09 logos zip,gold,logos,2026-09,2026-09-23T18:10:45
images/data/september_logos/638630/logo.jpg,6370,,s3://rii-data-dump/inside 2026-09 logos zip,gold,logos,2026-09,2026-09-23T18:10:45
images/data/september_logos/32630/logo.jpg,6357,,s3://rii-data-dump/inside 2026-09 logos zip,gold,logos,2026-09,2026-09-23T18:10:45
images/data/september_logos/677499/logo.jpg,6355,,s3://rii-data-dump/inside 2026-09 logos zip,gold,logos,2026-09,2026-09-23T18:10:45
images/data/september_logos/658489/logo.jpg,6342,,s3://rii-data-dump/inside 2026-09 logos zip,gold,logos,2026-09,2026-09-23T18:10:45
images/data/september_logos/782476/logo.jpeg,6324,,s3://rii-data-dump/inside 2026-09 logos zip,gold,logos,2026-09,2026-09-23T18:10:45
images/data/september_logos/790625/logo.jpg,6323,,s3://rii-data-dump/inside 2026-09 logos zip,gold,logos,2026-09,2026-09-23T18:10:45
images/data/september_logos/1114469/logo.jpg,6314,,s3://rii-data-dump/inside 2026-09 logos zip,gold,logos,2026-09,2026-09-23T18:10:45
images/data/september_logos/785417/logo.jpg,6296,,s3://rii-data-dump/inside 2026-09 logos zip,gold,logos,2026-09,2026-09-23T18:10:45
images/data/september_logos/1114101/logo.jpg,6289,,s3://rii-data-dump/inside 2026-09 logos zip,gold,logos,2026-09,2026-09-23T18:10:45
images/data/september_logos/761564/logo.jpg,6286,,s3://rii-data-dump/inside 2026-09 logos zip,gold,logos,2026-09,2026-09-23T18:10:45
images/data/september_logos/803470/logo.jpg,6277,,s3://rii-data-dump/inside 2026-09 logos zip,gold,logos,2026-09,2026-09-23T18:10:45
images/data/september_logos/775311/logo.jpg,6266,,s3://rii-data-dump/inside 2026-09 logos zip,gold,logos,2026-09,2026-09-23T18:10:45
images/data/september_logos/802965/logo.jpg,6265,,s3://rii-data-dump/inside 2026-09 logos zip,gold,logos,2026-09,2026-09-23T18:10:45
images/data/september_logos/1120110/logo.jpg,6264,,s3://rii-data-dump/inside 2026-09 logos zip,gold,logos,2026-09,2026-09-23T18:10:45
images/data/september_logos/707859/logo.jpg,6261,,s3://rii-data-dump/inside 2026-09 logos zip,gold,logos,2026-09,2026-09-23T18:10:45
images/data/september_logos/1121039/logo.jpg,6251,,s3://rii-data-dump/inside 2026-09 logos zip,gold,logos,2026-09,2026-09-23T18:10:45
images/data/september_logos/1116726/logo.jpg,6246,,s3://rii-data-dump/inside 2026-09 logos zip,gold,logos,2026-09,2026-09-23T18:10:45
images/data/september_logos/1110139/logo.jpg,6246,,s3://rii-data-dump/inside 2026-09 logos zip,gold,logos,2026-09,2026-09-23T18:10:45
images/data/september_logos/710610/logo.jpg,6219,,s3://rii-data-dump/inside 2026-09 logos zip,gold,logos,2026-09,2026-09-23T18:10:45
images/data/september_logos/787827/logo.jpg,6214,,s3://rii-data-dump/inside 2026-09 logos zip,gold,logos,2026-09,2026-09-23T18:10:45
images/data/september_logos/1116560/logo.jpg,6202,,s3://rii-data-dump/inside 2026-09 logos zip,gold,logos,2026-09,2026-09-23T18:10:45
images/data/september_logos/1114184/logo.jpg,6184,,s3://rii-data-dump/inside 2026-09 logos zip,gold,logos,2026-09,2026-09-23T18:10:45
images/data/september_logos/776484/logo.jpg,6171,,s3://rii-data-dump/inside 2026-09 logos zip,gold,logos,2026-09,2026-09-23T18:10:45
images/data/september_logos/608396/logo.jpg,6152,,s3://rii-data-dump/inside 2026-09 logos zip,gold,logos,2026-09,2026-09-23T18:10:45
images/data/september_logos/761393/logo.jpg,6150,,s3://rii-data-dump/inside 2026-09 logos zip,gold,logos,2026-09,2026-09-23T18:10:45
images/data/september_logos/755647/logo.jpg,6143,,s3://rii-data-dump/inside 2026-09 logos zip,gold,logos,2026-09,2026-09-23T18:10:45
data/brand_locations/baskinrobbins_locations.csv,6143,265b10ec23d4bea8169fecf72c5a1cfef1e8932bb47ddb0abb16122d66f65adf,s3://rii-data-dump/talabat/bronze/bronze/_cross_month/04_enrichment_raw/data/brand_locations/baskinrobbins_locations.csv,bronze,04_enrichment_raw,_cross_month,2026-09-23T18:10:45
images/data/september_logos/1121000/logo.jpg,6129,,s3://rii-data-dump/inside 2026-09 logos zip,gold,logos,2026-09,2026-09-23T18:10:45
images/data/september_logos/724862/logo.jpg,6126,,s3://rii-data-dump/inside 2026-09 logos zip,gold,logos,2026-09,2026-09-23T18:10:45
images/data/september_logos/762952/logo.jpg,6122,,s3://rii-data-dump/inside 2026-09 logos zip,gold,logos,2026-09,2026-09-23T18:10:45
images/data/september_logos/1118636/logo.jpg,6089,,s3://rii-data-dump/inside 2026-09 logos zip,gold,logos,2026-09,2026-09-23T18:10:45
images/data/september_logos/734212/logo.jpg,6084,,s3://rii-data-dump/inside 2026-09 logos zip,gold,logos,2026-09,2026-09-23T18:10:45
images/data/september_logos/1117889/logo.jpg,6078,,s3://rii-data-dump/inside 2026-09 logos zip,gold,logos,2026-09,2026-09-23T18:10:45
images/data/september_logos/742397/logo.jpg,6049,,s3://rii-data-dump/inside 2026-09 logos zip,gold,logos,2026-09,2026-09-23T18:10:45
images/data/september_logos/750748/logo.jpg,6046,,s3://rii-data-dump/inside 2026-09 logos zip,gold,logos,2026-09,2026-09-23T18:10:45
images/data/september_logos/1113796/logo.jpg,6044,,s3://rii-data-dump/inside 2026-09 logos zip,gold,logos,2026-09,2026-09-23T18:10:45
images/data/september_logos/1121204/logo.jpg,6040,,s3://rii-data-dump/inside 2026-09 logos zip,gold,logos,2026-09,2026-09-23T18:10:45
images/data/september_logos/783072/logo.jpg,6033,,s3://rii-data-dump/inside 2026-09 logos zip,gold,logos,2026-09,2026-09-23T18:10:45
images/data/september_logos/790570/logo.jpg,6030,,s3://rii-data-dump/inside 2026-09 logos zip,gold,logos,2026-09,2026-09-23T18:10:45
images/data/september_logos/770549/logo.jpg,6011,,s3://rii-data-dump/inside 2026-09 logos zip,gold,logos,2026-09,2026-09-23T18:10:45
images/data/september_logos/1119101/logo.jpg,5995,,s3://rii-data-dump/inside 2026-09 logos zip,gold,logos,2026-09,2026-09-23T18:10:45
images/data/september_logos/791604/logo.jpg,5989,,s3://rii-data-dump/inside 2026-09 logos zip,gold,logos,2026-09,2026-09-23T18:10:45
images/data/september_logos/758053/logo.jpg,5984,,s3://rii-data-dump/inside 2026-09 logos zip,gold,logos,2026-09,2026-09-23T18:10:45
images/data/september_logos/1119277/logo.jpg,5968,,s3://rii-data-dump/inside 2026-09 logos zip,gold,logos,2026-09,2026-09-23T18:10:45
images/data/september_logos/1000254/logo.jpg,5964,,s3://rii-data-dump/inside 2026-09 logos zip,gold,logos,2026-09,2026-09-23T18:10:45
images/data/september_logos/667523/logo.jpg,5943,,s3://rii-data-dump/inside 2026-09 logos zip,gold,logos,2026-09,2026-09-23T18:10:45
images/data/september_logos/711183/logo.jpg,5937,,s3://rii-data-dump/inside 2026-09 logos zip,gold,logos,2026-09,2026-09-23T18:10:45
images/data/september_logos/732236/logo.jpg,5936,,s3://rii-data-dump/inside 2026-09 logos zip,gold,logos,2026-09,2026-09-23T18:10:45
images/data/september_logos/682455/logo.jpg,5918,,s3://rii-data-dump/inside 2026-09 logos zip,gold,logos,2026-09,2026-09-23T18:10:45
images/data/september_logos/753259/logo.jpg,5892,,s3://rii-data-dump/inside 2026-09 logos zip,gold,logos,2026-09,2026-09-23T18:10:45
images/data/september_logos/777031/logo.jpg,5890,,s3://rii-data-dump/inside 2026-09 logos zip,gold,logos,2026-09,2026-09-23T18:10:45
images/data/september_logos/754880/logo.jpg,5881,,s3://rii-data-dump/inside 2026-09 logos zip,gold,logos,2026-09,2026-09-23T18:10:45
images/data/september_logos/34559/logo.jpg,5871,,s3://rii-data-dump/inside 2026-09 logos zip,gold,logos,2026-09,2026-09-23T18:10:45
images/data/september_logos/735491/logo.jpg,5866,,s3://rii-data-dump/inside 2026-09 logos zip,gold,logos,2026-09,2026-09-23T18:10:45
images/data/september_logos/661652/logo.jpg,5862,,s3://rii-data-dump/inside 2026-09 logos zip,gold,logos,2026-09,2026-09-23T18:10:45
images/data/september_logos/794311/logo.jpg,5846,,s3://rii-data-dump/inside 2026-09 logos zip,gold,logos,2026-09,2026-09-23T18:10:45
images/data/september_logos/1104821/logo.jpg,5832,,s3://rii-data-dump/inside 2026-09 logos zip,gold,logos,2026-09,2026-09-23T18:10:45
tavily/tavily-data.csv,5831,eab76ccce901ac8f27da9ef79a59dbf16690d1cf78732932a3ec56180b144bfa,s3://rii-data-dump/talabat/bronze/bronze/_cross_month/04_enrichment_raw/tavily/tavily-data.csv,bronze,04_enrichment_raw,_cross_month,2026-09-23T18:10:45
images/data/september_logos/725621/logo.jpg,5820,,s3://rii-data-dump/inside 2026-09 logos zip,gold,logos,2026-09,2026-09-23T18:10:45
images/data/september_logos/764778/logo.jpg,5805,,s3://rii-data-dump/inside 2026-09 logos zip,gold,logos,2026-09,2026-09-23T18:10:45
images/data/september_logos/1119546/logo.jpg,5805,,s3://rii-data-dump/inside 2026-09 logos zip,gold,logos,2026-09,2026-09-23T18:10:45
images/data/september_logos/1117967/logo.jpg,5799,,s3://rii-data-dump/inside 2026-09 logos zip,gold,logos,2026-09,2026-09-23T18:10:45
images/data/september_logos/1120411/logo.jpg,5796,,s3://rii-data-dump/inside 2026-09 logos zip,gold,logos,2026-09,2026-09-23T18:10:45
images/data/september_logos/1121060/logo.jpg,5777,,s3://rii-data-dump/inside 2026-09 logos zip,gold,logos,2026-09,2026-09-23T18:10:45
images/data/september_logos/775876/logo.jpg,5773,,s3://rii-data-dump/inside 2026-09 logos zip,gold,logos,2026-09,2026-09-23T18:10:45
images/data/september_logos/712214/logo.jpg,5769,,s3://rii-data-dump/inside 2026-09 logos zip,gold,logos,2026-09,2026-09-23T18:10:45
images/data/september_logos/802734/logo.jpg,5764,,s3://rii-data-dump/inside 2026-09 logos zip,gold,logos,2026-09,2026-09-23T18:10:45
Google_Place/apify/brands/all_local_brands/locals.csv,5747,484efed455825a3a93f10cbdac0a5211c82d305d418b0c5ceaedc6d5e94e7ce4,s3://rii-data-dump/talabat/bronze/bronze/_cross_month/04_enrichment_raw/Google_Place/apify/brands/all_local_brands/locals.csv,bronze,04_enrichment_raw,_cross_month,2026-09-23T18:10:45
september/data/menus/non_menu_queries.csv,5733,8e4ec2ec9bed2f32c03df0eae5e7602178a881c56c8cfb3618caff1c81195eaf,s3://rii-data-dump/talabat/silver/2026-09/02_sanitize/september/data/menus/non_menu_queries.csv,silver,02_sanitize,2026-09,2026-09-23T18:10:45
images/data/september_logos/748488/logo.jpg,5732,,s3://rii-data-dump/inside 2026-09 logos zip,gold,logos,2026-09,2026-09-23T18:10:45
images/data/september_logos/32089/logo.jpg,5732,,s3://rii-data-dump/inside 2026-09 logos zip,gold,logos,2026-09,2026-09-23T18:10:45
images/data/september_logos/1120897/logo.jpg,5731,,s3://rii-data-dump/inside 2026-09 logos zip,gold,logos,2026-09,2026-09-23T18:10:45
images/data/september_logos/732916/logo.jpg,5705,,s3://rii-data-dump/inside 2026-09 logos zip,gold,logos,2026-09,2026-09-23T18:10:45
images/data/september_logos/729971/logo.jpg,5700,,s3://rii-data-dump/inside 2026-09 logos zip,gold,logos,2026-09,2026-09-23T18:10:45
images/data/september_logos/1000724/logo.jpg,5696,,s3://rii-data-dump/inside 2026-09 logos zip,gold,logos,2026-09,2026-09-23T18:10:45
images/data/september_logos/697491/logo.jpg,5661,,s3://rii-data-dump/inside 2026-09 logos zip,gold,logos,2026-09,2026-09-23T18:10:45
images/data/september_logos/754477/logo.jpg,5655,,s3://rii-data-dump/inside 2026-09 logos zip,gold,logos,2026-09,2026-09-23T18:10:45
images/data/september_logos/790088/logo.jpg,5654,,s3://rii-data-dump/inside 2026-09 logos zip,gold,logos,2026-09,2026-09-23T18:10:45
images/data/september_logos/753558/logo.jpeg,5653,,s3://rii-data-dump/inside 2026-09 logos zip,gold,logos,2026-09,2026-09-23T18:10:45
images/data/september_logos/702414/logo.jpg,5651,,s3://rii-data-dump/inside 2026-09 logos zip,gold,logos,2026-09,2026-09-23T18:10:45
images/data/september_logos/642885/logo.jpg,5648,,s3://rii-data-dump/inside 2026-09 logos zip,gold,logos,2026-09,2026-09-23T18:10:45
images/data/september_logos/1120844/logo.jpg,5645,,s3://rii-data-dump/inside 2026-09 logos zip,gold,logos,2026-09,2026-09-23T18:10:45
images/data/september_logos/724515/logo.jpg,5638,,s3://rii-data-dump/inside 2026-09 logos zip,gold,logos,2026-09,2026-09-23T18:10:45
images/data/september_logos/715867/logo.jpg,5630,,s3://rii-data-dump/inside 2026-09 logos zip,gold,logos,2026-09,2026-09-23T18:10:45
images/data/september_logos/725294/logo.jpg,5627,,s3://rii-data-dump/inside 2026-09 logos zip,gold,logos,2026-09,2026-09-23T18:10:45
images/data/september_logos/615120/logo.jpg,5615,,s3://rii-data-dump/inside 2026-09 logos zip,gold,logos,2026-09,2026-09-23T18:10:45
images/data/september_logos/1119633/logo.jpg,5598,,s3://rii-data-dump/inside 2026-09 logos zip,gold,logos,2026-09,2026-09-23T18:10:45
images/data/september_logos/796730/logo.jpg,5586,,s3://rii-data-dump/inside 2026-09 logos zip,gold,logos,2026-09,2026-09-23T18:10:45
images/data/september_logos/786284/logo.jpg,5586,,s3://rii-data-dump/inside 2026-09 logos zip,gold,logos,2026-09,2026-09-23T18:10:45
images/data/september_logos/643166/logo.jpg,5562,,s3://rii-data-dump/inside 2026-09 logos zip,gold,logos,2026-09,2026-09-23T18:10:45
images/data/september_logos/794323/logo.jpg,5561,,s3://rii-data-dump/inside 2026-09 logos zip,gold,logos,2026-09,2026-09-23T18:10:45
images/data/september_logos/653691/logo.jpg,5555,,s3://rii-data-dump/inside 2026-09 logos zip,gold,logos,2026-09,2026-09-23T18:10:45
images/data/september_logos/723547/logo.jpg,5554,,s3://rii-data-dump/inside 2026-09 logos zip,gold,logos,2026-09,2026-09-23T18:10:45
images/data/september_logos/715864/logo.jpg,5550,,s3://rii-data-dump/inside 2026-09 logos zip,gold,logos,2026-09,2026-09-23T18:10:45
images/data/september_logos/785447/logo.jpg,5548,,s3://rii-data-dump/inside 2026-09 logos zip,gold,logos,2026-09,2026-09-23T18:10:45
images/data/september_logos/769790/logo.jpg,5547,,s3://rii-data-dump/inside 2026-09 logos zip,gold,logos,2026-09,2026-09-23T18:10:45
images/data/september_logos/701378/logo.jpg,5543,,s3://rii-data-dump/inside 2026-09 logos zip,gold,logos,2026-09,2026-09-23T18:10:45
images/data/september_logos/797622/logo.jpg,5541,,s3://rii-data-dump/inside 2026-09 logos zip,gold,logos,2026-09,2026-09-23T18:10:45
images/data/september_logos/777231/logo.jpg,5535,,s3://rii-data-dump/inside 2026-09 logos zip,gold,logos,2026-09,2026-09-23T18:10:45
images/data/september_logos/679649/logo.jpg,5529,,s3://rii-data-dump/inside 2026-09 logos zip,gold,logos,2026-09,2026-09-23T18:10:45
images/data/september_logos/1115544/logo.jpg,5519,,s3://rii-data-dump/inside 2026-09 logos zip,gold,logos,2026-09,2026-09-23T18:10:45
images/data/september_logos/709406/logo.jpg,5516,,s3://rii-data-dump/inside 2026-09 logos zip,gold,logos,2026-09,2026-09-23T18:10:45
images/data/september_logos/795729/logo.jpg,5501,,s3://rii-data-dump/inside 2026-09 logos zip,gold,logos,2026-09,2026-09-23T18:10:45
images/data/september_logos/1121375/logo.jpg,5480,,s3://rii-data-dump/inside 2026-09 logos zip,gold,logos,2026-09,2026-09-23T18:10:45
images/data/september_logos/1102779/logo.jpg,5467,,s3://rii-data-dump/inside 2026-09 logos zip,gold,logos,2026-09,2026-09-23T18:10:45
images/data/september_logos/728702/logo.jpg,5458,,s3://rii-data-dump/inside 2026-09 logos zip,gold,logos,2026-09,2026-09-23T18:10:45
images/data/september_logos/760470/logo.jpg,5457,,s3://rii-data-dump/inside 2026-09 logos zip,gold,logos,2026-09,2026-09-23T18:10:45
images/data/september_logos/790387/logo.jpg,5455,,s3://rii-data-dump/inside 2026-09 logos zip,gold,logos,2026-09,2026-09-23T18:10:45
images/data/september_logos/737788/logo.jpg,5450,,s3://rii-data-dump/inside 2026-09 logos zip,gold,logos,2026-09,2026-09-23T18:10:45
images/data/september_logos/1000182/logo.jpg,5444,,s3://rii-data-dump/inside 2026-09 logos zip,gold,logos,2026-09,2026-09-23T18:10:45
images/data/september_logos/755588/logo.jpg,5426,,s3://rii-data-dump/inside 2026-09 logos zip,gold,logos,2026-09,2026-09-23T18:10:45
images/data/september_logos/760403/logo.jpg,5414,,s3://rii-data-dump/inside 2026-09 logos zip,gold,logos,2026-09,2026-09-23T18:10:45
images/data/september_logos/1120032/logo.jpg,5390,,s3://rii-data-dump/inside 2026-09 logos zip,gold,logos,2026-09,2026-09-23T18:10:45
images/data/september_logos/775032/logo.jpg,5387,,s3://rii-data-dump/inside 2026-09 logos zip,gold,logos,2026-09,2026-09-23T18:10:45
images/data/september_logos/743179/logo.jpg,5377,,s3://rii-data-dump/inside 2026-09 logos zip,gold,logos,2026-09,2026-09-23T18:10:45
map_version2/german_doner_kebab/output/GERMAN_DONER_KEBAB_GDK_UAE.csv,5376,9f0af5b04fb2346a0921f6fac35cadb9ac05b15e8af91e3e11106ac89e84b1e3,s3://rii-data-dump/talabat/silver/_cross_month/05_classification/map_version2/german_doner_kebab/output/GERMAN_DONER_KEBAB_GDK_UAE.csv,silver,05_classification,_cross_month,2026-09-23T18:10:45
Google_Place/apify/brands/german_doner_kebab/output/GERMAN_DONER_KEBAB_GDK_UAE.csv,5376,9f0af5b04fb2346a0921f6fac35cadb9ac05b15e8af91e3e11106ac89e84b1e3,s3://rii-data-dump/talabat/bronze/bronze/_cross_month/04_enrichment_raw/Google_Place/apify/brands/german_doner_kebab/output/GERMAN_DONER_KEBAB_GDK_UAE.csv,bronze,04_enrichment_raw,_cross_month,2026-09-23T18:10:45
images/data/september_logos/699087/logo.jpg,5372,,s3://rii-data-dump/inside 2026-09 logos zip,gold,logos,2026-09,2026-09-23T18:10:45
images/data/september_logos/675633/logo.jpg,5363,,s3://rii-data-dump/inside 2026-09 logos zip,gold,logos,2026-09,2026-09-23T18:10:45
images/data/september_logos/1101391/logo.jpeg,5361,,s3://rii-data-dump/inside 2026-09 logos zip,gold,logos,2026-09,2026-09-23T18:10:45
images/data/september_logos/743611/logo.jpg,5355,,s3://rii-data-dump/inside 2026-09 logos zip,gold,logos,2026-09,2026-09-23T18:10:45
images/data/september_logos/1121213/logo.jpg,5354,,s3://rii-data-dump/inside 2026-09 logos zip,gold,logos,2026-09,2026-09-23T18:10:45
images/data/september_logos/1120556/logo.jpg,5349,,s3://rii-data-dump/inside 2026-09 logos zip,gold,logos,2026-09,2026-09-23T18:10:45
images/data/september_logos/758215/logo.jpg,5336,,s3://rii-data-dump/inside 2026-09 logos zip,gold,logos,2026-09,2026-09-23T18:10:45
images/data/september_logos/774015/logo.jpg,5332,,s3://rii-data-dump/inside 2026-09 logos zip,gold,logos,2026-09,2026-09-23T18:10:45
images/data/september_logos/790721/logo.jpg,5321,,s3://rii-data-dump/inside 2026-09 logos zip,gold,logos,2026-09,2026-09-23T18:10:45
images/data/september_logos/771231/logo.jpg,5314,,s3://rii-data-dump/inside 2026-09 logos zip,gold,logos,2026-09,2026-09-23T18:10:45
images/data/september_logos/767000/logo.jpg,5312,,s3://rii-data-dump/inside 2026-09 logos zip,gold,logos,2026-09,2026-09-23T18:10:45
images/data/september_logos/729902/logo.jpg,5308,,s3://rii-data-dump/inside 2026-09 logos zip,gold,logos,2026-09,2026-09-23T18:10:45
images/data/september_logos/763734/logo.jpg,5302,,s3://rii-data-dump/inside 2026-09 logos zip,gold,logos,2026-09,2026-09-23T18:10:45
images/data/september_logos/1121110/logo.jpg,5302,,s3://rii-data-dump/inside 2026-09 logos zip,gold,logos,2026-09,2026-09-23T18:10:45
images/data/september_logos/48001/logo.jpg,5286,,s3://rii-data-dump/inside 2026-09 logos zip,gold,logos,2026-09,2026-09-23T18:10:45
images/data/september_logos/738607/logo.jpg,5284,,s3://rii-data-dump/inside 2026-09 logos zip,gold,logos,2026-09,2026-09-23T18:10:45
images/data/september_logos/46934/logo.jpg,5284,,s3://rii-data-dump/inside 2026-09 logos zip,gold,logos,2026-09,2026-09-23T18:10:45
images/data/september_logos/796831/logo.jpg,5279,,s3://rii-data-dump/inside 2026-09 logos zip,gold,logos,2026-09,2026-09-23T18:10:45
images/data/september_logos/759055/logo.jpg,5274,,s3://rii-data-dump/inside 2026-09 logos zip,gold,logos,2026-09,2026-09-23T18:10:45
images/data/september_logos/788557/logo.jpg,5270,,s3://rii-data-dump/inside 2026-09 logos zip,gold,logos,2026-09,2026-09-23T18:10:45
images/data/september_logos/759294/logo.jpg,5269,,s3://rii-data-dump/inside 2026-09 logos zip,gold,logos,2026-09,2026-09-23T18:10:45
images/data/september_logos/770252/logo.jpg,5267,,s3://rii-data-dump/inside 2026-09 logos zip,gold,logos,2026-09,2026-09-23T18:10:45
Google_Place/apify/output/fused_names_scan.json,5264,8b7bc3d653aa32379d138da55711c54d29c62cc9bff9693174da6a1a7377d15f,s3://rii-data-dump/talabat/bronze/bronze/_cross_month/04_enrichment_raw/Google_Place/apify/output/fused_names_scan.json,bronze,04_enrichment_raw,_cross_month,2026-09-23T18:10:45
images/data/september_logos/645476/logo.jpg,5256,,s3://rii-data-dump/inside 2026-09 logos zip,gold,logos,2026-09,2026-09-23T18:10:45
images/data/september_logos/802894/logo.jpg,5254,,s3://rii-data-dump/inside 2026-09 logos zip,gold,logos,2026-09,2026-09-23T18:10:45
Google_Place/apify/brands/malak_al_tawouk/output/MALAK_AL_TAWOUK_UAE.json,5247,5fe1801720634edc2f2c595aa49f42f5716cd1d2f20bae56e371627d1ae2ba16,s3://rii-data-dump/talabat/bronze/bronze/_cross_month/04_enrichment_raw/Google_Place/apify/brands/malak_al_tawouk/output/MALAK_AL_TAWOUK_UAE.json,bronze,04_enrichment_raw,_cross_month,2026-09-23T18:10:45
images/data/september_logos/1119565/logo.jpg,5242,,s3://rii-data-dump/inside 2026-09 logos zip,gold,logos,2026-09,2026-09-23T18:10:45
images/data/september_logos/1101117/logo.jpg,5235,,s3://rii-data-dump/inside 2026-09 logos zip,gold,logos,2026-09,2026-09-23T18:10:45
images/data/september_logos/650899/logo.jpg,5228,,s3://rii-data-dump/inside 2026-09 logos zip,gold,logos,2026-09,2026-09-23T18:10:45
Google_Place/tav/output/platform_scrape/enrichment_20260704_180158.json,5227,2d488b8a32d67552dc821a4541a10e89de0ee5a5e2770c434652fd02570268fc,s3://rii-data-dump/talabat/bronze/bronze/2026-07/04_enrichment_raw/Google_Place/tav/output/platform_scrape/enrichment_20260704_180158.json,bronze,04_enrichment_raw,2026-07,2026-09-23T18:10:45
images/data/september_logos/765837/logo.jpg,5223,,s3://rii-data-dump/inside 2026-09 logos zip,gold,logos,2026-09,2026-09-23T18:10:45
images/data/september_logos/740932/logo.jpg,5218,,s3://rii-data-dump/inside 2026-09 logos zip,gold,logos,2026-09,2026-09-23T18:10:45
images/data/september_logos/775092/logo.jpg,5217,,s3://rii-data-dump/inside 2026-09 logos zip,gold,logos,2026-09,2026-09-23T18:10:45
images/data/september_logos/735852/logo.jpg,5208,,s3://rii-data-dump/inside 2026-09 logos zip,gold,logos,2026-09,2026-09-23T18:10:45
images/data/september_logos/1000772/logo.jpeg,5206,,s3://rii-data-dump/inside 2026-09 logos zip,gold,logos,2026-09,2026-09-23T18:10:45
images/data/september_logos/759088/logo.jpg,5197,,s3://rii-data-dump/inside 2026-09 logos zip,gold,logos,2026-09,2026-09-23T18:10:45
images/data/september_logos/698074/logo.jpg,5197,,s3://rii-data-dump/inside 2026-09 logos zip,gold,logos,2026-09,2026-09-23T18:10:45
images/data/september_logos/782764/logo.jpg,5196,,s3://rii-data-dump/inside 2026-09 logos zip,gold,logos,2026-09,2026-09-23T18:10:45
images/data/september_logos/767971/logo.jpg,5193,,s3://rii-data-dump/inside 2026-09 logos zip,gold,logos,2026-09,2026-09-23T18:10:45
images/data/september_logos/779236/logo.jpg,5192,,s3://rii-data-dump/inside 2026-09 logos zip,gold,logos,2026-09,2026-09-23T18:10:46
images/data/september_logos/1118491/logo.jpg,5187,,s3://rii-data-dump/inside 2026-09 logos zip,gold,logos,2026-09,2026-09-23T18:10:46
images/data/september_logos/711718/logo.jpg,5184,,s3://rii-data-dump/inside 2026-09 logos zip,gold,logos,2026-09,2026-09-23T18:10:46
images/data/september_logos/1100922/logo.jpg,5166,,s3://rii-data-dump/inside 2026-09 logos zip,gold,logos,2026-09,2026-09-23T18:10:46
images/data/september_logos/737285/logo.jpg,5160,,s3://rii-data-dump/inside 2026-09 logos zip,gold,logos,2026-09,2026-09-23T18:10:46
images/data/september_logos/764902/logo.jpg,5159,,s3://rii-data-dump/inside 2026-09 logos zip,gold,logos,2026-09,2026-09-23T18:10:46
images/data/september_logos/1102430/logo.jpg,5159,,s3://rii-data-dump/inside 2026-09 logos zip,gold,logos,2026-09,2026-09-23T18:10:46
images/data/september_logos/782406/logo.jpg,5147,,s3://rii-data-dump/inside 2026-09 logos zip,gold,logos,2026-09,2026-09-23T18:10:46
images/data/september_logos/700049/logo.jpg,5146,,s3://rii-data-dump/inside 2026-09 logos zip,gold,logos,2026-09,2026-09-23T18:10:46
Google_Place/apify/output/team_keys_status.json,5140,1ec0b51834fc4645b31e651ad905826ce58ab43a1bfd14a97558fe54b15601b1,s3://rii-data-dump/talabat/bronze/bronze/_cross_month/04_enrichment_raw/Google_Place/apify/output/team_keys_status.json,bronze,04_enrichment_raw,_cross_month,2026-09-23T18:10:46
images/data/september_logos/799095/logo.jpg,5136,,s3://rii-data-dump/inside 2026-09 logos zip,gold,logos,2026-09,2026-09-23T18:10:46
images/data/september_logos/631356/logo.jpg,5125,,s3://rii-data-dump/inside 2026-09 logos zip,gold,logos,2026-09,2026-09-23T18:10:46
images/data/september_logos/719623/logo.jpg,5103,,s3://rii-data-dump/inside 2026-09 logos zip,gold,logos,2026-09,2026-09-23T18:10:46
images/data/september_logos/1119414/logo.jpg,5101,,s3://rii-data-dump/inside 2026-09 logos zip,gold,logos,2026-09,2026-09-23T18:10:46
images/data/september_logos/1114857/logo.jpg,5097,,s3://rii-data-dump/inside 2026-09 logos zip,gold,logos,2026-09,2026-09-23T18:10:46
images/data/september_logos/743334/logo.jpg,5095,,s3://rii-data-dump/inside 2026-09 logos zip,gold,logos,2026-09,2026-09-23T18:10:46
images/data/september_logos/767261/logo.jpg,5084,,s3://rii-data-dump/inside 2026-09 logos zip,gold,logos,2026-09,2026-09-23T18:10:46
images/data/september_logos/1115947/logo.jpg,5074,,s3://rii-data-dump/inside 2026-09 logos zip,gold,logos,2026-09,2026-09-23T18:10:46
images/data/september_logos/760852/logo.jpg,5054,,s3://rii-data-dump/inside 2026-09 logos zip,gold,logos,2026-09,2026-09-23T18:10:46
images/data/september_logos/52202/logo.jpg,5053,,s3://rii-data-dump/inside 2026-09 logos zip,gold,logos,2026-09,2026-09-23T18:10:46
images/data/september_logos/1114254/logo.jpg,5052,,s3://rii-data-dump/inside 2026-09 logos zip,gold,logos,2026-09,2026-09-23T18:10:46
images/data/september_logos/636597/logo.jpg,5038,,s3://rii-data-dump/inside 2026-09 logos zip,gold,logos,2026-09,2026-09-23T18:10:46
Google_Place/Google_map/output/results/DIY_Batch01_OtherEntities_20260702_220328.json,5038,1968806ba7466e4784ee62c79a550f7dce3d695248a102472c35b36dca7931a3,s3://rii-data-dump/talabat/bronze/bronze/2026-07/04_enrichment_raw/Google_Place/Google_map/output/results/DIY_Batch01_OtherEntities_20260702_220328.json,bronze,04_enrichment_raw,2026-07,2026-09-23T18:10:46
images/data/september_logos/783586/logo.jpg,5034,,s3://rii-data-dump/inside 2026-09 logos zip,gold,logos,2026-09,2026-09-23T18:10:46
images/data/september_logos/1119255/logo.jpg,5029,,s3://rii-data-dump/inside 2026-09 logos zip,gold,logos,2026-09,2026-09-23T18:10:46
images/data/september_logos/777859/logo.jpg,4990,,s3://rii-data-dump/inside 2026-09 logos zip,gold,logos,2026-09,2026-09-23T18:10:46
images/data/september_logos/1117357/logo.jpg,4986,,s3://rii-data-dump/inside 2026-09 logos zip,gold,logos,2026-09,2026-09-23T18:10:46
images/data/september_logos/732367/logo.jpg,4981,,s3://rii-data-dump/inside 2026-09 logos zip,gold,logos,2026-09,2026-09-23T18:10:46
images/data/september_logos/612077/logo.jpg,4974,,s3://rii-data-dump/inside 2026-09 logos zip,gold,logos,2026-09,2026-09-23T18:10:46
map_version2/new_york_fries/output/NEW_YORK_FRIES_UAE.json,4973,2587db3670257004dc7e4408d853e267e0efbb0b9b43c5bb2e337ae9cef3a892,s3://rii-data-dump/talabat/silver/_cross_month/05_classification/map_version2/new_york_fries/output/NEW_YORK_FRIES_UAE.json,silver,05_classification,_cross_month,2026-09-23T18:10:46
images/data/september_logos/729905/logo.jpg,4973,,s3://rii-data-dump/inside 2026-09 logos zip,gold,logos,2026-09,2026-09-23T18:10:46
Google_Place/apify/brands/new_york_fries/output/NEW_YORK_FRIES_UAE.json,4973,2587db3670257004dc7e4408d853e267e0efbb0b9b43c5bb2e337ae9cef3a892,s3://rii-data-dump/talabat/bronze/bronze/_cross_month/04_enrichment_raw/Google_Place/apify/brands/new_york_fries/output/NEW_YORK_FRIES_UAE.json,bronze,04_enrichment_raw,_cross_month,2026-09-23T18:10:46
images/data/september_logos/793603/logo.jpg,4972,,s3://rii-data-dump/inside 2026-09 logos zip,gold,logos,2026-09,2026-09-23T18:10:46
images/data/september_logos/1118513/logo.jpg,4967,,s3://rii-data-dump/inside 2026-09 logos zip,gold,logos,2026-09,2026-09-23T18:10:46
images/data/september_logos/791607/logo.jpg,4944,,s3://rii-data-dump/inside 2026-09 logos zip,gold,logos,2026-09,2026-09-23T18:10:46
images/data/september_logos/733865/logo.jpg,4943,,s3://rii-data-dump/inside 2026-09 logos zip,gold,logos,2026-09,2026-09-23T18:10:46
images/data/september_logos/675333/logo.jpg,4937,,s3://rii-data-dump/inside 2026-09 logos zip,gold,logos,2026-09,2026-09-23T18:10:46
images/data/september_logos/1110851/logo.jpg,4934,,s3://rii-data-dump/inside 2026-09 logos zip,gold,logos,2026-09,2026-09-23T18:10:46
images/data/september_logos/1106022/logo.jpg,4915,,s3://rii-data-dump/inside 2026-09 logos zip,gold,logos,2026-09,2026-09-23T18:10:46
images/data/september_logos/1118885/logo.jpg,4911,,s3://rii-data-dump/inside 2026-09 logos zip,gold,logos,2026-09,2026-09-23T18:10:46
images/data/september_logos/1116853/logo.jpg,4909,,s3://rii-data-dump/inside 2026-09 logos zip,gold,logos,2026-09,2026-09-23T18:10:46
images/data/september_logos/613928/logo.jpg,4899,,s3://rii-data-dump/inside 2026-09 logos zip,gold,logos,2026-09,2026-09-23T18:10:46
images/data/september_logos/802439/logo.jpg,4895,,s3://rii-data-dump/inside 2026-09 logos zip,gold,logos,2026-09,2026-09-23T18:10:46
images/data/september_logos/770536/logo.jpg,4892,,s3://rii-data-dump/inside 2026-09 logos zip,gold,logos,2026-09,2026-09-23T18:10:46
images/data/september_logos/1120984/logo.jpg,4883,,s3://rii-data-dump/inside 2026-09 logos zip,gold,logos,2026-09,2026-09-23T18:10:46
images/data/september_logos/1118940/logo.jpg,4881,,s3://rii-data-dump/inside 2026-09 logos zip,gold,logos,2026-09,2026-09-23T18:10:46
images/data/september_logos/25691/logo.jpg,4876,,s3://rii-data-dump/inside 2026-09 logos zip,gold,logos,2026-09,2026-09-23T18:10:46
map_version2/pret_a_manger/output/PRET_A_MANGER_UAE.csv,4875,454ec052187ba4c5d338fe2a987689a18d0b1e91a07cea7f2a429100194d7d17,s3://rii-data-dump/talabat/silver/_cross_month/05_classification/map_version2/pret_a_manger/output/PRET_A_MANGER_UAE.csv,silver,05_classification,_cross_month,2026-09-23T18:10:46
Google_Place/apify/brands/pret_a_manger/output/PRET_A_MANGER_UAE.csv,4875,454ec052187ba4c5d338fe2a987689a18d0b1e91a07cea7f2a429100194d7d17,s3://rii-data-dump/talabat/bronze/bronze/_cross_month/04_enrichment_raw/Google_Place/apify/brands/pret_a_manger/output/PRET_A_MANGER_UAE.csv,bronze,04_enrichment_raw,_cross_month,2026-09-23T18:10:46
images/data/september_logos/802147/logo.jpg,4872,,s3://rii-data-dump/inside 2026-09 logos zip,gold,logos,2026-09,2026-09-23T18:10:46
Google_Place/apify/brands/crispy_chicken/output/CRISPY_CHICKEN_UAE.csv,4863,c042c4c7b7a0579b7cb092153a5664db1be5fc2ab37538f37e6f7c85743f4d63,s3://rii-data-dump/talabat/bronze/bronze/_cross_month/04_enrichment_raw/Google_Place/apify/brands/crispy_chicken/output/CRISPY_CHICKEN_UAE.csv,bronze,04_enrichment_raw,_cross_month,2026-09-23T18:10:46
images/data/september_logos/741541/logo.jpg,4846,,s3://rii-data-dump/inside 2026-09 logos zip,gold,logos,2026-09,2026-09-23T18:10:46
images/data/september_logos/695524/logo.jpg,4836,,s3://rii-data-dump/inside 2026-09 logos zip,gold,logos,2026-09,2026-09-23T18:10:46
images/data/september_logos/1119315/logo.jpg,4836,,s3://rii-data-dump/inside 2026-09 logos zip,gold,logos,2026-09,2026-09-23T18:10:46
images/data/september_logos/791417/logo.jpg,4832,,s3://rii-data-dump/inside 2026-09 logos zip,gold,logos,2026-09,2026-09-23T18:10:46
images/data/september_logos/1114116/logo.jpg,4832,,s3://rii-data-dump/inside 2026-09 logos zip,gold,logos,2026-09,2026-09-23T18:10:46
images/data/september_logos/796060/logo.jpg,4825,,s3://rii-data-dump/inside 2026-09 logos zip,gold,logos,2026-09,2026-09-23T18:10:46
images/data/september_logos/775101/logo.jpg,4810,,s3://rii-data-dump/inside 2026-09 logos zip,gold,logos,2026-09,2026-09-23T18:10:46
images/data/september_logos/669582/logo.jpg,4803,,s3://rii-data-dump/inside 2026-09 logos zip,gold,logos,2026-09,2026-09-23T18:10:46
images/data/september_logos/787231/logo.jpg,4797,,s3://rii-data-dump/inside 2026-09 logos zip,gold,logos,2026-09,2026-09-23T18:10:46
images/data/september_logos/716609/logo.jpg,4797,,s3://rii-data-dump/inside 2026-09 logos zip,gold,logos,2026-09,2026-09-23T18:10:46
images/data/september_logos/804635/logo.jpg,4794,,s3://rii-data-dump/inside 2026-09 logos zip,gold,logos,2026-09,2026-09-23T18:10:46
images/data/september_logos/1118387/logo.jpg,4787,,s3://rii-data-dump/inside 2026-09 logos zip,gold,logos,2026-09,2026-09-23T18:10:46
images/data/september_logos/1000435/logo.jpg,4787,,s3://rii-data-dump/inside 2026-09 logos zip,gold,logos,2026-09,2026-09-23T18:10:46
images/data/september_logos/722601/logo.jpg,4776,,s3://rii-data-dump/inside 2026-09 logos zip,gold,logos,2026-09,2026-09-23T18:10:46
images/data/september_logos/765457/logo.jpg,4772,,s3://rii-data-dump/inside 2026-09 logos zip,gold,logos,2026-09,2026-09-23T18:10:46
images/data/september_logos/768548/logo.jpg,4760,,s3://rii-data-dump/inside 2026-09 logos zip,gold,logos,2026-09,2026-09-23T18:10:46
images/data/september_logos/1120509/logo.jpg,4757,,s3://rii-data-dump/inside 2026-09 logos zip,gold,logos,2026-09,2026-09-23T18:10:46
images/data/september_logos/781170/logo.jpg,4756,,s3://rii-data-dump/inside 2026-09 logos zip,gold,logos,2026-09,2026-09-23T18:10:46
images/data/september_logos/792628/logo.jpg,4750,,s3://rii-data-dump/inside 2026-09 logos zip,gold,logos,2026-09,2026-09-23T18:10:46
images/data/september_logos/801483/logo.jpg,4742,,s3://rii-data-dump/inside 2026-09 logos zip,gold,logos,2026-09,2026-09-23T18:10:46
images/data/september_logos/1116155/logo.jpg,4739,,s3://rii-data-dump/inside 2026-09 logos zip,gold,logos,2026-09,2026-09-23T18:10:46
images/data/september_logos/48157/logo.jpg,4735,,s3://rii-data-dump/inside 2026-09 logos zip,gold,logos,2026-09,2026-09-23T18:10:46
images/data/september_logos/638167/logo.jpg,4728,,s3://rii-data-dump/inside 2026-09 logos zip,gold,logos,2026-09,2026-09-23T18:10:46
images/data/september_logos/779347/logo.jpeg,4725,,s3://rii-data-dump/inside 2026-09 logos zip,gold,logos,2026-09,2026-09-23T18:10:46
images/data/september_logos/774391/logo.jpg,4721,,s3://rii-data-dump/inside 2026-09 logos zip,gold,logos,2026-09,2026-09-23T18:10:46
images/data/september_logos/1120172/logo.jpg,4704,,s3://rii-data-dump/inside 2026-09 logos zip,gold,logos,2026-09,2026-09-23T18:10:46
export/IT_Team_Location/output/geo_resolution_map.csv,4703,6df927bc38a61d9680f99258c207aeab64d8c4dbe043d533c143edf973fb3617,s3://rii-data-dump/talabat/gold/2026-07/exports/export/IT_Team_Location/output/geo_resolution_map.csv,gold,exports,2026-07,2026-09-23T18:10:46
images/data/september_logos/769759/logo.jpg,4700,,s3://rii-data-dump/inside 2026-09 logos zip,gold,logos,2026-09,2026-09-23T18:10:46
images/data/september_logos/686527/logo.jpg,4699,,s3://rii-data-dump/inside 2026-09 logos zip,gold,logos,2026-09,2026-09-23T18:10:46
images/data/september_logos/1120960/logo.jpg,4699,,s3://rii-data-dump/inside 2026-09 logos zip,gold,logos,2026-09,2026-09-23T18:10:46
images/data/september_logos/1119360/logo.jpg,4699,,s3://rii-data-dump/inside 2026-09 logos zip,gold,logos,2026-09,2026-09-23T18:10:46
images/data/september_logos/784473/logo.jpg,4697,,s3://rii-data-dump/inside 2026-09 logos zip,gold,logos,2026-09,2026-09-23T18:10:46
images/data/september_logos/755586/logo.jpg,4686,,s3://rii-data-dump/inside 2026-09 logos zip,gold,logos,2026-09,2026-09-23T18:10:46
images/data/september_logos/700441/logo.jpg,4674,,s3://rii-data-dump/inside 2026-09 logos zip,gold,logos,2026-09,2026-09-23T18:10:46
images/data/september_logos/1115566/logo.jpg,4667,,s3://rii-data-dump/inside 2026-09 logos zip,gold,logos,2026-09,2026-09-23T18:10:46
images/data/september_logos/1119060/logo.jpg,4660,,s3://rii-data-dump/inside 2026-09 logos zip,gold,logos,2026-09,2026-09-23T18:10:46
images/data/september_logos/1101275/logo.jpg,4656,,s3://rii-data-dump/inside 2026-09 logos zip,gold,logos,2026-09,2026-09-23T18:10:46
images/data/september_logos/1117116/logo.jpg,4642,,s3://rii-data-dump/inside 2026-09 logos zip,gold,logos,2026-09,2026-09-23T18:10:46
images/data/september_logos/1106191/logo.jpg,4638,,s3://rii-data-dump/inside 2026-09 logos zip,gold,logos,2026-09,2026-09-23T18:10:46
images/data/september_logos/1100241/logo.jpg,4638,,s3://rii-data-dump/inside 2026-09 logos zip,gold,logos,2026-09,2026-09-23T18:10:46
images/data/september_logos/1117944/logo.jpg,4633,,s3://rii-data-dump/inside 2026-09 logos zip,gold,logos,2026-09,2026-09-23T18:10:46
images/data/september_logos/609427/logo.jpg,4631,,s3://rii-data-dump/inside 2026-09 logos zip,gold,logos,2026-09,2026-09-23T18:10:46
images/data/september_logos/25943/logo.jpg,4627,,s3://rii-data-dump/inside 2026-09 logos zip,gold,logos,2026-09,2026-09-23T18:10:46
images/data/september_logos/1119878/logo.jpg,4625,,s3://rii-data-dump/inside 2026-09 logos zip,gold,logos,2026-09,2026-09-23T18:10:46
images/data/september_logos/775440/logo.jpg,4621,,s3://rii-data-dump/inside 2026-09 logos zip,gold,logos,2026-09,2026-09-23T18:10:46
images/data/september_logos/650006/logo.jpg,4620,,s3://rii-data-dump/inside 2026-09 logos zip,gold,logos,2026-09,2026-09-23T18:10:46
images/data/september_logos/1118349/logo.jpg,4619,,s3://rii-data-dump/inside 2026-09 logos zip,gold,logos,2026-09,2026-09-23T18:10:46
images/data/september_logos/1000068/logo.jpg,4611,,s3://rii-data-dump/inside 2026-09 logos zip,gold,logos,2026-09,2026-09-23T18:10:46
images/data/september_logos/743598/logo.jpg,4602,,s3://rii-data-dump/inside 2026-09 logos zip,gold,logos,2026-09,2026-09-23T18:10:46
images/data/september_logos/1106105/logo.jpg,4592,,s3://rii-data-dump/inside 2026-09 logos zip,gold,logos,2026-09,2026-09-23T18:10:46
images/data/september_logos/705135/logo.jpg,4591,,s3://rii-data-dump/inside 2026-09 logos zip,gold,logos,2026-09,2026-09-23T18:10:46
images/data/september_logos/693451/logo.jpg,4588,,s3://rii-data-dump/inside 2026-09 logos zip,gold,logos,2026-09,2026-09-23T18:10:46
images/data/september_logos/1116695/logo.jpg,4581,,s3://rii-data-dump/inside 2026-09 logos zip,gold,logos,2026-09,2026-09-23T18:10:46
images/data/september_logos/1119532/logo.jpg,4576,,s3://rii-data-dump/inside 2026-09 logos zip,gold,logos,2026-09,2026-09-23T18:10:46
images/data/september_logos/716121/logo.jpg,4565,,s3://rii-data-dump/inside 2026-09 logos zip,gold,logos,2026-09,2026-09-23T18:10:46
images/data/september_logos/765890/logo.jpg,4561,,s3://rii-data-dump/inside 2026-09 logos zip,gold,logos,2026-09,2026-09-23T18:10:46
images/data/september_logos/716622/logo.jpg,4557,,s3://rii-data-dump/inside 2026-09 logos zip,gold,logos,2026-09,2026-09-23T18:10:46
images/data/september_logos/1105209/logo.jpg,4551,,s3://rii-data-dump/inside 2026-09 logos zip,gold,logos,2026-09,2026-09-23T18:10:46
images/data/september_logos/1120993/logo.jpg,4549,,s3://rii-data-dump/inside 2026-09 logos zip,gold,logos,2026-09,2026-09-23T18:10:46
images/data/september_logos/23559/logo.jpg,4548,,s3://rii-data-dump/inside 2026-09 logos zip,gold,logos,2026-09,2026-09-23T18:10:46
images/data/september_logos/742913/logo.jpg,4547,,s3://rii-data-dump/inside 2026-09 logos zip,gold,logos,2026-09,2026-09-23T18:10:46
images/data/september_logos/1101127/logo.jpeg,4530,,s3://rii-data-dump/inside 2026-09 logos zip,gold,logos,2026-09,2026-09-23T18:10:46
images/data/september_logos/792387/logo.jpg,4514,,s3://rii-data-dump/inside 2026-09 logos zip,gold,logos,2026-09,2026-09-23T18:10:46
images/data/september_logos/1120105/logo.jpg,4510,,s3://rii-data-dump/inside 2026-09 logos zip,gold,logos,2026-09,2026-09-23T18:10:46
images/data/september_logos/642169/logo.jpg,4505,,s3://rii-data-dump/inside 2026-09 logos zip,gold,logos,2026-09,2026-09-23T18:10:46
images/data/september_logos/793410/logo.jpg,4493,,s3://rii-data-dump/inside 2026-09 logos zip,gold,logos,2026-09,2026-09-23T18:10:46
images/data/september_logos/1114134/logo.jpg,4490,,s3://rii-data-dump/inside 2026-09 logos zip,gold,logos,2026-09,2026-09-23T18:10:46
images/data/september_logos/763064/logo.jpg,4487,,s3://rii-data-dump/inside 2026-09 logos zip,gold,logos,2026-09,2026-09-23T18:10:46
images/data/september_logos/785624/logo.jpg,4483,,s3://rii-data-dump/inside 2026-09 logos zip,gold,logos,2026-09,2026-09-23T18:10:46
images/data/september_logos/756955/logo.jpg,4475,,s3://rii-data-dump/inside 2026-09 logos zip,gold,logos,2026-09,2026-09-23T18:10:46
images/data/september_logos/664408/logo.jpg,4474,,s3://rii-data-dump/inside 2026-09 logos zip,gold,logos,2026-09,2026-09-23T18:10:46
images/data/september_logos/772700/logo.jpg,4465,,s3://rii-data-dump/inside 2026-09 logos zip,gold,logos,2026-09,2026-09-23T18:10:46
images/data/september_logos/759891/logo.jpg,4456,,s3://rii-data-dump/inside 2026-09 logos zip,gold,logos,2026-09,2026-09-23T18:10:46
menu_refresh/data/export_schema_map.json,4448,3197c6d8b4620633679289a1287a96bbee2463de0eedfdeb30b19f1fa6853bcb,s3://rii-data-dump/talabat/silver/2026-08/09_delta/menu_refresh/data/export_schema_map.json,silver,09_delta,2026-08,2026-09-23T18:10:46
images/data/september_logos/779967/logo.jpg,4448,,s3://rii-data-dump/inside 2026-09 logos zip,gold,logos,2026-09,2026-09-23T18:10:46
images/data/september_logos/1106190/logo.jpg,4446,,s3://rii-data-dump/inside 2026-09 logos zip,gold,logos,2026-09,2026-09-23T18:10:46
images/data/september_logos/791745/logo.jpg,4445,,s3://rii-data-dump/inside 2026-09 logos zip,gold,logos,2026-09,2026-09-23T18:10:46
images/data/september_logos/780284/logo.jpg,4443,,s3://rii-data-dump/inside 2026-09 logos zip,gold,logos,2026-09,2026-09-23T18:10:46
images/data/september_logos/1120836/logo.jpg,4419,,s3://rii-data-dump/inside 2026-09 logos zip,gold,logos,2026-09,2026-09-23T18:10:46
images/data/september_logos/772005/logo.jpg,4415,,s3://rii-data-dump/inside 2026-09 logos zip,gold,logos,2026-09,2026-09-23T18:10:46
images/data/september_logos/664821/logo.jpg,4415,,s3://rii-data-dump/inside 2026-09 logos zip,gold,logos,2026-09,2026-09-23T18:10:46
images/data/september_logos/765606/logo.jpg,4397,,s3://rii-data-dump/inside 2026-09 logos zip,gold,logos,2026-09,2026-09-23T18:10:46
images/data/september_logos/769886/logo.jpg,4394,,s3://rii-data-dump/inside 2026-09 logos zip,gold,logos,2026-09,2026-09-23T18:10:46
images/data/september_logos/799071/logo.jpg,4374,,s3://rii-data-dump/inside 2026-09 logos zip,gold,logos,2026-09,2026-09-23T18:10:46
images/data/september_logos/1106106/logo.jpg,4371,,s3://rii-data-dump/inside 2026-09 logos zip,gold,logos,2026-09,2026-09-23T18:10:46
images/data/september_logos/773245/logo.jpg,4366,,s3://rii-data-dump/inside 2026-09 logos zip,gold,logos,2026-09,2026-09-23T18:10:46
images/data/september_logos/666470/logo.jpg,4365,,s3://rii-data-dump/inside 2026-09 logos zip,gold,logos,2026-09,2026-09-23T18:10:46
images/data/september_logos/1117228/logo.jpg,4359,,s3://rii-data-dump/inside 2026-09 logos zip,gold,logos,2026-09,2026-09-23T18:10:46
images/data/september_logos/766560/logo.jpg,4331,,s3://rii-data-dump/inside 2026-09 logos zip,gold,logos,2026-09,2026-09-23T18:10:46
images/data/september_logos/760176/logo.jpg,4323,,s3://rii-data-dump/inside 2026-09 logos zip,gold,logos,2026-09,2026-09-23T18:10:46
images/data/september_logos/1118517/logo.jpg,4317,,s3://rii-data-dump/inside 2026-09 logos zip,gold,logos,2026-09,2026-09-23T18:10:46
images/data/september_logos/1119442/logo.jpg,4316,,s3://rii-data-dump/inside 2026-09 logos zip,gold,logos,2026-09,2026-09-23T18:10:46
Google_Place/apify/brands/vapiano/output/VAPIANO_UAE.csv,4310,31feaf17ac0265cc1816e55f231b0a25deace14838c6e4ba91cf6582dd614918,s3://rii-data-dump/talabat/bronze/bronze/_cross_month/04_enrichment_raw/Google_Place/apify/brands/vapiano/output/VAPIANO_UAE.csv,bronze,04_enrichment_raw,_cross_month,2026-09-23T18:10:46
images/data/september_logos/1120527/logo.jpg,4307,,s3://rii-data-dump/inside 2026-09 logos zip,gold,logos,2026-09,2026-09-23T18:10:46
images/data/september_logos/622803/logo.jpg,4302,,s3://rii-data-dump/inside 2026-09 logos zip,gold,logos,2026-09,2026-09-23T18:10:46
address_audit/data/ll_positive_control.csv,4296,9b33f3cc743699b221aa7b22d5b6d15e6f57d101ac704df9dfff70a30f870f2c,s3://rii-data-dump/talabat/silver/2026-09/07_addresses/address_audit/data/ll_positive_control.csv,silver,07_addresses,2026-09,2026-09-23T18:10:46
Google_Place/apify/brands/uae_confirm_chains/input.json,4288,cd3842a7aefa0a8124d24c33b31abaabffcbc0ef3baef1860ec0569d5fcb7d15,s3://rii-data-dump/talabat/bronze/bronze/_cross_month/04_enrichment_raw/Google_Place/apify/brands/uae_confirm_chains/input.json,bronze,04_enrichment_raw,_cross_month,2026-09-23T18:10:46
images/data/september_logos/1118884/logo.jpg,4285,,s3://rii-data-dump/inside 2026-09 logos zip,gold,logos,2026-09,2026-09-23T18:10:46
images/data/september_logos/786501/logo.jpg,4283,,s3://rii-data-dump/inside 2026-09 logos zip,gold,logos,2026-09,2026-09-23T18:10:46
images/data/september_logos/735869/logo.jpg,4279,,s3://rii-data-dump/inside 2026-09 logos zip,gold,logos,2026-09,2026-09-23T18:10:46
images/data/september_logos/646762/logo.jpg,4276,,s3://rii-data-dump/inside 2026-09 logos zip,gold,logos,2026-09,2026-09-23T18:10:46
images/data/september_logos/743693/logo.jpg,4268,,s3://rii-data-dump/inside 2026-09 logos zip,gold,logos,2026-09,2026-09-23T18:10:46
images/data/september_logos/1119392/logo.jpg,4261,,s3://rii-data-dump/inside 2026-09 logos zip,gold,logos,2026-09,2026-09-23T18:10:46
August_menu/data/sanitize_exceptions.csv,4253,31bb36546a3313f5f5a55c1203c9e45c9937a5503a6ec22d5cf54733504146b3,s3://rii-data-dump/talabat/silver/2026-08/02_sanitize/August_menu/data/sanitize_exceptions.csv,silver,02_sanitize,2026-08,2026-09-23T18:10:46
images/data/september_logos/773912/logo.jpg,4252,,s3://rii-data-dump/inside 2026-09 logos zip,gold,logos,2026-09,2026-09-23T18:10:46
images/data/september_logos/680896/logo.jpg,4250,,s3://rii-data-dump/inside 2026-09 logos zip,gold,logos,2026-09,2026-09-23T18:10:46
images/data/september_logos/738453/logo.jpg,4236,,s3://rii-data-dump/inside 2026-09 logos zip,gold,logos,2026-09,2026-09-23T18:10:46
images/data/september_logos/770672/logo.jpg,4231,,s3://rii-data-dump/inside 2026-09 logos zip,gold,logos,2026-09,2026-09-23T18:10:46
images/data/september_logos/803650/logo.jpeg,4218,,s3://rii-data-dump/inside 2026-09 logos zip,gold,logos,2026-09,2026-09-23T18:10:46
images/data/september_logos/1106768/logo.jpg,4217,,s3://rii-data-dump/inside 2026-09 logos zip,gold,logos,2026-09,2026-09-23T18:10:46
images/data/september_logos/1119082/logo.jpg,4215,,s3://rii-data-dump/inside 2026-09 logos zip,gold,logos,2026-09,2026-09-23T18:10:46
images/data/september_logos/778802/logo.jpg,4204,,s3://rii-data-dump/inside 2026-09 logos zip,gold,logos,2026-09,2026-09-23T18:10:46
images/data/september_logos/1119613/logo.jpeg,4204,,s3://rii-data-dump/inside 2026-09 logos zip,gold,logos,2026-09,2026-09-23T18:10:46
images/data/september_logos/1120748/logo.jpg,4198,,s3://rii-data-dump/inside 2026-09 logos zip,gold,logos,2026-09,2026-09-23T18:10:46
images/data/september_logos/777482/logo.jpg,4197,,s3://rii-data-dump/inside 2026-09 logos zip,gold,logos,2026-09,2026-09-23T18:10:46
images/data/september_logos/733128/logo.jpg,4196,,s3://rii-data-dump/inside 2026-09 logos zip,gold,logos,2026-09,2026-09-23T18:10:46
images/data/september_logos/781912/logo.jpg,4187,,s3://rii-data-dump/inside 2026-09 logos zip,gold,logos,2026-09,2026-09-23T18:10:46
images/data/september_logos/795546/logo.jpg,4185,,s3://rii-data-dump/inside 2026-09 logos zip,gold,logos,2026-09,2026-09-23T18:10:46
images/data/september_logos/783485/logo.jpg,4169,,s3://rii-data-dump/inside 2026-09 logos zip,gold,logos,2026-09,2026-09-23T18:10:46
images/data/september_logos/1118582/logo.jpg,4168,,s3://rii-data-dump/inside 2026-09 logos zip,gold,logos,2026-09,2026-09-23T18:10:46
images/data/september_logos/1109645/logo.jpg,4158,,s3://rii-data-dump/inside 2026-09 logos zip,gold,logos,2026-09,2026-09-23T18:10:46
images/data/september_logos/675748/logo.jpg,4154,,s3://rii-data-dump/inside 2026-09 logos zip,gold,logos,2026-09,2026-09-23T18:10:46
images/data/september_logos/752410/logo.jpg,4134,,s3://rii-data-dump/inside 2026-09 logos zip,gold,logos,2026-09,2026-09-23T18:10:46
images/data/september_logos/775106/logo.jpg,4119,,s3://rii-data-dump/inside 2026-09 logos zip,gold,logos,2026-09,2026-09-23T18:10:46
images/data/september_logos/1101930/logo.jpg,4114,,s3://rii-data-dump/inside 2026-09 logos zip,gold,logos,2026-09,2026-09-23T18:10:46
images/data/september_logos/674436/logo.jpg,4111,,s3://rii-data-dump/inside 2026-09 logos zip,gold,logos,2026-09,2026-09-23T18:10:46
images/data/september_logos/1119269/logo.jpg,4104,,s3://rii-data-dump/inside 2026-09 logos zip,gold,logos,2026-09,2026-09-23T18:10:46
images/data/september_logos/726540/logo.jpg,4095,,s3://rii-data-dump/inside 2026-09 logos zip,gold,logos,2026-09,2026-09-23T18:10:46
images/data/september_logos/783883/logo.jpg,4089,,s3://rii-data-dump/inside 2026-09 logos zip,gold,logos,2026-09,2026-09-23T18:10:46
images/data/september_logos/1118094/logo.jpg,4085,,s3://rii-data-dump/inside 2026-09 logos zip,gold,logos,2026-09,2026-09-23T18:10:46
images/data/september_logos/695385/logo.jpg,4078,,s3://rii-data-dump/inside 2026-09 logos zip,gold,logos,2026-09,2026-09-23T18:10:46
images/data/september_logos/1119206/logo.jpg,4076,,s3://rii-data-dump/inside 2026-09 logos zip,gold,logos,2026-09,2026-09-23T18:10:46
images/data/september_logos/1102758/logo.jpg,4067,,s3://rii-data-dump/inside 2026-09 logos zip,gold,logos,2026-09,2026-09-23T18:10:46
images/data/september_logos/1102092/logo.jpg,4067,,s3://rii-data-dump/inside 2026-09 logos zip,gold,logos,2026-09,2026-09-23T18:10:46
images/data/september_logos/1119474/logo.jpg,4057,,s3://rii-data-dump/inside 2026-09 logos zip,gold,logos,2026-09,2026-09-23T18:10:46
images/data/september_logos/802096/logo.jpg,4049,,s3://rii-data-dump/inside 2026-09 logos zip,gold,logos,2026-09,2026-09-23T18:10:46
images/data/september_logos/1114778/logo.jpg,4046,,s3://rii-data-dump/inside 2026-09 logos zip,gold,logos,2026-09,2026-09-23T18:10:46
images/data/september_logos/688756/logo.jpg,4045,,s3://rii-data-dump/inside 2026-09 logos zip,gold,logos,2026-09,2026-09-23T18:10:46
images/data/september_logos/1107629/logo.jpg,4043,,s3://rii-data-dump/inside 2026-09 logos zip,gold,logos,2026-09,2026-09-23T18:10:46
images/data/september_logos/741097/logo.jpg,4035,,s3://rii-data-dump/inside 2026-09 logos zip,gold,logos,2026-09,2026-09-23T18:10:46
images/data/september_logos/804798/logo.jpg,4028,,s3://rii-data-dump/inside 2026-09 logos zip,gold,logos,2026-09,2026-09-23T18:10:46
images/data/september_logos/767262/logo.jpg,4026,,s3://rii-data-dump/inside 2026-09 logos zip,gold,logos,2026-09,2026-09-23T18:10:46
August_menu/data/arabic_location_translations.json,4021,3636f99db99175fe158ff12e44d0a1ed277110273160025ee43052326b2b3ae8,s3://rii-data-dump/talabat/silver/2026-08/02_sanitize/August_menu/data/arabic_location_translations.json,silver,02_sanitize,2026-08,2026-09-23T18:10:46
images/data/september_logos/1118877/logo.jpg,4012,,s3://rii-data-dump/inside 2026-09 logos zip,gold,logos,2026-09,2026-09-23T18:10:46
Google_Place/apify/brands/raising_canes/output/RAISING_CANES_UAE.csv,4004,b31f2773ea5ba6f6903f5561df64c5bd52b97c32a765de107d10073ed55d375d,s3://rii-data-dump/talabat/bronze/bronze/_cross_month/04_enrichment_raw/Google_Place/apify/brands/raising_canes/output/RAISING_CANES_UAE.csv,bronze,04_enrichment_raw,_cross_month,2026-09-23T18:10:46
images/data/september_logos/1120579/logo.jpg,3997,,s3://rii-data-dump/inside 2026-09 logos zip,gold,logos,2026-09,2026-09-23T18:10:46
images/data/september_logos/649871/logo.jpg,3994,,s3://rii-data-dump/inside 2026-09 logos zip,gold,logos,2026-09,2026-09-23T18:10:46
images/data/september_logos/802742/logo.jpg,3983,,s3://rii-data-dump/inside 2026-09 logos zip,gold,logos,2026-09,2026-09-23T18:10:46
images/data/september_logos/765229/logo.jpg,3970,,s3://rii-data-dump/inside 2026-09 logos zip,gold,logos,2026-09,2026-09-23T18:10:46
images/data/september_logos/1113862/logo.jpg,3969,,s3://rii-data-dump/inside 2026-09 logos zip,gold,logos,2026-09,2026-09-23T18:10:46
images/data/september_logos/1120194/logo.jpg,3956,,s3://rii-data-dump/inside 2026-09 logos zip,gold,logos,2026-09,2026-09-23T18:10:46
images/data/september_logos/775443/logo.jpg,3946,,s3://rii-data-dump/inside 2026-09 logos zip,gold,logos,2026-09,2026-09-23T18:10:46
images/data/september_logos/39555/logo.jpg,3922,,s3://rii-data-dump/inside 2026-09 logos zip,gold,logos,2026-09,2026-09-23T18:10:46
images/data/september_logos/1113920/logo.jpg,3907,,s3://rii-data-dump/inside 2026-09 logos zip,gold,logos,2026-09,2026-09-23T18:10:46
images/data/september_logos/784747/logo.jpeg,3906,,s3://rii-data-dump/inside 2026-09 logos zip,gold,logos,2026-09,2026-09-23T18:10:46
images/data/september_logos/789321/logo.jpg,3900,,s3://rii-data-dump/inside 2026-09 logos zip,gold,logos,2026-09,2026-09-23T18:10:46
August_menu/data/std_term_vocabulary.json,3880,ca4a3fd4a161630c8d568dd2cc3a5746b768d7968f016056729ca714e0fbb70f,s3://rii-data-dump/talabat/silver/2026-08/03_std_terms/August_menu/data/std_term_vocabulary.json,silver,03_std_terms,2026-08,2026-09-23T18:10:46
images/data/september_logos/1115900/logo.jpg,3874,,s3://rii-data-dump/inside 2026-09 logos zip,gold,logos,2026-09,2026-09-23T18:10:46
tavily/data/classified/classified_20260622_154325.csv,3871,eb2700d52ed0b567c798680d298076d2dfba649a32c0593a972cef8b912b2493,s3://rii-data-dump/talabat/bronze/bronze/2026-06/04_enrichment_raw/tavily/data/classified/classified_20260622_154325.csv,bronze,04_enrichment_raw,2026-06,2026-09-23T18:10:46
images/data/september_logos/757004/logo.jpg,3865,,s3://rii-data-dump/inside 2026-09 logos zip,gold,logos,2026-09,2026-09-23T18:10:46
images/data/september_logos/1000188/logo.jpg,3864,,s3://rii-data-dump/inside 2026-09 logos zip,gold,logos,2026-09,2026-09-23T18:10:46
tavily/data/classified/classified_20260622_160730.csv,3851,6fbc038cf82ea38e37011e1f9dc734cf758ab4373db7869ce757767806b7415c,s3://rii-data-dump/talabat/bronze/bronze/2026-06/04_enrichment_raw/tavily/data/classified/classified_20260622_160730.csv,bronze,04_enrichment_raw,2026-06,2026-09-23T18:10:46
tavily/data/classified/classified_20260622_160745.csv,3851,55ba40e208775fc004e717c2116fffdedc293f8a759deaa6fb2c5579839bc0b2,s3://rii-data-dump/talabat/bronze/bronze/2026-06/04_enrichment_raw/tavily/data/classified/classified_20260622_160745.csv,bronze,04_enrichment_raw,2026-06,2026-09-23T18:10:46
images/data/september_logos/765654/logo.jpg,3842,,s3://rii-data-dump/inside 2026-09 logos zip,gold,logos,2026-09,2026-09-23T18:10:46
images/data/september_logos/1116282/logo.jpg,3841,,s3://rii-data-dump/inside 2026-09 logos zip,gold,logos,2026-09,2026-09-23T18:10:46
images/data/september_logos/718343/logo.jpg,3836,,s3://rii-data-dump/inside 2026-09 logos zip,gold,logos,2026-09,2026-09-23T18:10:46
Google_Place/tav/output/production/production_chunk_20260705_182632.jsonl,3815,262b8490d6cb7189396175adec1f26952d32dbaf5a7e143ce7dc6c5502d94eaa,s3://rii-data-dump/talabat/bronze/bronze/2026-07/04_enrichment_raw/Google_Place/tav/output/production/production_chunk_20260705_182632.jsonl,bronze,04_enrichment_raw,2026-07,2026-09-23T18:10:46
images/data/september_logos/764798/logo.jpg,3813,,s3://rii-data-dump/inside 2026-09 logos zip,gold,logos,2026-09,2026-09-23T18:10:46
images/data/september_logos/1120130/logo.jpg,3799,,s3://rii-data-dump/inside 2026-09 logos zip,gold,logos,2026-09,2026-09-23T18:10:46
images/data/september_logos/1120581/logo.jpg,3789,,s3://rii-data-dump/inside 2026-09 logos zip,gold,logos,2026-09,2026-09-23T18:10:46
Google_Place/apify/brands/nash_hot_chicken/output/NASH_HOT_CHICKEN_UAE.csv,3787,a64705839d70909ffe0d09a603e911c37ef605bb23ef7ab1ce69ecd48f0bc893,s3://rii-data-dump/talabat/bronze/bronze/_cross_month/04_enrichment_raw/Google_Place/apify/brands/nash_hot_chicken/output/NASH_HOT_CHICKEN_UAE.csv,bronze,04_enrichment_raw,_cross_month,2026-09-23T18:10:46
images/data/september_logos/767598/logo.jpg,3766,,s3://rii-data-dump/inside 2026-09 logos zip,gold,logos,2026-09,2026-09-23T18:10:46
images/data/september_logos/801396/logo.jpg,3760,,s3://rii-data-dump/inside 2026-09 logos zip,gold,logos,2026-09,2026-09-23T18:10:46
images/data/september_logos/786660/logo.jpg,3752,,s3://rii-data-dump/inside 2026-09 logos zip,gold,logos,2026-09,2026-09-23T18:10:46
images/data/september_logos/1120891/logo.jpg,3742,,s3://rii-data-dump/inside 2026-09 logos zip,gold,logos,2026-09,2026-09-23T18:10:46
images/data/september_logos/782112/logo.jpg,3739,,s3://rii-data-dump/inside 2026-09 logos zip,gold,logos,2026-09,2026-09-23T18:10:46
images/data/september_logos/726183/logo.jpg,3718,,s3://rii-data-dump/inside 2026-09 logos zip,gold,logos,2026-09,2026-09-23T18:10:46
images/data/september_logos/753663/logo.jpg,3703,,s3://rii-data-dump/inside 2026-09 logos zip,gold,logos,2026-09,2026-09-23T18:10:46
unified/data/unified_build_report_202609.json,3692,df454c1a8e8e9e398f0aaea018582030c1e7d932bbc32b8d77cdfa0621d2867b,s3://rii-data-dump/talabat/gold/2026-09/unified/unified/data/unified_build_report_202609.json,gold,unified,2026-09,2026-09-23T18:10:46
Google_Place/Google_map/output/results/DIY_Batch01_OtherEntities_20260702_220328.csv,3688,15f5f34bc2fdee148581b85a94091097a353840025360bf4e546cd57ec04e6b2,s3://rii-data-dump/talabat/bronze/bronze/2026-07/04_enrichment_raw/Google_Place/Google_map/output/results/DIY_Batch01_OtherEntities_20260702_220328.csv,bronze,04_enrichment_raw,2026-07,2026-09-23T18:10:46
images/data/september_logos/772869/logo.jpg,3685,,s3://rii-data-dump/inside 2026-09 logos zip,gold,logos,2026-09,2026-09-23T18:10:46
september/data/menus/menu_items_final.casing_fix_applied.csv,3681,a4d43a358c6db6a39ab9ba7337ba4d94c7e660c54c5f15cff730a3094129fc92,s3://rii-data-dump/talabat/silver/2026-09/02_sanitize/september/data/menus/menu_items_final.casing_fix_applied.csv,silver,02_sanitize,2026-09,2026-09-23T18:10:46
Google_Place/apify/brands/daves_hot_chicken/output/DAVES_HOT_CHICKEN_UAE.csv,3677,63b786c004edae735acfb351e7461226edcc09e8cdec6aba82059a53491a54c3,s3://rii-data-dump/talabat/bronze/bronze/_cross_month/04_enrichment_raw/Google_Place/apify/brands/daves_hot_chicken/output/DAVES_HOT_CHICKEN_UAE.csv,bronze,04_enrichment_raw,_cross_month,2026-09-23T18:10:46
images/data/test_image_match_summary.json,3658,25264e31ffcf3a7aef1f25619e90d1dd583ade39c81913f4d8fb6cc1023ac292,s3://rii-data-dump/talabat/bronze/bronze/2026-07/05_images_raw/images/data/test_image_match_summary.json,bronze,05_images_raw,2026-07,2026-09-23T18:10:46
images/data/september_logos/801975/logo.jpg,3652,,s3://rii-data-dump/inside 2026-09 logos zip,gold,logos,2026-09,2026-09-23T18:10:46
images/data/september_logos/753578/logo.jpg,3650,,s3://rii-data-dump/inside 2026-09 logos zip,gold,logos,2026-09,2026-09-23T18:10:46
images/data/september_logos/1118132/logo.jpg,3641,,s3://rii-data-dump/inside 2026-09 logos zip,gold,logos,2026-09,2026-09-23T18:10:46
images/data/september_logos/1117843/logo.jpg,3625,,s3://rii-data-dump/inside 2026-09 logos zip,gold,logos,2026-09,2026-09-23T18:10:46
images/data/september_logos/1117142/logo.jpg,3625,,s3://rii-data-dump/inside 2026-09 logos zip,gold,logos,2026-09,2026-09-23T18:10:46
images/data/september_logos/1117255/logo.jpg,3624,,s3://rii-data-dump/inside 2026-09 logos zip,gold,logos,2026-09,2026-09-23T18:10:46
images/data/september_logos/776608/logo.jpg,3616,,s3://rii-data-dump/inside 2026-09 logos zip,gold,logos,2026-09,2026-09-23T18:10:46
images/data/september_logos/705735/logo.jpg,3612,,s3://rii-data-dump/inside 2026-09 logos zip,gold,logos,2026-09,2026-09-23T18:10:46
images/data/september_logos/727340/logo.jpg,3603,,s3://rii-data-dump/inside 2026-09 logos zip,gold,logos,2026-09,2026-09-23T18:10:46
images/data/september_logos/1119084/logo.jpg,3603,,s3://rii-data-dump/inside 2026-09 logos zip,gold,logos,2026-09,2026-09-23T18:10:46
images/data/september_logos/728774/logo.jpg,3602,,s3://rii-data-dump/inside 2026-09 logos zip,gold,logos,2026-09,2026-09-23T18:10:46
Google_Place/apify/brands/local/LOCAL.csv,3600,7c5ef85d1bd4a356660c073b97ff7e79096b190f723ba0f888bf73f5870ae745,s3://rii-data-dump/talabat/bronze/bronze/_cross_month/04_enrichment_raw/Google_Place/apify/brands/local/LOCAL.csv,bronze,04_enrichment_raw,_cross_month,2026-09-23T18:10:46
apify/Apify_talabat/brands/local/LOCAL.csv,3600,7c5ef85d1bd4a356660c073b97ff7e79096b190f723ba0f888bf73f5870ae745,s3://rii-data-dump/talabat/bronze/bronze/_cross_month/04_enrichment_raw/apify/Apify_talabat/brands/local/LOCAL.csv,bronze,04_enrichment_raw,_cross_month,2026-09-23T18:10:46
tavily/data/classified/classified_20260622_161743.csv,3598,71d1750f678c683b0dc69b5f45a50d782c9e8340e8f41964375608632e7ba4b3,s3://rii-data-dump/talabat/bronze/bronze/2026-06/04_enrichment_raw/tavily/data/classified/classified_20260622_161743.csv,bronze,04_enrichment_raw,2026-06,2026-09-23T18:10:46
images/data/september_logos/1104955/logo.jpg,3590,,s3://rii-data-dump/inside 2026-09 logos zip,gold,logos,2026-09,2026-09-23T18:10:46
images/data/september_logos/770651/logo.jpg,3589,,s3://rii-data-dump/inside 2026-09 logos zip,gold,logos,2026-09,2026-09-23T18:10:46
images/data/september_logos/766651/logo.jpg,3586,,s3://rii-data-dump/inside 2026-09 logos zip,gold,logos,2026-09,2026-09-23T18:10:46
images/data/september_logos/644329/logo.jpg,3578,,s3://rii-data-dump/inside 2026-09 logos zip,gold,logos,2026-09,2026-09-23T18:10:46
images/data/september_logos/762294/logo.jpg,3562,,s3://rii-data-dump/inside 2026-09 logos zip,gold,logos,2026-09,2026-09-23T18:10:46
images/data/september_logos/781072/logo.jpg,3561,,s3://rii-data-dump/inside 2026-09 logos zip,gold,logos,2026-09,2026-09-23T18:10:46
images/data/september_logos/766978/logo.jpg,3553,,s3://rii-data-dump/inside 2026-09 logos zip,gold,logos,2026-09,2026-09-23T18:10:46
images/data/september_logos/1119562/logo.jpg,3546,,s3://rii-data-dump/inside 2026-09 logos zip,gold,logos,2026-09,2026-09-23T18:10:46
images/data/september_logos/1120974/logo.jpg,3544,,s3://rii-data-dump/inside 2026-09 logos zip,gold,logos,2026-09,2026-09-23T18:10:46
images/data/september_logos/38040/logo.jpg,3538,,s3://rii-data-dump/inside 2026-09 logos zip,gold,logos,2026-09,2026-09-23T18:10:46
images/data/september_logos/749389/logo.jpg,3527,,s3://rii-data-dump/inside 2026-09 logos zip,gold,logos,2026-09,2026-09-23T18:10:46
images/data/september_logos/790561/logo.jpg,3501,,s3://rii-data-dump/inside 2026-09 logos zip,gold,logos,2026-09,2026-09-23T18:10:46
images/data/september_logos/1108426/logo.jpg,3496,,s3://rii-data-dump/inside 2026-09 logos zip,gold,logos,2026-09,2026-09-23T18:10:46
images/data/september_logos/677636/logo.jpg,3493,,s3://rii-data-dump/inside 2026-09 logos zip,gold,logos,2026-09,2026-09-23T18:10:46
images/data/september_logos/790691/logo.jpg,3489,,s3://rii-data-dump/inside 2026-09 logos zip,gold,logos,2026-09,2026-09-23T18:10:46
images/data/september_logos/1115339/logo.jpg,3468,,s3://rii-data-dump/inside 2026-09 logos zip,gold,logos,2026-09,2026-09-23T18:10:46
images/data/september_logos/1117632/logo.jpg,3465,,s3://rii-data-dump/inside 2026-09 logos zip,gold,logos,2026-09,2026-09-23T18:10:46
images/data/september_logos/1118818/logo.jpg,3461,,s3://rii-data-dump/inside 2026-09 logos zip,gold,logos,2026-09,2026-09-23T18:10:46
tavily/data/classified/classified_20260622_161059.csv,3456,d583e123d36bdd7b936a25c34ae6bea668f4c7539e458aeee7f67ce4d08b3f79,s3://rii-data-dump/talabat/bronze/bronze/2026-06/04_enrichment_raw/tavily/data/classified/classified_20260622_161059.csv,bronze,04_enrichment_raw,2026-06,2026-09-23T18:10:46
images/data/september_logos/708325/logo.jpg,3454,,s3://rii-data-dump/inside 2026-09 logos zip,gold,logos,2026-09,2026-09-23T18:10:46
images/data/september_logos/702920/logo.jpg,3438,,s3://rii-data-dump/inside 2026-09 logos zip,gold,logos,2026-09,2026-09-23T18:10:46
tavily/data/classified/classified_20260622_160910.csv,3418,15d584be101d02c1cd40e90e726477f2af299ff62647267b7503a6e0a46748ab,s3://rii-data-dump/talabat/bronze/bronze/2026-06/04_enrichment_raw/tavily/data/classified/classified_20260622_160910.csv,bronze,04_enrichment_raw,2026-06,2026-09-23T18:10:46
images/data/september_logos/803589/logo.jpg,3392,,s3://rii-data-dump/inside 2026-09 logos zip,gold,logos,2026-09,2026-09-23T18:10:46
images/data/september_logos/655566/logo.jpg,3389,,s3://rii-data-dump/inside 2026-09 logos zip,gold,logos,2026-09,2026-09-23T18:10:46
images/data/september_logos/629682/logo.jpg,3382,,s3://rii-data-dump/inside 2026-09 logos zip,gold,logos,2026-09,2026-09-23T18:10:46
images/data/september_logos/668511/logo.jpg,3378,,s3://rii-data-dump/inside 2026-09 logos zip,gold,logos,2026-09,2026-09-23T18:10:46
images/data/september_logos/1114980/logo.jpg,3360,,s3://rii-data-dump/inside 2026-09 logos zip,gold,logos,2026-09,2026-09-23T18:10:46
images/data/september_logos/1000374/logo.jpg,3349,,s3://rii-data-dump/inside 2026-09 logos zip,gold,logos,2026-09,2026-09-23T18:10:46
images/data/september_logos/761939/logo.jpg,3338,,s3://rii-data-dump/inside 2026-09 logos zip,gold,logos,2026-09,2026-09-23T18:10:46
images/data/september_logos/778953/logo.jpg,3297,,s3://rii-data-dump/inside 2026-09 logos zip,gold,logos,2026-09,2026-09-23T18:10:46
images/data/september_logos/730363/logo.jpg,3295,,s3://rii-data-dump/inside 2026-09 logos zip,gold,logos,2026-09,2026-09-23T18:10:46
Google_Place/Google_map/output/results/DIY_Batch01_Matched_20260702_220328.json,3295,2631a2af3b7ebe37e8ece10515bcda6237ed91983c455f7a1b097ac245853623,s3://rii-data-dump/talabat/bronze/bronze/2026-07/04_enrichment_raw/Google_Place/Google_map/output/results/DIY_Batch01_Matched_20260702_220328.json,bronze,04_enrichment_raw,2026-07,2026-09-23T18:10:46
images/data/september_logos/610172/logo.jpg,3290,,s3://rii-data-dump/inside 2026-09 logos zip,gold,logos,2026-09,2026-09-23T18:10:46
images/data/september_logos/779524/logo.jpg,3287,,s3://rii-data-dump/inside 2026-09 logos zip,gold,logos,2026-09,2026-09-23T18:10:46
images/data/september_logos/1114183/logo.jpg,3275,,s3://rii-data-dump/inside 2026-09 logos zip,gold,logos,2026-09,2026-09-23T18:10:46
images/data/september_logos/1118144/logo.jpg,3268,,s3://rii-data-dump/inside 2026-09 logos zip,gold,logos,2026-09,2026-09-23T18:10:46
images/data/september_logos/765540/logo.jpg,3264,,s3://rii-data-dump/inside 2026-09 logos zip,gold,logos,2026-09,2026-09-23T18:10:46
images/data/september_logos/26321/logo.jpg,3256,,s3://rii-data-dump/inside 2026-09 logos zip,gold,logos,2026-09,2026-09-23T18:10:46
images/data/september_logos/1120116/logo.jpg,3243,,s3://rii-data-dump/inside 2026-09 logos zip,gold,logos,2026-09,2026-09-23T18:10:46
images/data/september_logos/1119798/logo.jpg,3237,,s3://rii-data-dump/inside 2026-09 logos zip,gold,logos,2026-09,2026-09-23T18:10:46
images/data/september_logos/742454/logo.jpg,3234,,s3://rii-data-dump/inside 2026-09 logos zip,gold,logos,2026-09,2026-09-23T18:10:46
images/data/september_logos/1120114/logo.jpg,3222,,s3://rii-data-dump/inside 2026-09 logos zip,gold,logos,2026-09,2026-09-23T18:10:46
images/data/september_logos/1121202/logo.jpg,3201,,s3://rii-data-dump/inside 2026-09 logos zip,gold,logos,2026-09,2026-09-23T18:10:46
images/data/september_logos/1120939/logo.jpg,3197,,s3://rii-data-dump/inside 2026-09 logos zip,gold,logos,2026-09,2026-09-23T18:10:46
images/data/september_logos/31907/logo.jpg,3178,,s3://rii-data-dump/inside 2026-09 logos zip,gold,logos,2026-09,2026-09-23T18:10:46
images/data/september_logos/1119374/logo.jpg,3176,,s3://rii-data-dump/inside 2026-09 logos zip,gold,logos,2026-09,2026-09-23T18:10:46
images/data/september_logos/787151/logo.jpeg,3154,,s3://rii-data-dump/inside 2026-09 logos zip,gold,logos,2026-09,2026-09-23T18:10:46
images/data/september_logos/1000571/logo.jpg,3154,,s3://rii-data-dump/inside 2026-09 logos zip,gold,logos,2026-09,2026-09-23T18:10:46
images/data/september_logos/762663/logo.jpg,3149,,s3://rii-data-dump/inside 2026-09 logos zip,gold,logos,2026-09,2026-09-23T18:10:46
images/data/september_logos/774293/logo.jpg,3148,,s3://rii-data-dump/inside 2026-09 logos zip,gold,logos,2026-09,2026-09-23T18:10:46
images/data/september_logos/603776/logo.jpg,3078,,s3://rii-data-dump/inside 2026-09 logos zip,gold,logos,2026-09,2026-09-23T18:10:46
images/data/september_logos/777304/logo.jpg,3044,,s3://rii-data-dump/inside 2026-09 logos zip,gold,logos,2026-09,2026-09-23T18:10:46
images/data/september_logos/649811/logo.jpg,3044,,s3://rii-data-dump/inside 2026-09 logos zip,gold,logos,2026-09,2026-09-23T18:10:46
images/data/september_logos/1121349/logo.jpg,3006,,s3://rii-data-dump/inside 2026-09 logos zip,gold,logos,2026-09,2026-09-23T18:10:46
Google_Place/apify/brands/uae_fast_chain_02/input.json,2994,407986ada1405dc3aa2447b63665959b9a23319bf1e1309f70854014e1e0a786,s3://rii-data-dump/talabat/bronze/bronze/_cross_month/04_enrichment_raw/Google_Place/apify/brands/uae_fast_chain_02/input.json,bronze,04_enrichment_raw,_cross_month,2026-09-23T18:10:46
images/data/september_logos/1118836/logo.jpg,2990,,s3://rii-data-dump/inside 2026-09 logos zip,gold,logos,2026-09,2026-09-23T18:10:46
Google_Place/apify/brands/uae_fast_chain_06/input.json,2981,2d7548f24abcb497c46514573877d70cdcb2244c8a17aded8ab4ad511a739dba,s3://rii-data-dump/talabat/bronze/bronze/_cross_month/04_enrichment_raw/Google_Place/apify/brands/uae_fast_chain_06/input.json,bronze,04_enrichment_raw,_cross_month,2026-09-23T18:10:46
images/data/september_logos/53927/logo.jpg,2970,,s3://rii-data-dump/inside 2026-09 logos zip,gold,logos,2026-09,2026-09-23T18:10:46
images/data/september_logos/1109178/logo.jpg,2970,,s3://rii-data-dump/inside 2026-09 logos zip,gold,logos,2026-09,2026-09-23T18:10:46
images/data/september_logos/787323/logo.jpg,2960,,s3://rii-data-dump/inside 2026-09 logos zip,gold,logos,2026-09,2026-09-23T18:10:46
images/data/september_logos/44779/logo.jpg,2957,,s3://rii-data-dump/inside 2026-09 logos zip,gold,logos,2026-09,2026-09-23T18:10:46
images/data/september_logos/1101079/logo.jpg,2942,,s3://rii-data-dump/inside 2026-09 logos zip,gold,logos,2026-09,2026-09-23T18:10:46
images/data/september_logos/786766/logo.jpg,2937,,s3://rii-data-dump/inside 2026-09 logos zip,gold,logos,2026-09,2026-09-23T18:10:46
images/data/september_logos/785966/logo.jpg,2931,,s3://rii-data-dump/inside 2026-09 logos zip,gold,logos,2026-09,2026-09-23T18:10:46
Google_Place/apify/brands/uae_fast_chain_05/input.json,2898,e7b75e629ffdcaf61953ed1a8798aacdec065afa499f07cd7ea199b64736d8bc,s3://rii-data-dump/talabat/bronze/bronze/_cross_month/04_enrichment_raw/Google_Place/apify/brands/uae_fast_chain_05/input.json,bronze,04_enrichment_raw,_cross_month,2026-09-23T18:10:46
Google_Place/apify/brands/malak_al_tawouk/output/MALAK_AL_TAWOUK_UAE.csv,2888,f60c98e9b15980b0cd1cdcdaab33894289064ad6295cd4094e17cdbdf2bbfc0d,s3://rii-data-dump/talabat/bronze/bronze/_cross_month/04_enrichment_raw/Google_Place/apify/brands/malak_al_tawouk/output/MALAK_AL_TAWOUK_UAE.csv,bronze,04_enrichment_raw,_cross_month,2026-09-23T18:10:46
Google_Place/apify/apify_input.json,2887,192ce9a7c5773da776f136bc474e17472173eb76dbdf7b54c3781980df189977,s3://rii-data-dump/talabat/bronze/bronze/_cross_month/04_enrichment_raw/Google_Place/apify/apify_input.json,bronze,04_enrichment_raw,_cross_month,2026-09-23T18:10:46
apify/Apify_talabat/scripts/apify_input.json,2887,192ce9a7c5773da776f136bc474e17472173eb76dbdf7b54c3781980df189977,s3://rii-data-dump/talabat/bronze/bronze/_cross_month/04_enrichment_raw/apify/Apify_talabat/scripts/apify_input.json,bronze,04_enrichment_raw,_cross_month,2026-09-23T18:10:46
images/data/september_logos/803104/logo.jpg,2870,,s3://rii-data-dump/inside 2026-09 logos zip,gold,logos,2026-09,2026-09-23T18:10:46
images/data/september_logos/797377/logo.jpeg,2854,,s3://rii-data-dump/inside 2026-09 logos zip,gold,logos,2026-09,2026-09-23T18:10:46
images/data/september_logos/745877/logo.jpg,2835,,s3://rii-data-dump/inside 2026-09 logos zip,gold,logos,2026-09,2026-09-23T18:10:46
images/data/september_logos/689387/logo.jpg,2816,,s3://rii-data-dump/inside 2026-09 logos zip,gold,logos,2026-09,2026-09-23T18:10:46
Google_Place/apify/brands/uae_fast_chain_03/input.json,2810,59a62393c43aa817a7f6bae7e93f4ad89eb5a6339904a473fa859e464ba416de,s3://rii-data-dump/talabat/bronze/bronze/_cross_month/04_enrichment_raw/Google_Place/apify/brands/uae_fast_chain_03/input.json,bronze,04_enrichment_raw,_cross_month,2026-09-23T18:10:46
images/data/september_logos/1000543/logo.jpg,2805,,s3://rii-data-dump/inside 2026-09 logos zip,gold,logos,2026-09,2026-09-23T18:10:46
Google_Place/apify/brands/uae_fast_chain_01/input.json,2801,8b63b2b78cf7b216bded95a7f3e1c3be78e3f0f028a35394827eaa5be4f5e638,s3://rii-data-dump/talabat/bronze/bronze/_cross_month/04_enrichment_raw/Google_Place/apify/brands/uae_fast_chain_01/input.json,bronze,04_enrichment_raw,_cross_month,2026-09-23T18:10:46
images/data/september_logos/748344/logo.jpg,2797,,s3://rii-data-dump/inside 2026-09 logos zip,gold,logos,2026-09,2026-09-23T18:10:46
images/data/september_logos/717340/logo.jpg,2777,,s3://rii-data-dump/inside 2026-09 logos zip,gold,logos,2026-09,2026-09-23T18:10:46
Google_Place/apify/brands/uae_fast_chain_04/input.json,2745,b0903461e48477a4806cb093dfe0df66efa885f41afccc0631faaa709c4af036,s3://rii-data-dump/talabat/bronze/bronze/_cross_month/04_enrichment_raw/Google_Place/apify/brands/uae_fast_chain_04/input.json,bronze,04_enrichment_raw,_cross_month,2026-09-23T18:10:46
images/data/september_logos/795450/logo.jpg,2725,,s3://rii-data-dump/inside 2026-09 logos zip,gold,logos,2026-09,2026-09-23T18:10:46
images/data/september_logos/773507/logo.jpg,2722,,s3://rii-data-dump/inside 2026-09 logos zip,gold,logos,2026-09,2026-09-23T18:10:46
Google_Place/apify/brands/malak_al_tawouk/input.json,2718,aea01f951b27c9a1b243af1bf75dda7be3b749ac3ddca0a88e39f0b0be7d4b9b,s3://rii-data-dump/talabat/bronze/bronze/_cross_month/04_enrichment_raw/Google_Place/apify/brands/malak_al_tawouk/input.json,bronze,04_enrichment_raw,_cross_month,2026-09-23T18:10:46
images/data/september_logos/790921/logo.jpg,2715,,s3://rii-data-dump/inside 2026-09 logos zip,gold,logos,2026-09,2026-09-23T18:10:46
september/data/menus/std_term_taxonomy.json,2711,fff8e19d3e5c39518e1f55b95a3dad92669067c125b3177b9f951cee683e2a19,s3://rii-data-dump/talabat/silver/2026-09/02_sanitize/september/data/menus/std_term_taxonomy.json,silver,02_sanitize,2026-09,2026-09-23T18:10:46
menu_refresh/data/refresh_202609/stdterm/std_term_taxonomy.json,2711,fff8e19d3e5c39518e1f55b95a3dad92669067c125b3177b9f951cee683e2a19,s3://rii-data-dump/talabat/silver/2026-09/03_std_terms/menu_refresh/data/refresh_202609/stdterm/std_term_taxonomy.json,silver,03_std_terms,2026-09,2026-09-23T18:10:46
August_menu/data/std_term_taxonomy.json,2711,fff8e19d3e5c39518e1f55b95a3dad92669067c125b3177b9f951cee683e2a19,s3://rii-data-dump/talabat/silver/2026-08/03_std_terms/August_menu/data/std_term_taxonomy.json,silver,03_std_terms,2026-08,2026-09-23T18:10:46
images/data/september_logos/724533/logo.jpg,2698,,s3://rii-data-dump/inside 2026-09 logos zip,gold,logos,2026-09,2026-09-23T18:10:46
area_classification/data/nulls_by_city.csv,2697,959517dfdbd1e304e50f9edf27e3bd4604fdc9b26538f6d527f9e83151d50d85,s3://rii-data-dump/talabat/silver/2026-09/06_areas/area_classification/data/nulls_by_city.csv,silver,06_areas,2026-09,2026-09-23T18:10:46
map_version2/five_guys/input.json,2696,c3414ca54cc8be401236631d08e10ef9e995b011b680e4e42bfaf13ea13ec717,s3://rii-data-dump/talabat/silver/_cross_month/05_classification/map_version2/five_guys/input.json,silver,05_classification,_cross_month,2026-09-23T18:10:46
Google_Place/apify/brands/five_guys/input.json,2696,c3414ca54cc8be401236631d08e10ef9e995b011b680e4e42bfaf13ea13ec717,s3://rii-data-dump/talabat/bronze/bronze/_cross_month/04_enrichment_raw/Google_Place/apify/brands/five_guys/input.json,bronze,04_enrichment_raw,_cross_month,2026-09-23T18:10:46
map_version2/new_york_fries/output/NEW_YORK_FRIES_UAE.csv,2686,d57e203b6ef5ceaee5c3c14674265d9f5dbebc8ede9dbe576938017d4224c7d7,s3://rii-data-dump/talabat/silver/_cross_month/05_classification/map_version2/new_york_fries/output/NEW_YORK_FRIES_UAE.csv,silver,05_classification,_cross_month,2026-09-23T18:10:46
images/data/september_logos/757170/logo.jpg,2686,,s3://rii-data-dump/inside 2026-09 logos zip,gold,logos,2026-09,2026-09-23T18:10:46
Google_Place/apify/brands/new_york_fries/output/NEW_YORK_FRIES_UAE.csv,2686,d57e203b6ef5ceaee5c3c14674265d9f5dbebc8ede9dbe576938017d4224c7d7,s3://rii-data-dump/talabat/bronze/bronze/_cross_month/04_enrichment_raw/Google_Place/apify/brands/new_york_fries/output/NEW_YORK_FRIES_UAE.csv,bronze,04_enrichment_raw,_cross_month,2026-09-23T18:10:46
map_version2/german_doner_kebab/input.json,2682,135e5a22f0ded439988d0764bcbd3a2852d6be5be8d6620e460f22faf6e21568,s3://rii-data-dump/talabat/silver/_cross_month/05_classification/map_version2/german_doner_kebab/input.json,silver,05_classification,_cross_month,2026-09-23T18:10:46
Google_Place/apify/brands/german_doner_kebab/input.json,2682,135e5a22f0ded439988d0764bcbd3a2852d6be5be8d6620e460f22faf6e21568,s3://rii-data-dump/talabat/bronze/bronze/_cross_month/04_enrichment_raw/Google_Place/apify/brands/german_doner_kebab/input.json,bronze,04_enrichment_raw,_cross_month,2026-09-23T18:10:46
images/data/september_logos/755856/logo.jpg,2675,,s3://rii-data-dump/inside 2026-09 logos zip,gold,logos,2026-09,2026-09-23T18:10:46
images/data/september_logos/776849/logo.jpg,2653,,s3://rii-data-dump/inside 2026-09 logos zip,gold,logos,2026-09,2026-09-23T18:10:46
images/data/september_logos/1116578/logo.jpg,2645,,s3://rii-data-dump/inside 2026-09 logos zip,gold,logos,2026-09,2026-09-23T18:10:46
Google_Place/apify/brands/daves_hot_chicken/input.json,2619,b607040bb39faf96128a9d91df49997cf29f1915245798167883b052e1eb9110,s3://rii-data-dump/talabat/bronze/bronze/_cross_month/04_enrichment_raw/Google_Place/apify/brands/daves_hot_chicken/input.json,bronze,04_enrichment_raw,_cross_month,2026-09-23T18:10:46
images/data/september_logos/770025/logo.jpg,2610,,s3://rii-data-dump/inside 2026-09 logos zip,gold,logos,2026-09,2026-09-23T18:10:46
images/data/september_logos/761599/logo.jpg,2593,,s3://rii-data-dump/inside 2026-09 logos zip,gold,logos,2026-09,2026-09-23T18:10:46
Google_Place/apify/brands/nash_hot_chicken/input.json,2557,31057117a03d18ab40f88c567422b294be565f713ca30a5fcbeba2707a72075b,s3://rii-data-dump/talabat/bronze/bronze/_cross_month/04_enrichment_raw/Google_Place/apify/brands/nash_hot_chicken/input.json,bronze,04_enrichment_raw,_cross_month,2026-09-23T18:10:46
images/data/september_logos/1117434/logo.jpg,2546,,s3://rii-data-dump/inside 2026-09 logos zip,gold,logos,2026-09,2026-09-23T18:10:46
Google_Place/apify/brands/texas_chicken/input.json,2518,db7f219b39f377e831853a5509658f8110134aa3a8c04872dee5347c8d9d9b84,s3://rii-data-dump/talabat/bronze/bronze/_cross_month/04_enrichment_raw/Google_Place/apify/brands/texas_chicken/input.json,bronze,04_enrichment_raw,_cross_month,2026-09-23T18:10:46
images/data/september_logos/799922/logo.jpg,2513,,s3://rii-data-dump/inside 2026-09 logos zip,gold,logos,2026-09,2026-09-23T18:10:46
images/data/september_logos/1118382/logo.jpg,2513,,s3://rii-data-dump/inside 2026-09 logos zip,gold,logos,2026-09,2026-09-23T18:10:46
Google_Place/apify/brands/raising_canes/input.json,2513,c712d589836853ed0801f4756a0aac74db2a039f5b4cae75674c6e5254465b26,s3://rii-data-dump/talabat/bronze/bronze/_cross_month/04_enrichment_raw/Google_Place/apify/brands/raising_canes/input.json,bronze,04_enrichment_raw,_cross_month,2026-09-23T18:10:46
images/data/september_logos/744471/logo.jpg,2507,,s3://rii-data-dump/inside 2026-09 logos zip,gold,logos,2026-09,2026-09-23T18:10:46
Google_Place/apify/brands/crispy_chicken/input.json,2470,47dab2e16a678eecce5038502e398e43c44e93f8beb3629fa05efda9cc25e884,s3://rii-data-dump/talabat/bronze/bronze/_cross_month/04_enrichment_raw/Google_Place/apify/brands/crispy_chicken/input.json,bronze,04_enrichment_raw,_cross_month,2026-09-23T18:10:46
map_version2/zaatar_w_zeit/input.json,2460,31e2c0fa78a47321f9f5160783841ceda84506c28ff0bc719a0245adeb40ab52,s3://rii-data-dump/talabat/silver/_cross_month/05_classification/map_version2/zaatar_w_zeit/input.json,silver,05_classification,_cross_month,2026-09-23T18:10:46
Google_Place/apify/brands/zaatar_w_zeit/input.json,2460,31e2c0fa78a47321f9f5160783841ceda84506c28ff0bc719a0245adeb40ab52,s3://rii-data-dump/talabat/bronze/bronze/_cross_month/04_enrichment_raw/Google_Place/apify/brands/zaatar_w_zeit/input.json,bronze,04_enrichment_raw,_cross_month,2026-09-23T18:10:47
map_version2/caribou_coffee/input.json,2454,d19363fc20750756de1af2fd2ce0749626a3ece241551f2fc85178c495fbc2ae,s3://rii-data-dump/talabat/silver/_cross_month/05_classification/map_version2/caribou_coffee/input.json,silver,05_classification,_cross_month,2026-09-23T18:10:47
Google_Place/apify/brands/caribou_coffee/input.json,2454,d19363fc20750756de1af2fd2ce0749626a3ece241551f2fc85178c495fbc2ae,s3://rii-data-dump/talabat/bronze/bronze/_cross_month/04_enrichment_raw/Google_Place/apify/brands/caribou_coffee/input.json,bronze,04_enrichment_raw,_cross_month,2026-09-23T18:10:47
map_version2/dunkin_donuts/input.json,2453,79e0e754f206d39026f06f5d80b50df679d946093e18d69d18518f490b4d3265,s3://rii-data-dump/talabat/silver/_cross_month/05_classification/map_version2/dunkin_donuts/input.json,silver,05_classification,_cross_month,2026-09-23T18:10:47
Google_Place/apify/brands/dunkin_donuts/input.json,2453,79e0e754f206d39026f06f5d80b50df679d946093e18d69d18518f490b4d3265,s3://rii-data-dump/talabat/bronze/bronze/_cross_month/04_enrichment_raw/Google_Place/apify/brands/dunkin_donuts/input.json,bronze,04_enrichment_raw,_cross_month,2026-09-23T18:10:47
map_version2/new_york_fries/input.json,2438,48b01eba25fd47058e84c77bf7933a7f045252c229a54b9c98e99abbdc87348e,s3://rii-data-dump/talabat/silver/_cross_month/05_classification/map_version2/new_york_fries/input.json,silver,05_classification,_cross_month,2026-09-23T18:10:47
Google_Place/apify/brands/new_york_fries/input.json,2438,48b01eba25fd47058e84c77bf7933a7f045252c229a54b9c98e99abbdc87348e,s3://rii-data-dump/talabat/bronze/bronze/_cross_month/04_enrichment_raw/Google_Place/apify/brands/new_york_fries/input.json,bronze,04_enrichment_raw,_cross_month,2026-09-23T18:10:47
map_version2/pret_a_manger/input.json,2434,ece7ac57849d6e3bb42fef06af54b43131829a6ab88fb66e650ad9e9dcb8763f,s3://rii-data-dump/talabat/silver/_cross_month/05_classification/map_version2/pret_a_manger/input.json,silver,05_classification,_cross_month,2026-09-23T18:10:47
Google_Place/apify/brands/pret_a_manger/input.json,2434,ece7ac57849d6e3bb42fef06af54b43131829a6ab88fb66e650ad9e9dcb8763f,s3://rii-data-dump/talabat/bronze/bronze/_cross_month/04_enrichment_raw/Google_Place/apify/brands/pret_a_manger/input.json,bronze,04_enrichment_raw,_cross_month,2026-09-23T18:10:47
september/data/september_area_unresolved.csv,2429,6457f3fb81d0a9ad1dade4312ccc28f26f19033b88815d5e39ec437a6def8449,s3://rii-data-dump/talabat/silver/2026-09/06_areas/september/data/september_area_unresolved.csv,silver,06_areas,2026-09,2026-09-23T18:10:47
images/data/september_logos/1102472/logo.jpg,2421,,s3://rii-data-dump/inside 2026-09 logos zip,gold,logos,2026-09,2026-09-23T18:10:47
Google_Place/apify/brands/chicking/input.json,2421,d7dea32cf20c8a5166c0197b383dd7a1e947567300c65021c9e6ce5c4e1b9bd6,s3://rii-data-dump/talabat/bronze/bronze/_cross_month/04_enrichment_raw/Google_Place/apify/brands/chicking/input.json,bronze,04_enrichment_raw,_cross_month,2026-09-23T18:10:47
export/IT_Team_Location/output/area_canonicalization_map.csv,2392,2ffaef9bc1f641917a5309cfd7db421bd6210979346cf2586139c95642c3cb50,s3://rii-data-dump/talabat/gold/2026-07/exports/export/IT_Team_Location/output/area_canonicalization_map.csv,gold,exports,2026-07,2026-09-23T18:10:47
export/IT_Team_Location/output/websearch_resolution_map.csv,2386,d1b5a5a46590f00da3f61ea15270eb403f1fc7b3da11f8c7576fae533c47c624,s3://rii-data-dump/talabat/gold/2026-07/exports/export/IT_Team_Location/output/websearch_resolution_map.csv,gold,exports,2026-07,2026-09-23T18:10:47
map_version2/burger_fuel/input.json,2383,778855b49bec489f740a1b9bb621863f6146a3536e9798f18b67a92727c9a895,s3://rii-data-dump/talabat/silver/_cross_month/05_classification/map_version2/burger_fuel/input.json,silver,05_classification,_cross_month,2026-09-23T18:10:47
Google_Place/apify/brands/burger_fuel/input.json,2383,778855b49bec489f740a1b9bb621863f6146a3536e9798f18b67a92727c9a895,s3://rii-data-dump/talabat/bronze/bronze/_cross_month/04_enrichment_raw/Google_Place/apify/brands/burger_fuel/input.json,bronze,04_enrichment_raw,_cross_month,2026-09-23T18:10:47
map_version2/shake_shack/input.json,2366,53001c7c90ffbdd07a9e0b45fb417785f1ffd109bde4068a61ddbc117203b491,s3://rii-data-dump/talabat/silver/_cross_month/05_classification/map_version2/shake_shack/input.json,silver,05_classification,_cross_month,2026-09-23T18:10:47
Google_Place/apify/brands/shake_shack/input.json,2366,53001c7c90ffbdd07a9e0b45fb417785f1ffd109bde4068a61ddbc117203b491,s3://rii-data-dump/talabat/bronze/bronze/_cross_month/04_enrichment_raw/Google_Place/apify/brands/shake_shack/input.json,bronze,04_enrichment_raw,_cross_month,2026-09-23T18:10:47
map_version2/caffe_nero/input.json,2361,805ca07ebbb245f89cf9df0eb2fd0b36595ddff96aac3c0760b6a89770b16920,s3://rii-data-dump/talabat/silver/_cross_month/05_classification/map_version2/caffe_nero/input.json,silver,05_classification,_cross_month,2026-09-23T18:10:47
Google_Place/apify/brands/caffe_nero/input.json,2361,805ca07ebbb245f89cf9df0eb2fd0b36595ddff96aac3c0760b6a89770b16920,s3://rii-data-dump/talabat/bronze/bronze/_cross_month/04_enrichment_raw/Google_Place/apify/brands/caffe_nero/input.json,bronze,04_enrichment_raw,_cross_month,2026-09-23T18:10:47
Google_Place/apify/brands/hardees/input.json,2359,8baa9e515a04ab61ef5a4ce9888615ace669201463c69cf09583044f45a475de,s3://rii-data-dump/talabat/bronze/bronze/_cross_month/04_enrichment_raw/Google_Place/apify/brands/hardees/input.json,bronze,04_enrichment_raw,_cross_month,2026-09-23T18:10:47
map_version2/filli_cafe/input.json,2356,c819d40d889cf71b286c9cb932bbd462cde4b6ef589d519791a7e1e3377a97d8,s3://rii-data-dump/talabat/silver/_cross_month/05_classification/map_version2/filli_cafe/input.json,silver,05_classification,_cross_month,2026-09-23T18:10:47
Google_Place/apify/brands/filli_cafe/input.json,2356,c819d40d889cf71b286c9cb932bbd462cde4b6ef589d519791a7e1e3377a97d8,s3://rii-data-dump/talabat/bronze/bronze/_cross_month/04_enrichment_raw/Google_Place/apify/brands/filli_cafe/input.json,bronze,04_enrichment_raw,_cross_month,2026-09-23T18:10:47
August_menu/data/std_term_allowed_values.csv,2354,2f5d6ec87f6309b66de3c13a937737ca323558482a0cf5faebaf58605c1e9600,s3://rii-data-dump/talabat/silver/2026-08/03_std_terms/August_menu/data/std_term_allowed_values.csv,silver,03_std_terms,2026-08,2026-09-23T18:10:47
Google_Place/apify/brands/wingstop/input.json,2345,dec86496d662423999d7b3f91ae89854f1de30b3c622b2a674b5c8fc1f2ce26c,s3://rii-data-dump/talabat/bronze/bronze/_cross_month/04_enrichment_raw/Google_Place/apify/brands/wingstop/input.json,bronze,04_enrichment_raw,_cross_month,2026-09-23T18:10:47
data/urls/run2_summary.json,2342,7142cf21e02cf092b0883e02c2a8ac83b3b0c6847b46cf56b1b98ffc5e283da8,s3://rii-data-dump/talabat/bronze/bronze/_cross_month/02_listings/data/urls/run2_summary.json,bronze,02_listings,_cross_month,2026-09-23T18:10:47
Google_Place/apify/brands/vapiano/input.json,2339,1295a72fea2d6d0e509d091a31e766be4646ec4987c60a571360c473e0d08ae3,s3://rii-data-dump/talabat/bronze/bronze/_cross_month/04_enrichment_raw/Google_Place/apify/brands/vapiano/input.json,bronze,04_enrichment_raw,_cross_month,2026-09-23T18:10:47
map_version2/arabica/input.json,2334,1bd261b24eef4fb77e83d7d294b79747355ee946f33134ec5473379ec8279bc5,s3://rii-data-dump/talabat/silver/_cross_month/05_classification/map_version2/arabica/input.json,silver,05_classification,_cross_month,2026-09-23T18:10:47
Google_Place/apify/brands/arabica/input.json,2334,1bd261b24eef4fb77e83d7d294b79747355ee946f33134ec5473379ec8279bc5,s3://rii-data-dump/talabat/bronze/bronze/_cross_month/04_enrichment_raw/Google_Place/apify/brands/arabica/input.json,bronze,04_enrichment_raw,_cross_month,2026-09-23T18:10:47
Google_Place/apify/brands/nandos/input.json,2333,7e1907bd7f0489e6718a35ef579fef39fc481af4673c6855c6f221ee7c15456f,s3://rii-data-dump/talabat/bronze/bronze/_cross_month/04_enrichment_raw/Google_Place/apify/brands/nandos/input.json,bronze,04_enrichment_raw,_cross_month,2026-09-23T18:10:47
Google_Place/apify/brands/yellow_cab_pizza/input.json,2318,2ea975ee65331ceeeff751aac2acb8445919c06662a1d82401ef0be83cfc0669,s3://rii-data-dump/talabat/bronze/bronze/_cross_month/04_enrichment_raw/Google_Place/apify/brands/yellow_cab_pizza/input.json,bronze,04_enrichment_raw,_cross_month,2026-09-23T18:10:47
images/data/september_logos/1114252/logo.jpg,2309,,s3://rii-data-dump/inside 2026-09 logos zip,gold,logos,2026-09,2026-09-23T18:10:47
images/data/september_logos/790764/logo.jpg,2306,,s3://rii-data-dump/inside 2026-09 logos zip,gold,logos,2026-09,2026-09-23T18:10:47
Google_Place/apify/brands/baskin_robbins/input.json,2299,0bf794f38bac752c14e2731c34ae47dbe0cb7dfab43048d2f1c2253f4c3ec8c8,s3://rii-data-dump/talabat/bronze/bronze/_cross_month/04_enrichment_raw/Google_Place/apify/brands/baskin_robbins/input.json,bronze,04_enrichment_raw,_cross_month,2026-09-23T18:10:47
map_version2/jollibee/input.json,2294,be8519a0380dec191df5b43f5cab5b58a02e3bc7b9b6f969c4df478a0e252df0,s3://rii-data-dump/talabat/silver/_cross_month/05_classification/map_version2/jollibee/input.json,silver,05_classification,_cross_month,2026-09-23T18:10:47
Google_Place/apify/brands/jollibee/input.json,2294,be8519a0380dec191df5b43f5cab5b58a02e3bc7b9b6f969c4df478a0e252df0,s3://rii-data-dump/talabat/bronze/bronze/_cross_month/04_enrichment_raw/Google_Place/apify/brands/jollibee/input.json,bronze,04_enrichment_raw,_cross_month,2026-09-23T18:10:47
images/data/september_logos/1121208/logo.jpg,2293,,s3://rii-data-dump/inside 2026-09 logos zip,gold,logos,2026-09,2026-09-23T18:10:47
images/data/september_logos/802382/logo.jpg,2288,,s3://rii-data-dump/inside 2026-09 logos zip,gold,logos,2026-09,2026-09-23T18:10:47
map_version2/wendys/input.json,2284,3afb2617cde0f78dec7dbe7f1f8c719787dd2e44eb07feb0bf54539da0343139,s3://rii-data-dump/talabat/silver/_cross_month/05_classification/map_version2/wendys/input.json,silver,05_classification,_cross_month,2026-09-23T18:10:47
Google_Place/apify/brands/wendys/input.json,2284,3afb2617cde0f78dec7dbe7f1f8c719787dd2e44eb07feb0bf54539da0343139,s3://rii-data-dump/talabat/bronze/bronze/_cross_month/04_enrichment_raw/Google_Place/apify/brands/wendys/input.json,bronze,04_enrichment_raw,_cross_month,2026-09-23T18:10:47
map_version2/popeyes/input.json,2270,c49729a4f14e26a660e26e58f93d5a91a01414a76057579f051ca45800165fad,s3://rii-data-dump/talabat/silver/_cross_month/05_classification/map_version2/popeyes/input.json,silver,05_classification,_cross_month,2026-09-23T18:10:47
Google_Place/apify/brands/popeyes/input.json,2270,c49729a4f14e26a660e26e58f93d5a91a01414a76057579f051ca45800165fad,s3://rii-data-dump/talabat/bronze/bronze/_cross_month/04_enrichment_raw/Google_Place/apify/brands/popeyes/input.json,bronze,04_enrichment_raw,_cross_month,2026-09-23T18:10:47
map_version2/costa_coffee/input.json,2242,21e625afecf8c7c9be389269956bd9fc50b6700ee93d50944dba01a82e24dc4c,s3://rii-data-dump/talabat/silver/_cross_month/05_classification/map_version2/costa_coffee/input.json,silver,05_classification,_cross_month,2026-09-23T18:10:47
Google_Place/apify/brands/costa_coffee/input.json,2242,21e625afecf8c7c9be389269956bd9fc50b6700ee93d50944dba01a82e24dc4c,s3://rii-data-dump/talabat/bronze/bronze/_cross_month/04_enrichment_raw/Google_Place/apify/brands/costa_coffee/input.json,bronze,04_enrichment_raw,_cross_month,2026-09-23T18:10:47
Google_Place/Google_map/output/results/DIY_Batch01_NotFound_20260702_222334.csv,2231,d303e8335d404fbba0648287d3e127690846cbd77e2f40f69a7f08c6ebf643c6,s3://rii-data-dump/talabat/bronze/bronze/2026-07/04_enrichment_raw/Google_Place/Google_map/output/results/DIY_Batch01_NotFound_20260702_222334.csv,bronze,04_enrichment_raw,2026-07,2026-09-23T18:10:47
map_version2/tim_hortons/input.json,2223,90f5fec6115025ea6f185ec6feb01b8995626156661222a91f6a8c44cf135877,s3://rii-data-dump/talabat/silver/_cross_month/05_classification/map_version2/tim_hortons/input.json,silver,05_classification,_cross_month,2026-09-23T18:10:47
Google_Place/apify/brands/tim_hortons/input.json,2223,90f5fec6115025ea6f185ec6feb01b8995626156661222a91f6a8c44cf135877,s3://rii-data-dump/talabat/bronze/bronze/_cross_month/04_enrichment_raw/Google_Place/apify/brands/tim_hortons/input.json,bronze,04_enrichment_raw,_cross_month,2026-09-23T18:10:47
export/IT_Team_Location/output/manual_review_remaining.csv,2223,9a39bd52489de6dd43a9b74707e906ba92fd911d4621f04497122722abf7fbfb,s3://rii-data-dump/talabat/gold/2026-07/exports/export/IT_Team_Location/output/manual_review_remaining.csv,gold,exports,2026-07,2026-09-23T18:10:47
map_version2/pickl/input.json,2222,6f0ff9e856f1b1197459cd97a2f425e7aafce173a5dff4bc5680b95e812eded0,s3://rii-data-dump/talabat/silver/_cross_month/05_classification/map_version2/pickl/input.json,silver,05_classification,_cross_month,2026-09-23T18:10:47
Google_Place/apify/brands/pickl/input.json,2222,6f0ff9e856f1b1197459cd97a2f425e7aafce173a5dff4bc5680b95e812eded0,s3://rii-data-dump/talabat/bronze/bronze/_cross_month/04_enrichment_raw/Google_Place/apify/brands/pickl/input.json,bronze,04_enrichment_raw,_cross_month,2026-09-23T18:10:47
map_version2/mcdonalds/input.json,2214,a56e65768c32be4057e1aaa701dae8e7e05335b47296251db5ee77ba461e55ef,s3://rii-data-dump/talabat/silver/_cross_month/05_classification/map_version2/mcdonalds/input.json,silver,05_classification,_cross_month,2026-09-23T18:10:47
Google_Place/apify/brands/mcdonalds/input.json,2214,a56e65768c32be4057e1aaa701dae8e7e05335b47296251db5ee77ba461e55ef,s3://rii-data-dump/talabat/bronze/bronze/_cross_month/04_enrichment_raw/Google_Place/apify/brands/mcdonalds/input.json,bronze,04_enrichment_raw,_cross_month,2026-09-23T18:10:47
map_version2/burger_king/input.json,2204,75d7e66e86c52932b8b2240472241aa0366fffdcedbaf90e609f2991c0f40f47,s3://rii-data-dump/talabat/silver/_cross_month/05_classification/map_version2/burger_king/input.json,silver,05_classification,_cross_month,2026-09-23T18:10:47
Google_Place/apify/brands/burger_king/input.json,2204,75d7e66e86c52932b8b2240472241aa0366fffdcedbaf90e609f2991c0f40f47,s3://rii-data-dump/talabat/bronze/bronze/_cross_month/04_enrichment_raw/Google_Place/apify/brands/burger_king/input.json,bronze,04_enrichment_raw,_cross_month,2026-09-23T18:10:47
listing_comparison/output/same_brand_different_branch.csv,2167,4f92b28222bc4bca68b5808d40b6ac524d19d72a2040f186ee360f8824ef7fda,s3://rii-data-dump/talabat/silver/_cross_month/01_listing_compare/listing_comparison/output/same_brand_different_branch.csv,silver,01_listing_compare,_cross_month,2026-09-23T18:10:47
map_version2/pizza_hut/input.json,2156,e9f827c0340f18cc1ece50235151d47527b67eae1ad3536482fec3ebfe8abed3,s3://rii-data-dump/talabat/silver/_cross_month/05_classification/map_version2/pizza_hut/input.json,silver,05_classification,_cross_month,2026-09-23T18:10:47
Google_Place/apify/brands/pizza_hut/input.json,2156,e9f827c0340f18cc1ece50235151d47527b67eae1ad3536482fec3ebfe8abed3,s3://rii-data-dump/talabat/bronze/bronze/_cross_month/04_enrichment_raw/Google_Place/apify/brands/pizza_hut/input.json,bronze,04_enrichment_raw,_cross_month,2026-09-23T18:10:47
map_version2/albaik/input.json,2137,70fdce8dab3d32aa822a407ecebff63b258e8c541341301cf65dfd5ef4ef614f,s3://rii-data-dump/talabat/silver/_cross_month/05_classification/map_version2/albaik/input.json,silver,05_classification,_cross_month,2026-09-23T18:10:47
Google_Place/apify/brands/albaik/input.json,2137,70fdce8dab3d32aa822a407ecebff63b258e8c541341301cf65dfd5ef4ef614f,s3://rii-data-dump/talabat/bronze/bronze/_cross_month/04_enrichment_raw/Google_Place/apify/brands/albaik/input.json,bronze,04_enrichment_raw,_cross_month,2026-09-23T18:10:47
Google_Place/Google_map/output/results/DIY_Batch02_NotFound_20260703_102756.csv,2136,1a8328fd518187dc66ff9170ad838a2609525cc0bf0ba880466cf68061305b21,s3://rii-data-dump/talabat/bronze/bronze/2026-07/04_enrichment_raw/Google_Place/Google_map/output/results/DIY_Batch02_NotFound_20260703_102756.csv,bronze,04_enrichment_raw,2026-07,2026-09-23T18:10:47
Google_Place/Google_map/output/batch_input/diy_batch_test5.json,2135,1a4b5fd2b802e21934b39de9901b0cbff03b8c5be216325b161b9e5a358a7154,s3://rii-data-dump/talabat/bronze/bronze/_cross_month/04_enrichment_raw/Google_Place/Google_map/output/batch_input/diy_batch_test5.json,bronze,04_enrichment_raw,_cross_month,2026-09-23T18:10:47
Google_Place/tav/output/production/production_chunk_20260705_182632.csv,2126,09927e063a8fcad38d637f0a9538cb71e83d7874888fc191c1daa70ac68cd1e7,s3://rii-data-dump/talabat/bronze/bronze/2026-07/04_enrichment_raw/Google_Place/tav/output/production/production_chunk_20260705_182632.csv,bronze,04_enrichment_raw,2026-07,2026-09-23T18:10:47
Google_Place/tav/output/platform_scrape/enrichment_20260704_180158.csv,2111,1bc9f83d09b79b5e0e8c72865de790d2565c1c23cb200632f34aeadc9c48c9ee,s3://rii-data-dump/talabat/bronze/bronze/2026-07/04_enrichment_raw/Google_Place/tav/output/platform_scrape/enrichment_20260704_180158.csv,bronze,04_enrichment_raw,2026-07,2026-09-23T18:10:47
listing_comparison/output/dedupe_needs_review.csv,2104,160830ee8c5b09bf46f63cbcb1bace33c5608bb8e71300b169f172ad94aa9055,s3://rii-data-dump/talabat/silver/_cross_month/01_listing_compare/listing_comparison/output/dedupe_needs_review.csv,silver,01_listing_compare,_cross_month,2026-09-23T18:10:47
map_version2/subway/input.json,2084,05905c04ae462220c75c7e06a0431652c44e0f74bad424f28c494848f19bb83c,s3://rii-data-dump/talabat/silver/_cross_month/05_classification/map_version2/subway/input.json,silver,05_classification,_cross_month,2026-09-23T18:10:47
Google_Place/apify/brands/subway/input.json,2084,05905c04ae462220c75c7e06a0431652c44e0f74bad424f28c494848f19bb83c,s3://rii-data-dump/talabat/bronze/bronze/_cross_month/04_enrichment_raw/Google_Place/apify/brands/subway/input.json,bronze,04_enrichment_raw,_cross_month,2026-09-23T18:10:47
Google_Place/Google_map/output/results/DIY_Batch01_Matched_20260702_220328.csv,2070,de9e78de7eb99e893d4f4b3a5779743d8cad6135af12886eaf19a1ea0e656004,s3://rii-data-dump/talabat/bronze/bronze/2026-07/04_enrichment_raw/Google_Place/Google_map/output/results/DIY_Batch01_Matched_20260702_220328.csv,bronze,04_enrichment_raw,2026-07,2026-09-23T18:10:47
images/data/september_logos/1118655/logo.jpg,2041,,s3://rii-data-dump/inside 2026-09 logos zip,gold,logos,2026-09,2026-09-23T18:10:47
images/data/september_logos/1116640/logo.jpg,1974,,s3://rii-data-dump/inside 2026-09 logos zip,gold,logos,2026-09,2026-09-23T18:10:47
images/data/september_logos/690948/logo.jpg,1971,,s3://rii-data-dump/inside 2026-09 logos zip,gold,logos,2026-09,2026-09-23T18:10:47
Google_Place/test/test_data/mock_api_response.json,1914,f63c16f837b1e57d2bf50c791a7fe23df5b105942f34cea23b9383bc32243d0a,s3://rii-data-dump/talabat/bronze/bronze/_cross_month/04_enrichment_raw/Google_Place/test/test_data/mock_api_response.json,bronze,04_enrichment_raw,_cross_month,2026-09-23T18:10:47
listing_comparison/output/suspected_relistings.csv,1909,8d1baebc3c1fe6e2df9ad637f1eb43f11e11213233aa54684c2ea3e9f21df809,s3://rii-data-dump/talabat/silver/_cross_month/01_listing_compare/listing_comparison/output/suspected_relistings.csv,silver,01_listing_compare,_cross_month,2026-09-23T18:10:47
export/IT_Team_Location/output/canonicalization_map.csv,1794,c6aa8a372ebbfda3e86a815973ff1b94d5d59e1dc566b2eb99c63f0695a8e3ab,s3://rii-data-dump/talabat/gold/2026-07/exports/export/IT_Team_Location/output/canonicalization_map.csv,gold,exports,2026-07,2026-09-23T18:10:47
september/data/september_empty_menu_dropped.csv,1759,3483f55f1c34917f4d94bde6ddd5affbf901b2fd8709d6b88d7a57dd94cbdebb,s3://rii-data-dump/talabat/silver/2026-09/05_classification/september/data/september_empty_menu_dropped.csv,silver,05_classification,2026-09,2026-09-23T18:10:47
export/IT_Team_Location/output/final_normalization_map.csv,1746,bcca1fb76c12ee655dd61ed1800a8aa2562a6927df73b86a4d5e66bf72a054bc,s3://rii-data-dump/talabat/gold/2026-07/exports/export/IT_Team_Location/output/final_normalization_map.csv,gold,exports,2026-07,2026-09-23T18:10:47
september/data/september_dropped_202609.csv,1734,2a23af9874c36a291f50344960531d19929f8297b93e31eadbefada09258f0c9,s3://rii-data-dump/talabat/silver/2026-09/05_classification/september/data/september_dropped_202609.csv,silver,05_classification,2026-09,2026-09-23T18:10:47
tavily/tav_keys.csv,1731,8310a4a9b7ea1540de23293ce50004d03637c7624d5156b57343088bfa4ce947,s3://rii-data-dump/talabat/bronze/bronze/_cross_month/04_enrichment_raw/tavily/tav_keys.csv,bronze,04_enrichment_raw,_cross_month,2026-09-23T18:10:47
menu_refresh/data/refresh_202609/smoke/checkpoint.json,1718,5dc28264e51ceb67b8f802969f254b4ad063580dd7867b7d55c0eb58b0b015c6,s3://rii-data-dump/talabat/ops/2026-09/checkpoints/menu_refresh/data/refresh_202609/smoke/checkpoint.json,ops,checkpoints,2026-09,2026-09-23T18:10:47
map_version2/burger_fuel/output/BURGERFUEL_UAE.json,1699,e982b70b74230e68855179db0bde51181ec7faca5424bd4ea9f8a1f190dd26d5,s3://rii-data-dump/talabat/silver/_cross_month/05_classification/map_version2/burger_fuel/output/BURGERFUEL_UAE.json,silver,05_classification,_cross_month,2026-09-23T18:10:47
Google_Place/apify/brands/burger_fuel/output/BURGERFUEL_UAE.json,1699,e982b70b74230e68855179db0bde51181ec7faca5424bd4ea9f8a1f190dd26d5,s3://rii-data-dump/talabat/bronze/bronze/_cross_month/04_enrichment_raw/Google_Place/apify/brands/burger_fuel/output/BURGERFUEL_UAE.json,bronze,04_enrichment_raw,_cross_month,2026-09-23T18:10:47
unified/data/unified_build_report_202608.json,1690,654c1fa1ca442a4a082dee604ef39ded689e7b0e272a13e42c4a4d4fb173f983,s3://rii-data-dump/talabat/gold/2026-08/unified/unified/data/unified_build_report_202608.json,gold,unified,2026-08,2026-09-23T18:10:47
data/urls/talabat_restaurant_urls_sep_summary.json,1681,9040ef780ee0336beb397ebcdf796d21ce214f95e8ee5efefa50e56e5c5d862f,s3://rii-data-dump/talabat/bronze/bronze/2026-09/02_listings/data/urls/talabat_restaurant_urls_sep_summary.json,bronze,02_listings,2026-09,2026-09-23T18:10:47
talabat_restro_filteration.csv.pre_sept.bak,1635,eed4022152a4ab49a3489e010d3fd154c555e95be6c1ac17ecfa8788b04f8e7f,s3://rii-data-dump/talabat/silver/2026-09/00_working_files/talabat_restro_filteration.csv.pre_sept.bak,silver,00_working_files,2026-09,2026-09-23T18:10:47
Google_Place/apify/brands/known_global_chains.json,1617,2a990bfcc556373ec05bfedc8e0c836834f5bb5c82eb4a5fe6d2d2915c0da320,s3://rii-data-dump/talabat/bronze/bronze/_cross_month/04_enrichment_raw/Google_Place/apify/brands/known_global_chains.json,bronze,04_enrichment_raw,_cross_month,2026-09-23T18:10:47
export/location_sanitization/LOCATION_FIND.csv,1617,a0216c2611b4fe87b0885040ebb6a5227ac269fba896dda16f2c5db3c4bcb8cf,s3://rii-data-dump/talabat/gold/2026-07/exports/export/location_sanitization/LOCATION_FIND.csv,gold,exports,2026-07,2026-09-23T18:10:47
Google_Place/apify/brands/yellow_cab_pizza/output/YELLOW_CAB_PIZZA_UAE.json,1572,4b096a0857df26619e1488a666852ba97e6e58c0e6b02efea01cd845e8c64684,s3://rii-data-dump/talabat/bronze/bronze/_cross_month/04_enrichment_raw/Google_Place/apify/brands/yellow_cab_pizza/output/YELLOW_CAB_PIZZA_UAE.json,bronze,04_enrichment_raw,_cross_month,2026-09-23T18:10:47
september/serve_cuisines.csv,1539,a2361c2b080e087cf3ac2261a429de9a2a170b6d846443f8948a66d3e0881797,s3://rii-data-dump/talabat/silver/2026-09/05_classification/september/serve_cuisines.csv,silver,05_classification,2026-09,2026-09-23T18:10:47
talabat_restro_filteration.csv,1538,6974429150c2875fa651ec88bf7f7c18747138c0c0162a95a640291b9c09b3c3,s3://rii-data-dump/talabat/silver/_cross_month/00_working_files/talabat_restro_filteration.csv,silver,00_working_files,_cross_month,2026-09-23T18:10:48
images/data/august_test_images_confirmed.jsonl,1510,32f9d2c47e626e401f969f2109d1b74d7f61368fb5cece65ccdeba32e1c1cc76,s3://rii-data-dump/talabat/bronze/bronze/2026-08/05_images_raw/images/data/august_test_images_confirmed.jsonl,bronze,05_images_raw,2026-08,2026-09-23T18:10:48
area_classification/data/final_nulls_resolved.json,1502,f29e221995d8df627d32a1cf2dd7241f5060ba947a18ca47617883ff02feb8e6,s3://rii-data-dump/talabat/silver/2026-09/06_areas/area_classification/data/final_nulls_resolved.json,silver,06_areas,2026-09,2026-09-23T18:10:48
Google_Place/apify/brands/local/output/LOCAL_UAE_SUMMARY.csv,1371,54926e0213bb668673c02ff02ca815a92fd7fcea3eecb910865d4c6d8172e7bc,s3://rii-data-dump/talabat/bronze/bronze/_cross_month/04_enrichment_raw/Google_Place/apify/brands/local/output/LOCAL_UAE_SUMMARY.csv,bronze,04_enrichment_raw,_cross_month,2026-09-23T18:10:48
apify/Apify_talabat/brands/local/output/LOCAL_UAE_SUMMARY.csv,1371,54926e0213bb668673c02ff02ca815a92fd7fcea3eecb910865d4c6d8172e7bc,s3://rii-data-dump/talabat/bronze/bronze/_cross_month/04_enrichment_raw/apify/Apify_talabat/brands/local/output/LOCAL_UAE_SUMMARY.csv,bronze,04_enrichment_raw,_cross_month,2026-09-23T18:10:48
Google_Place/tav_keys/TAV.csv,1352,a08bbfc2055aeb9ebbfafa6eb998169cef8f22df51583d227776a714a11d430f,s3://rii-data-dump/talabat/bronze/bronze/_cross_month/04_enrichment_raw/Google_Place/tav_keys/TAV.csv,bronze,04_enrichment_raw,_cross_month,2026-09-23T18:10:48
Google_Place/apify/keys.csv,1272,f0a3a506a610d3bfe9244134ce02b791546e96e7e1e649cb1946e6486d7d1382,s3://rii-data-dump/talabat/bronze/bronze/_cross_month/04_enrichment_raw/Google_Place/apify/keys.csv,bronze,04_enrichment_raw,_cross_month,2026-09-23T18:10:48
september/data/September_export_report.json,1222,aafc5d3920c50122bfcbcd0bfa8e88e30585be835e84b794c853b7a62a1dd03c,s3://rii-data-dump/talabat/gold/2026-09/exports/september/data/September_export_report.json,gold,exports,2026-09,2026-09-23T18:10:48
menu/classification/standard_term_table.csv,1205,10ada8df293ce1658ec5408a36f4d644b40ed91352f942699ce8e8d351e40467,s3://rii-data-dump/talabat/silver/2026-06/03_std_terms/menu/classification/standard_term_table.csv,silver,03_std_terms,2026-06,2026-09-23T18:10:48
Google_Place/apify/brands/uae_confirm_default/output/uae_confirm_default_zero_results.json,1202,ea1fbbe08484d034c5e424fc5195eb45c4fe6541f5d74eaae4ec071060c1e8e0,s3://rii-data-dump/talabat/bronze/bronze/_cross_month/04_enrichment_raw/Google_Place/apify/brands/uae_confirm_default/output/uae_confirm_default_zero_results.json,bronze,04_enrichment_raw,_cross_month,2026-09-23T18:10:48
images/data/logo_download_failed.jsonl,1152,0e03aea6864a39ef5d87ca1c9a2d90d8d0d26f25703db8c25dc450c9b0d94be7,s3://rii-data-dump/talabat/bronze/bronze/2026-07/05_images_raw/images/data/logo_download_failed.jsonl,bronze,05_images_raw,2026-07,2026-09-23T18:10:48
listing_comparison/output/smear_probe_area_corrected.jsonl,1082,1d48c7451e6dba954b5f03400e72302c63d0781c5cc04b6f8f9c4ca872425205,s3://rii-data-dump/talabat/silver/_cross_month/01_listing_compare/listing_comparison/output/smear_probe_area_corrected.jsonl,silver,01_listing_compare,_cross_month,2026-09-23T18:10:48
export/IT_Team_Location/output/non_area_fix_map.csv,1077,9e2b56e4be8b4714fd6d7496c5139058d2e3860e0595e17a5838b57c4a356e49,s3://rii-data-dump/talabat/gold/2026-07/exports/export/IT_Team_Location/output/non_area_fix_map.csv,gold,exports,2026-07,2026-09-23T18:10:48
menu/standard_table.csv,1067,74a0b9097abddf9067dae05928e0ed4aa44f95bdeef0b7d429737cc6f00dd1b1,s3://rii-data-dump/talabat/silver/2026-06/03_std_terms/review/menu/standard_table.csv,silver,03_std_terms/review,2026-06,2026-09-23T18:10:48
map_version2/burger_fuel/output/BURGERFUEL_UAE.csv,1024,6c6dd5e5cf2dc5a8918974d0092701f04038001610b2e7ec368505079ab0674c,s3://rii-data-dump/talabat/silver/_cross_month/05_classification/map_version2/burger_fuel/output/BURGERFUEL_UAE.csv,silver,05_classification,_cross_month,2026-09-23T18:10:48
Google_Place/apify/brands/burger_fuel/output/BURGERFUEL_UAE.csv,1024,6c6dd5e5cf2dc5a8918974d0092701f04038001610b2e7ec368505079ab0674c,s3://rii-data-dump/talabat/bronze/bronze/_cross_month/04_enrichment_raw/Google_Place/apify/brands/burger_fuel/output/BURGERFUEL_UAE.csv,bronze,04_enrichment_raw,_cross_month,2026-09-23T18:10:48
August_menu/data/final_review_report.json,1002,5711e4a8ccccb642baed65097a821a2cd8b22a01008cc7eb60476b9b68a3a6a6,s3://rii-data-dump/talabat/silver/2026-08/02_sanitize/August_menu/data/final_review_report.json,silver,02_sanitize,2026-08,2026-09-23T18:10:48
Google_Place/apify/brands/yellow_cab_pizza/output/YELLOW_CAB_PIZZA_UAE.csv,921,f7765120c0339178a7d6c0564d000f516c3244004ba4931565077ba84c600b90,s3://rii-data-dump/talabat/bronze/bronze/_cross_month/04_enrichment_raw/Google_Place/apify/brands/yellow_cab_pizza/output/YELLOW_CAB_PIZZA_UAE.csv,bronze,04_enrichment_raw,_cross_month,2026-09-23T18:10:48
Google_Place/apify/output/retest_500/UAE_Retest_500_zero_results.json,890,59444261a47de684063681fa89a9c5975a5abe917a7018088fd204d38501e12e,s3://rii-data-dump/talabat/bronze/bronze/_cross_month/04_enrichment_raw/Google_Place/apify/output/retest_500/UAE_Retest_500_zero_results.json,bronze,04_enrichment_raw,_cross_month,2026-09-23T18:10:48
images/data/september_test_images_confirmed.jsonl,875,ab88854dd31835ceab312f0c791af1319fbbe385b227c2652989d7cfbeaaf482,s3://rii-data-dump/talabat/bronze/bronze/2026-09/05_images_raw/images/data/september_test_images_confirmed.jsonl,bronze,05_images_raw,2026-09,2026-09-23T18:10:48
tavily/sub-cuisine.csv,856,6a73d8ba747e3b08f8064d3ca05b10fcce6bfa2b9d24d8dddce4c94c6a6d1391,s3://rii-data-dump/talabat/bronze/bronze/_cross_month/04_enrichment_raw/tavily/sub-cuisine.csv,bronze,04_enrichment_raw,_cross_month,2026-09-23T18:10:48
images/data/august_logo_download_failed.jsonl,856,023817defaac05edf20c95aaaf19f3dcbceeb7b9d5dde4b519083a19b395d79e,s3://rii-data-dump/talabat/bronze/bronze/2026-08/05_images_raw/images/data/august_logo_download_failed.jsonl,bronze,05_images_raw,2026-08,2026-09-23T18:10:48
listing_scraper/smoke_results/_status.json,792,987eab5b2c7805dfc3f21b8b827b86d5e74860ea73c35fc531ef4424093b034e,s3://rii-data-dump/talabat/bronze/bronze/_cross_month/01_zones/listing_scraper/smoke_results/_status.json,bronze,01_zones,_cross_month,2026-09-23T18:10:48
export/IT_Team_Location/output/spelling_normalization_map.csv,754,31470f1c7786124c5232425ff109de078e2e9630fef9625750ef18ddd5a8567f,s3://rii-data-dump/talabat/gold/2026-07/exports/export/IT_Team_Location/output/spelling_normalization_map.csv,gold,exports,2026-07,2026-09-23T18:10:48
Restaurant Identifier/data/failed_urls.jsonl,753,60ac1d142ba9653476dd8703eb9d48d7a489a37b973c8efced6329b2a23f2cbb,s3://rii-data-dump/talabat/bronze/bronze/_cross_month/02_listings/Restaurant Identifier/data/failed_urls.jsonl,bronze,02_listings,_cross_month,2026-09-23T18:10:48
August_classification/data/classification_report.json,747,711cb9691dde1ba3d2a32d4a4e3985c015ac893551b301c58cd2bac3ee9b5308,s3://rii-data-dump/talabat/silver/2026-08/05_classification/August_classification/data/classification_report.json,silver,05_classification,2026-08,2026-09-23T18:10:48
August_menu/data/August_export_validation.json,745,5d2ab92cfef44cd79361f2ea04841ced361c6316e4e3954ee7c2711d1ec57d63,s3://rii-data-dump/talabat/gold/2026-08/exports/August_menu/data/August_export_validation.json,gold,exports,2026-08,2026-09-23T18:10:48
menu_refresh/data/smoke/restaurant_status.jsonl,741,1263aae4575968cd7a793f9d8bf05485d1a7fc083df36817bd1e654f24338a34,s3://rii-data-dump/talabat/silver/2026-08/09_delta/menu_refresh/data/smoke/restaurant_status.jsonl,silver,09_delta,2026-08,2026-09-23T18:10:48
export/IT_Team_Location/output/al_prefix_map.csv,738,1db3becce047ffa969d3e8950b5168145fa15734c2ef20f40566f3acc1bcd75c,s3://rii-data-dump/talabat/gold/2026-07/exports/export/IT_Team_Location/output/al_prefix_map.csv,gold,exports,2026-07,2026-09-23T18:10:48
listing_comparison/output/smear_probe_area_corrected.csv,719,4a2c65bd6f7a50beded747490d2b64963a5377251d27ea456059eb4cc21f2b72,s3://rii-data-dump/talabat/silver/_cross_month/01_listing_compare/listing_comparison/output/smear_probe_area_corrected.csv,silver,01_listing_compare,_cross_month,2026-09-23T18:10:48
Google_Place/talabat_menu/output/unmatched_urls.json,707,1f65b0e3d902159747bf0eefe58aa094acc088afc4ef2d951f057c695872e2ed,s3://rii-data-dump/talabat/bronze/bronze/_cross_month/04_enrichment_raw/Google_Place/talabat_menu/output/unmatched_urls.json,bronze,04_enrichment_raw,_cross_month,2026-09-23T18:10:48
apify/Apify_talabat/talabat_menu/output/unmatched_urls.json,707,1f65b0e3d902159747bf0eefe58aa094acc088afc4ef2d951f057c695872e2ed,s3://rii-data-dump/talabat/bronze/bronze/_cross_month/04_enrichment_raw/apify/Apify_talabat/talabat_menu/output/unmatched_urls.json,bronze,04_enrichment_raw,_cross_month,2026-09-23T18:10:48
Google_Place/apify/kfc_input.json,689,3759d2286161f2ebc9188859d1d5de5a063e6a715c3e3da3ba2419c8cba21fee,s3://rii-data-dump/talabat/bronze/bronze/_cross_month/04_enrichment_raw/Google_Place/apify/kfc_input.json,bronze,04_enrichment_raw,_cross_month,2026-09-23T18:10:48
apify/Apify_talabat/scripts/kfc_input.json,689,3759d2286161f2ebc9188859d1d5de5a063e6a715c3e3da3ba2419c8cba21fee,s3://rii-data-dump/talabat/bronze/bronze/_cross_month/04_enrichment_raw/apify/Apify_talabat/scripts/kfc_input.json,bronze,04_enrichment_raw,_cross_month,2026-09-23T18:10:48
menu_refresh/data/refresh_202609/delta_report_202609.json,663,5f4e55181b994fe0d5c75acb8b80bf57563f0636a26d3d622f7aed71c59f2b5c,s3://rii-data-dump/talabat/silver/2026-09/09_delta/menu_refresh/data/refresh_202609/delta_report_202609.json,silver,09_delta,2026-09,2026-09-23T18:10:48
menu_refresh/data/refresh_202609/stdterm/mapping_report.json,658,eb833a92fc857e4dbc7b4f2323fccee3bae3a0f91e0a9b04a75d1c03836335a1,s3://rii-data-dump/talabat/silver/2026-09/03_std_terms/menu_refresh/data/refresh_202609/stdterm/mapping_report.json,silver,03_std_terms,2026-09,2026-09-23T18:10:48
september/data/menus/mapping_report.json,655,5a5749e985363af5438034a9dc3c2464ee2813d7211e5d85fa38bf5d0da5fd2e,s3://rii-data-dump/talabat/silver/2026-09/02_sanitize/september/data/menus/mapping_report.json,silver,02_sanitize,2026-09,2026-09-23T18:10:48
August_menu/data/mapping_report.json,642,e206213ec165a26bb1693ee28d2ecff99dd7c555c08aa192ef08a6e0751291e8,s3://rii-data-dump/talabat/silver/2026-08/02_sanitize/August_menu/data/mapping_report.json,silver,02_sanitize,2026-08,2026-09-23T18:10:48
August_classification/data_sep/classification_report.json,641,7caa4da65643147dbe005c7a860fcb4fecda8ceeefbc6e69555743a8b8ea2fba,s3://rii-data-dump/talabat/silver/2026-08/05_classification/August_classification/data_sep/classification_report.json,silver,05_classification,2026-08,2026-09-23T18:10:48
August_menu/data/August_export_report.json,623,f96aa7af214103bbacf2ace43cca8294242971955613e82ab21d296c0eb88772,s3://rii-data-dump/talabat/gold/2026-08/exports/August_menu/data/August_export_report.json,gold,exports,2026-08,2026-09-23T18:10:48
unified/data/talabat_unified_202609.extra_validation.json,600,5d16b866bd014719b82c35c6a23151c1f48424eff2d4aa9476684b29cebe20cd,s3://rii-data-dump/talabat/gold/2026-09/unified/unified/data/talabat_unified_202609.extra_validation.json,gold,unified,2026-09,2026-09-23T18:10:48
Google_Place/apify/brands/uae_validation_default/output/uae_validation_default_zero_results.json,600,e85eb67f30024fd8d58603e9350329660c898c16583abc7bd8e8c78a6a549d22,s3://rii-data-dump/talabat/bronze/bronze/_cross_month/04_enrichment_raw/Google_Place/apify/brands/uae_validation_default/output/uae_validation_default_zero_results.json,bronze,04_enrichment_raw,_cross_month,2026-09-23T18:10:48
menu_refresh/data/delta_report.json,589,9de5733114db81cbc2a30943c27ad6f452aed4cfb6b9ce298da17f47a8426aa5,s3://rii-data-dump/talabat/silver/2026-08/09_delta/menu_refresh/data/delta_report.json,silver,09_delta,2026-08,2026-09-23T18:10:48
Google_Place/apify/mnc_apify/key_assignment.json,574,7e5019b71dc293bb0becc03e7dea00d9078da4693171170afdab9bb00b931e74,s3://rii-data-dump/talabat/bronze/bronze/_cross_month/04_enrichment_raw/Google_Place/apify/mnc_apify/key_assignment.json,bronze,04_enrichment_raw,_cross_month,2026-09-23T18:10:48
data/urls/area_progress.json,564,b207c8ef2c6d234b105265da3aa9273a5d656ef620d88ca813d19c5d340d347b,s3://rii-data-dump/talabat/bronze/bronze/_cross_month/02_listings/data/urls/area_progress.json,bronze,02_listings,_cross_month,2026-09-23T18:10:48
menu_refresh/data/refresh_202609/newitems/sanitize_exceptions.csv,521,affc1af46fe77c92d9acdcf9125c78b8f9eb8954e806aa3baca7b6d4b9a08606,s3://rii-data-dump/talabat/silver/2026-09/02_sanitize/menu_refresh/data/refresh_202609/newitems/sanitize_exceptions.csv,silver,02_sanitize,2026-09,2026-09-23T18:10:48
address_audit/data/_proxy_test.csv,509,386ba7d58f40c52e0c808161ffc2a07b4c79068284113f1cb0e66f2b10d76f28,s3://rii-data-dump/talabat/silver/2026-09/07_addresses/address_audit/data/_proxy_test.csv,silver,07_addresses,2026-09,2026-09-23T18:10:48
menu_refresh/data/smoke_targets.jsonl,506,2559b083c2eef2bcffcfd0d6306f60a01717234384a9cdd042b8c52e67037c93,s3://rii-data-dump/talabat/silver/2026-08/09_delta/menu_refresh/data/smoke_targets.jsonl,silver,09_delta,2026-08,2026-09-23T18:10:48
August_menu/data/sanitize_report.json,505,0124ed3759bfcf06b9429c141e3a2fc0279c7e9ddbded9ed3f1ab784392bd4da,s3://rii-data-dump/talabat/silver/2026-08/02_sanitize/August_menu/data/sanitize_report.json,silver,02_sanitize,2026-08,2026-09-23T18:10:48
area_classification/data/cleaning_report.json,504,9288b60ab261d328ec5368e972ab123031729b47c21629230416678ba436e521,s3://rii-data-dump/talabat/silver/2026-09/06_areas/area_classification/data/cleaning_report.json,silver,06_areas,2026-09,2026-09-23T18:10:48
menu_refresh/data/refresh_202609/newitems/sanitize_report.json,494,f5937435620af43593c8525f09879035a10ab3d6ad98b13f4a03ec979780bc70,s3://rii-data-dump/talabat/silver/2026-09/02_sanitize/menu_refresh/data/refresh_202609/newitems/sanitize_report.json,silver,02_sanitize,2026-09,2026-09-23T18:10:48
August_menu/data/August_export_exceptions.json,493,7f1d6a10afbd7783a690c29d483d90fab52efe69f65950267a73e1001a1686f7,s3://rii-data-dump/talabat/gold/2026-08/exports/August_menu/data/August_export_exceptions.json,gold,exports,2026-08,2026-09-23T18:10:48
data/urls/talabat_restaurant_urls_summary.json,484,688b0fbf1daa5119745704dce968def328fc66020d561bb4b25cc5b21cdc090c,s3://rii-data-dump/talabat/bronze/bronze/_cross_month/02_listings/data/urls/talabat_restaurant_urls_summary.json,bronze,02_listings,_cross_month,2026-09-23T18:10:48
listing_comparison/output/batch_2026-08-11_identity_summary.json,473,e07551456fbb591b2d87b976079cace3b333a84d25a40e2d110fa6b6d0fc80a2,s3://rii-data-dump/talabat/silver/_cross_month/01_listing_compare/listing_comparison/output/batch_2026-08-11_identity_summary.json,silver,01_listing_compare,_cross_month,2026-09-23T18:10:48
september/data/menus/sanitize_report.json,466,68164b30a3ab08ec67fb05065209c3412c30852f9917a4ceb9dedefb72de3fb0,s3://rii-data-dump/talabat/silver/2026-09/02_sanitize/september/data/menus/sanitize_report.json,silver,02_sanitize,2026-09,2026-09-23T18:10:48
menu_refresh/data/July_menu_update_validation.json,458,192134aa87982f3f378d4f25e2beaa8d29978e5577e162c7f12cd03dba9daaa4,s3://rii-data-dump/talabat/gold/2026-07/exports/menu_refresh/data/July_menu_update_validation.json,gold,exports,2026-07,2026-09-23T18:10:48
listing_comparison/output/identity_summary.json,441,bab7866af4f24677939636e04a563361cb1f2cff7aa0782eccd3163c7e38d926,s3://rii-data-dump/talabat/silver/_cross_month/01_listing_compare/listing_comparison/output/identity_summary.json,silver,01_listing_compare,_cross_month,2026-09-23T18:10:48
listing_comparison/output/sept_full_2026-09-08_identity_summary.json,438,908639db93a7d5a6070d01e31bbea752f735466121633225341003f3a4471e31,s3://rii-data-dump/talabat/silver/2026-09/01_listing_compare/listing_comparison/output/sept_full_2026-09-08_identity_summary.json,silver,01_listing_compare,2026-09,2026-09-23T18:10:48
listing_comparison/output/batch_2026-09-08_identity_summary.json,433,f9acf4eb2cef0d576ade3e59d1aab07a7e58f6ed25f019a2f92705125a01b775,s3://rii-data-dump/talabat/silver/_cross_month/01_listing_compare/listing_comparison/output/batch_2026-09-08_identity_summary.json,silver,01_listing_compare,_cross_month,2026-09-23T18:10:48
listing_comparison/output/sept_2026-09-08_identity_summary.json,433,f9acf4eb2cef0d576ade3e59d1aab07a7e58f6ed25f019a2f92705125a01b775,s3://rii-data-dump/talabat/silver/2026-09/01_listing_compare/listing_comparison/output/sept_2026-09-08_identity_summary.json,silver,01_listing_compare,2026-09,2026-09-23T18:10:48
August_menu/data/August_export_finalize_report.json,414,ee87cfdd2b07ec42a0851a399cbc11e6bb4e9559a738134f67e219fe2f4ae579,s3://rii-data-dump/talabat/gold/2026-08/exports/August_menu/data/August_export_finalize_report.json,gold,exports,2026-08,2026-09-23T18:10:48
Postgre/migration_checkpoint.json,410,a3a2214bd68c4f77ce7ea763956d3d891f73938849ee4c9d2b65eaad01233ab5,s3://rii-data-dump/talabat/ops/_cross_month/checkpoints/Postgre/migration_checkpoint.json,ops,checkpoints,_cross_month,2026-09-23T18:10:48
unified/data/unified_validation.json,404,66c2dbe25864cef342220bc81eabeeb68aa9141ad2cd229b23b04f32bcf844bc,s3://rii-data-dump/talabat/gold/_cross_month/unified/unified/data/unified_validation.json,gold,unified,_cross_month,2026-09-23T18:10:48
menu_refresh/data/std_term_report_august.json,402,e81446a9aad4177ddd6f0be358d4a2416db775e9f7b5f7b123d9fcc419d883af,s3://rii-data-dump/talabat/silver/2026-08/03_std_terms/menu_refresh/data/std_term_report_august.json,silver,03_std_terms,2026-08,2026-09-23T18:10:48
unified/data/unified_validation_202609.json,383,83742acdc5c8bfa676706536e186479804fc150989fd02f62f5955a1598757f8,s3://rii-data-dump/talabat/gold/2026-09/unified/unified/data/unified_validation_202609.json,gold,unified,2026-09,2026-09-23T18:10:48
Google_Place/apify/sept_chicken/key_assignment.json,353,f4f164922d6906def99e9ca93e333a7e63cce268cf4d865d16cb982eff3963bb,s3://rii-data-dump/talabat/bronze/bronze/2026-09/04_enrichment_raw/Google_Place/apify/sept_chicken/key_assignment.json,bronze,04_enrichment_raw,2026-09,2026-09-23T18:10:48
unified/data/unified_202609_new_items_dropped.csv,345,be77bf02ec9de5a2a5dcd44de030770b433ec7bd4a8b68f8337737c4c77e3685,s3://rii-data-dump/talabat/silver/2026-09/08_validation/unified/data/unified_202609_new_items_dropped.csv,silver,08_validation,2026-09,2026-09-23T18:10:48
unified/data/label_conflict_report.json,334,d6f6aae5b190e6bccd29207f397c7825ef62677716485aed33075571ae71a3a9,s3://rii-data-dump/talabat/silver/_cross_month/03_std_terms/unified/data/label_conflict_report.json,silver,03_std_terms,_cross_month,2026-09-23T18:10:48
september/data/new_listings_split_202609.json,329,53263b51afa91faf18cb92d0d70934db2a04e612223c706f2bbc2de7c736d73c,s3://rii-data-dump/talabat/bronze/bronze/2026-09/02_listings/september/data/new_listings_split_202609.json,bronze,02_listings,2026-09,2026-09-23T18:10:48
menu_refresh/data/July_menu_update_report.json,329,14664c22e7f21d8ad8d5ab6b0723d23821c4ed3d30537ca7e75886c3d3d59da7,s3://rii-data-dump/talabat/gold/2026-07/exports/menu_refresh/data/July_menu_update_report.json,gold,exports,2026-07,2026-09-23T18:10:48
tavily/cache/results_cache.json,267,9aef3429bd75087f9529eff644bebca96f8900ed4c599e0f178416cd16541bed,s3://rii-data-dump/talabat/bronze/bronze/_cross_month/04_enrichment_raw/tavily/cache/results_cache.json,bronze,04_enrichment_raw,_cross_month,2026-09-23T18:10:48
area_classification/data/validation_report.json,265,c009f8ebb251054d9c9d44e424025c0f7aa46964250405d6773b5b4537e5bf16,s3://rii-data-dump/talabat/silver/2026-09/06_areas/area_classification/data/validation_report.json,silver,06_areas,2026-09,2026-09-23T18:10:48
August_classification/data_sep/mnc_claims_for_review.csv,263,1e6d11b750353a818b3841ef98e4bcc51b2b47907bc407d17e85fc1cc901f838,s3://rii-data-dump/talabat/silver/2026-08/03_std_terms/review/August_classification/data_sep/mnc_claims_for_review.csv,silver,03_std_terms/review,2026-08,2026-09-23T18:10:48
listing_comparison/output/dedupe_summary.json,258,793ce8c3fc6bf2394a879d4ff406487c5da70e038ab3b2c507670129e9265306,s3://rii-data-dump/talabat/silver/_cross_month/01_listing_compare/listing_comparison/output/dedupe_summary.json,silver,01_listing_compare,_cross_month,2026-09-23T18:10:48
Google_Place/apify/mnc_apify/mnc_apify.csv,240,c364c40c006940871f6fee0eaa81dfbb32a8f298c3228960df8541bd06e8766d,s3://rii-data-dump/talabat/bronze/bronze/_cross_month/04_enrichment_raw/Google_Place/apify/mnc_apify/mnc_apify.csv,bronze,04_enrichment_raw,_cross_month,2026-09-23T18:10:48
listing_comparison/output/relisting_summary.json,236,003a1e7c1ffa49fbbf593a84988fd26713f56679c9434d2d923391a27a19b271,s3://rii-data-dump/talabat/silver/_cross_month/01_listing_compare/listing_comparison/output/relisting_summary.json,silver,01_listing_compare,_cross_month,2026-09-23T18:10:48
menu_refresh/data/review_applied_report.json,229,105269237bff9e26d37aaf927e1f91483c4be053f4cf62c8b570cd3573843f44,s3://rii-data-dump/talabat/silver/2026-08/09_delta/menu_refresh/data/review_applied_report.json,silver,09_delta,2026-08,2026-09-23T18:10:48
menu_refresh/data/collapsed_names_report.json,191,a1ee4efd54d588ea3709c9e91a81694e82a6ee6e143bba03ec7edf7fd0f3dc43,s3://rii-data-dump/talabat/silver/2026-08/09_delta/menu_refresh/data/collapsed_names_report.json,silver,09_delta,2026-08,2026-09-23T18:10:48
tavily/Cuisine Type.csv,157,0c6d5826e07e271f7666432fc91c2b5058ed3d9a61df10aa744d6d5c1abea1cc,s3://rii-data-dump/talabat/bronze/bronze/_cross_month/04_enrichment_raw/tavily/Cuisine Type.csv,bronze,04_enrichment_raw,_cross_month,2026-09-23T18:10:49
menu_refresh/data/nonfood_candidates_report.json,155,dc9191515703281cf4461cd2873652d45cc1c2812a25faef4f90136a3942cc70,s3://rii-data-dump/talabat/silver/2026-08/09_delta/menu_refresh/data/nonfood_candidates_report.json,silver,09_delta,2026-08,2026-09-23T18:10:49
export/IT_Team_Location/output/remaining_same_area_chains.csv,150,350dae04d81abe6a7a5318cf2c8aa5569c059486ec372d3faa20907b99e307c5,s3://rii-data-dump/talabat/gold/2026-07/exports/export/IT_Team_Location/output/remaining_same_area_chains.csv,gold,exports,2026-07,2026-09-23T18:10:49
export/IT_Team_Location/output/khalidiyah_merge_map.csv,144,7a6f40bc2d050e9ed550d060ff2bfc9f41924d89aa863825d189b7ba6a980f64,s3://rii-data-dump/talabat/gold/2026-07/exports/export/IT_Team_Location/output/khalidiyah_merge_map.csv,gold,exports,2026-07,2026-09-23T18:10:49
Google_Place/talabat_menu/output/progress.json,140,8da5cde749e98e432eefbd396e15cba174f9e97c09c0abfc02a565b313e532d9,s3://rii-data-dump/talabat/bronze/bronze/_cross_month/04_enrichment_raw/Google_Place/talabat_menu/output/progress.json,bronze,04_enrichment_raw,_cross_month,2026-09-23T18:10:49
apify/Apify_talabat/talabat_menu/output/progress.json,140,8da5cde749e98e432eefbd396e15cba174f9e97c09c0abfc02a565b313e532d9,s3://rii-data-dump/talabat/bronze/bronze/_cross_month/04_enrichment_raw/apify/Apify_talabat/talabat_menu/output/progress.json,bronze,04_enrichment_raw,_cross_month,2026-09-23T18:10:49
menu_refresh/data/smoke/checkpoint.json,138,9eb9e5ab5b6688b406c09a5204df5bec1f88bbad7b24d1c84708f571fa1ffd37,s3://rii-data-dump/talabat/ops/2026-08/checkpoints/menu_refresh/data/smoke/checkpoint.json,ops,checkpoints,2026-08,2026-09-23T18:10:49
images/data/august_test_checkpoint.json,135,4a248579b4fd9080ee75e6301a33359a94d9b34474fa569788cf021688d572b7,s3://rii-data-dump/talabat/ops/2026-08/checkpoints/images/data/august_test_checkpoint.json,ops,checkpoints,2026-08,2026-09-23T18:10:49
Google_Place/talabat_menu/output/no_menu_restaurants.json,130,4f821dd074cbf0b093f12d98f1bf38ca4f08e7b5af71e3807804cdc08429ab11,s3://rii-data-dump/talabat/bronze/bronze/_cross_month/04_enrichment_raw/Google_Place/talabat_menu/output/no_menu_restaurants.json,bronze,04_enrichment_raw,_cross_month,2026-09-23T18:10:49
apify/Apify_talabat/talabat_menu/output/no_menu_restaurants.json,130,4f821dd074cbf0b093f12d98f1bf38ca4f08e7b5af71e3807804cdc08429ab11,s3://rii-data-dump/talabat/bronze/bronze/_cross_month/04_enrichment_raw/apify/Apify_talabat/talabat_menu/output/no_menu_restaurants.json,bronze,04_enrichment_raw,_cross_month,2026-09-23T18:10:49
images/data/september_test_checkpoint.json,115,e783220dd153709c16d411cc70f6daee4d9c4516f54b15006cb737233f216668,s3://rii-data-dump/talabat/ops/2026-09/checkpoints/images/data/september_test_checkpoint.json,ops,checkpoints,2026-09,2026-09-23T18:10:49
images/data/test_checkpoint.json,115,d5ed362b9919358fffc9d522442b8a8637ce1aac68bc91f16af2df433e9a24a7,s3://rii-data-dump/talabat/ops/2026-07/checkpoints/images/data/test_checkpoint.json,ops,checkpoints,2026-07,2026-09-23T18:10:49
export/IT_Team_Location/output/area_needs_review.csv,102,90d35829794bc9fc85a3a9024b3a2203d6b7bc6a14c6d4ff452d9ea5fc9fb306,s3://rii-data-dump/talabat/gold/2026-07/exports/export/IT_Team_Location/output/area_needs_review.csv,gold,exports,2026-07,2026-09-23T18:10:49
Google_Place/test/test_data/sample_5.csv,89,20db22ae18db9d15c793caf65f8e51daa338e2ebebe767358b142158d82a0145,s3://rii-data-dump/talabat/bronze/bronze/_cross_month/04_enrichment_raw/Google_Place/test/test_data/sample_5.csv,bronze,04_enrichment_raw,_cross_month,2026-09-23T18:10:49
menu_refresh/data/name_consistency_report.json,56,f1eb3041d1c1684cb886a3b0faff8ea77048dddf782fddad2aec03ead042b5a4,s3://rii-data-dump/talabat/silver/2026-08/09_delta/menu_refresh/data/name_consistency_report.json,silver,09_delta,2026-08,2026-09-23T18:10:49
Google_Place/apify/brands/uae_validation_chains/output/uae_validation_chains_zero_results.json,46,35aef058f7f85556ed8a9d6d5dcdbb5577086bd0d3c8ebdeae9a0c8a00e24112,s3://rii-data-dump/talabat/bronze/bronze/_cross_month/04_enrichment_raw/Google_Place/apify/brands/uae_validation_chains/output/uae_validation_chains_zero_results.json,bronze,04_enrichment_raw,_cross_month,2026-09-23T18:10:49
Google_Place/Google_map/output/results/DIY_Batch01_NotFound_20260702_220328.json,2,4f53cda18c2baa0c0354bb5f9a3ecbe5ed12ab4d8e11ba873c2f11161202b945,s3://rii-data-dump/talabat/bronze/bronze/2026-07/04_enrichment_raw/Google_Place/Google_map/output/results/DIY_Batch01_NotFound_20260702_220328.json,bronze,04_enrichment_raw,2026-07,2026-09-23T18:10:49
september/data/menus/removed_corrupt_prices.jsonl,0,e3b0c44298fc1c149afbf4c8996fb92427ae41e4649b934ca495991b7852b855,s3://rii-data-dump/talabat/silver/2026-09/02_sanitize/september/data/menus/removed_corrupt_prices.jsonl,silver,02_sanitize,2026-09,2026-09-23T18:10:49
september/data/menus/removed_non_restaurants.jsonl,0,e3b0c44298fc1c149afbf4c8996fb92427ae41e4649b934ca495991b7852b855,s3://rii-data-dump/talabat/silver/2026-09/02_sanitize/september/data/menus/removed_non_restaurants.jsonl,silver,02_sanitize,2026-09,2026-09-23T18:10:49
menu_refresh/data/refresh_202609/scrape/failed.jsonl,0,e3b0c44298fc1c149afbf4c8996fb92427ae41e4649b934ca495991b7852b855,s3://rii-data-dump/talabat/bronze/bronze/2026-09/03_menus_raw/menu_refresh/data/refresh_202609/scrape/failed.jsonl,bronze,03_menus_raw,2026-09,2026-09-23T18:10:49
images/data/images_failed.jsonl,0,e3b0c44298fc1c149afbf4c8996fb92427ae41e4649b934ca495991b7852b855,s3://rii-data-dump/talabat/bronze/bronze/2026-07/05_images_raw/images/data/images_failed.jsonl,bronze,05_images_raw,2026-07,2026-09-23T18:10:49
images/data/september_logo_download_failed.jsonl,0,e3b0c44298fc1c149afbf4c8996fb92427ae41e4649b934ca495991b7852b855,s3://rii-data-dump/talabat/bronze/bronze/2026-09/05_images_raw/images/data/september_logo_download_failed.jsonl,bronze,05_images_raw,2026-09,2026-09-23T18:10:49
images/data/test_logo_download_failed.jsonl,0,e3b0c44298fc1c149afbf4c8996fb92427ae41e4649b934ca495991b7852b855,s3://rii-data-dump/talabat/bronze/bronze/2026-07/05_images_raw/images/data/test_logo_download_failed.jsonl,bronze,05_images_raw,2026-07,2026-09-23T18:10:49
data/urls/talabat_restaurant_urls_sep_failed_pages.jsonl,0,e3b0c44298fc1c149afbf4c8996fb92427ae41e4649b934ca495991b7852b855,s3://rii-data-dump/talabat/bronze/bronze/2026-09/02_listings/data/urls/talabat_restaurant_urls_sep_failed_pages.jsonl,bronze,02_listings,2026-09,2026-09-23T18:10:49
